2025-11-20 10:12:11,060 - Knowledge - INFO - Created shared MongoDB connection pool
2025-11-20 10:12:11,392 - Knowledge - INFO - Starting Knowledge Graph processing with 20 threads
2025-11-20 10:12:11,542 - Knowledge - INFO - Initial configuration: chunk_size=65536, max_cache_size=500
2025-11-20 10:12:11,734 - Knowledge - INFO - Knowledge Graph concurrency configuration: workers=20, max_batch_size=25, max_concurrent_llm_calls=50
2025-11-20 10:12:12,759 - Knowledge - INFO - 🔍 _load_persisted_knowledge called - checking for Redis optimization
2025-11-20 10:12:12,910 - Knowledge - WARNING - ❌ load_from_redis method not found - Redis support not attached
2025-11-20 10:12:13,102 - Knowledge - INFO - load persisted knowledge: begin
2025-11-20 10:12:15,070 - Knowledge - INFO - Persisted knowledge files in /app/data/tataelxsimockapisolutions5451/313/b861537/mytv-ott-hello-world-android-tv-91585-319/.knowledge have been renamed to use .json
2025-11-20 10:12:15,278 - Knowledge - INFO - Found code-base-name: android_tv_frontend
2025-11-20 10:12:15,507 - Knowledge - INFO - Code base not found for android_tv_frontend. Joining with Knowledge base_path: True.
2025-11-20 10:12:15,703 - Knowledge - INFO - /app/data/tataelxsimockapisolutions5451/313/b861537/mytv-ott-hello-world-android-tv-91585-319
2025-11-20 10:12:15,886 - Knowledge - INFO - process ingested knowledge for /app/data/tataelxsimockapisolutions5451/313/b861537/mytv-ott-hello-world-android-tv-91585-319/android_tv_frontend/app/src/main/res/values/themes.xml
2025-11-20 10:12:16,050 - Knowledge - INFO - [FILE_READ] Completed: themes.xml, Duration: 2ms, Size: 3377
2025-11-20 10:12:16,251 - Knowledge - INFO - Found code-base-name: android_tv_frontend
2025-11-20 10:12:16,450 - Knowledge - INFO - Code base not found for android_tv_frontend. Joining with Knowledge base_path: True.
2025-11-20 10:12:16,622 - Knowledge - INFO - /app/data/tataelxsimockapisolutions5451/313/b861537/mytv-ott-hello-world-android-tv-91585-319
2025-11-20 10:12:16,804 - Knowledge - INFO - process ingested knowledge for /app/data/tataelxsimockapisolutions5451/313/b861537/mytv-ott-hello-world-android-tv-91585-319/android_tv_frontend/app/src/main/java/com/example/tv/data/api/ApiService.kt
2025-11-20 10:12:16,982 - Knowledge - INFO - [FILE_READ] Completed: ApiService.kt, Duration: 2ms, Size: 4460
2025-11-20 10:12:17,162 - Knowledge - INFO - Found code-base-name: android_tv_frontend
2025-11-20 10:12:17,362 - Knowledge - INFO - Code base not found for android_tv_frontend. Joining with Knowledge base_path: True.
2025-11-20 10:12:17,556 - Knowledge - INFO - /app/data/tataelxsimockapisolutions5451/313/b861537/mytv-ott-hello-world-android-tv-91585-319
2025-11-20 10:12:17,728 - Knowledge - INFO - process ingested knowledge for /app/data/tataelxsimockapisolutions5451/313/b861537/mytv-ott-hello-world-android-tv-91585-319/android_tv_frontend/app/src/main/res/drawable/bg_unfocused_state.xml
2025-11-20 10:12:17,885 - Knowledge - INFO - [FILE_READ] Completed: bg_unfocused_state.xml, Duration: 2ms, Size: 402
2025-11-20 10:12:18,072 - Knowledge - INFO - Found code-base-name: android_tv_frontend
2025-11-20 10:12:18,279 - Knowledge - INFO - Code base not found for android_tv_frontend. Joining with Knowledge base_path: True.
2025-11-20 10:12:18,431 - Knowledge - INFO - /app/data/tataelxsimockapisolutions5451/313/b861537/mytv-ott-hello-world-android-tv-91585-319
2025-11-20 10:12:18,623 - Knowledge - INFO - process ingested knowledge for /app/data/tataelxsimockapisolutions5451/313/b861537/mytv-ott-hello-world-android-tv-91585-319/android_tv_frontend/app/src/main/res/drawable/thumb_5.xml
2025-11-20 10:12:18,831 - Knowledge - INFO - [FILE_READ] Completed: thumb_5.xml, Duration: 2ms, Size: 462
2025-11-20 10:12:18,995 - Knowledge - INFO - Found code-base-name: android_tv_frontend
2025-11-20 10:12:19,180 - Knowledge - INFO - Code base not found for android_tv_frontend. Joining with Knowledge base_path: True.
2025-11-20 10:12:19,380 - Knowledge - INFO - /app/data/tataelxsimockapisolutions5451/313/b861537/mytv-ott-hello-world-android-tv-91585-319
2025-11-20 10:12:19,587 - Knowledge - INFO - process ingested knowledge for /app/data/tataelxsimockapisolutions5451/313/b861537/mytv-ott-hello-world-android-tv-91585-319/android_tv_frontend/utilities/build.gradle
2025-11-20 10:12:19,759 - Knowledge - INFO - [FILE_READ] Completed: build.gradle, Duration: 4ms, Size: 547
2025-11-20 10:12:19,925 - Knowledge - INFO - Found code-base-name: android_tv_frontend
2025-11-20 10:12:20,130 - Knowledge - INFO - Code base not found for android_tv_frontend. Joining with Knowledge base_path: True.
2025-11-20 10:12:20,308 - Knowledge - INFO - /app/data/tataelxsimockapisolutions5451/313/b861537/mytv-ott-hello-world-android-tv-91585-319
2025-11-20 10:12:20,510 - Knowledge - INFO - process ingested knowledge for /app/data/tataelxsimockapisolutions5451/313/b861537/mytv-ott-hello-world-android-tv-91585-319/android_tv_frontend/app/src/main/res/drawable/tv_focus_ripple.xml
2025-11-20 10:12:20,666 - Knowledge - INFO - [FILE_READ] Completed: tv_focus_ripple.xml, Duration: 2ms, Size: 457
2025-11-20 10:12:20,845 - Knowledge - INFO - Found code-base-name: android_tv_frontend
2025-11-20 10:12:21,026 - Knowledge - INFO - Code base not found for android_tv_frontend. Joining with Knowledge base_path: True.
2025-11-20 10:12:21,221 - Knowledge - INFO - /app/data/tataelxsimockapisolutions5451/313/b861537/mytv-ott-hello-world-android-tv-91585-319
2025-11-20 10:12:21,376 - Knowledge - INFO - process ingested knowledge for /app/data/tataelxsimockapisolutions5451/313/b861537/mytv-ott-hello-world-android-tv-91585-319/android_tv_frontend/list/build.gradle
2025-11-20 10:12:21,577 - Knowledge - INFO - [FILE_READ] Completed: build.gradle, Duration: 2ms, Size: 517
2025-11-20 10:12:21,802 - Knowledge - INFO - Found code-base-name: android_tv_frontend
2025-11-20 10:12:22,002 - Knowledge - INFO - Code base not found for android_tv_frontend. Joining with Knowledge base_path: True.
2025-11-20 10:12:22,204 - Knowledge - INFO - /app/data/tataelxsimockapisolutions5451/313/b861537/mytv-ott-hello-world-android-tv-91585-319
2025-11-20 10:12:22,385 - Knowledge - INFO - process ingested knowledge for /app/data/tataelxsimockapisolutions5451/313/b861537/mytv-ott-hello-world-android-tv-91585-319/android_tv_frontend/utilities/src/main/kotlin/org/example/utilities/StringUtils.kt
2025-11-20 10:12:22,541 - Knowledge - INFO - [FILE_READ] Completed: StringUtils.kt, Duration: 2ms, Size: 268
2025-11-20 10:12:22,754 - Knowledge - INFO - Found code-base-name: android_tv_frontend
2025-11-20 10:12:22,962 - Knowledge - INFO - Code base not found for android_tv_frontend. Joining with Knowledge base_path: True.
2025-11-20 10:12:23,171 - Knowledge - INFO - /app/data/tataelxsimockapisolutions5451/313/b861537/mytv-ott-hello-world-android-tv-91585-319
2025-11-20 10:12:23,324 - Knowledge - INFO - process ingested knowledge for /app/data/tataelxsimockapisolutions5451/313/b861537/mytv-ott-hello-world-android-tv-91585-319/android_tv_frontend/app/src/main/res/values/missing_theme_resources.xml
2025-11-20 10:12:23,512 - Knowledge - INFO - [FILE_READ] Completed: missing_theme_resources.xml, Duration: 2ms, Size: 711
2025-11-20 10:12:23,710 - Knowledge - INFO - Found code-base-name: android_tv_frontend
2025-11-20 10:12:23,883 - Knowledge - INFO - Code base not found for android_tv_frontend. Joining with Knowledge base_path: True.
2025-11-20 10:12:24,068 - Knowledge - INFO - /app/data/tataelxsimockapisolutions5451/313/b861537/mytv-ott-hello-world-android-tv-91585-319
2025-11-20 10:12:24,276 - Knowledge - INFO - process ingested knowledge for /app/data/tataelxsimockapisolutions5451/313/b861537/mytv-ott-hello-world-android-tv-91585-319/android_tv_frontend/app/src/main/java/com/example/tv/ui/home/ImageCacheUtils.kt
2025-11-20 10:12:24,475 - Knowledge - INFO - [FILE_READ] Completed: ImageCacheUtils.kt, Duration: 2ms, Size: 1699
2025-11-20 10:12:24,688 - Knowledge - INFO - Found code-base-name: android_tv_frontend
2025-11-20 10:12:24,858 - Knowledge - INFO - Code base not found for android_tv_frontend. Joining with Knowledge base_path: True.
2025-11-20 10:12:25,056 - Knowledge - INFO - /app/data/tataelxsimockapisolutions5451/313/b861537/mytv-ott-hello-world-android-tv-91585-319
2025-11-20 10:12:25,312 - Knowledge - INFO - process ingested knowledge for /app/data/tataelxsimockapisolutions5451/313/b861537/mytv-ott-hello-world-android-tv-91585-319/android_tv_frontend/app/src/main/res/values/more_nord_colors.xml
2025-11-20 10:12:25,542 - Knowledge - INFO - [FILE_READ] Completed: more_nord_colors.xml, Duration: 5ms, Size: 230
2025-11-20 10:12:25,695 - Knowledge - INFO - Found code-base-name: android_tv_frontend
2025-11-20 10:12:25,867 - Knowledge - INFO - Code base not found for android_tv_frontend. Joining with Knowledge base_path: True.
2025-11-20 10:12:26,038 - Knowledge - INFO - /app/data/tataelxsimockapisolutions5451/313/b861537/mytv-ott-hello-world-android-tv-91585-319
2025-11-20 10:12:26,229 - Knowledge - INFO - process ingested knowledge for /app/data/tataelxsimockapisolutions5451/313/b861537/mytv-ott-hello-world-android-tv-91585-319/android_tv_frontend/utilities/build/intermediates/incremental/release/packageReleaseResources/merger.xml
2025-11-20 10:12:26,415 - Knowledge - INFO - [FILE_READ] Completed: merger.xml, Duration: 2ms, Size: 2190
2025-11-20 10:12:26,605 - Knowledge - INFO - Found code-base-name: android_tv_frontend
2025-11-20 10:12:26,765 - Knowledge - INFO - Code base not found for android_tv_frontend. Joining with Knowledge base_path: True.
2025-11-20 10:12:26,931 - Knowledge - INFO - /app/data/tataelxsimockapisolutions5451/313/b861537/mytv-ott-hello-world-android-tv-91585-319
2025-11-20 10:12:27,147 - Knowledge - INFO - process ingested knowledge for /app/data/tataelxsimockapisolutions5451/313/b861537/mytv-ott-hello-world-android-tv-91585-319/android_tv_frontend/list/build/intermediates/incremental/lintAnalyzeDebugAndroidTest/debug.xml
2025-11-20 10:12:27,355 - Knowledge - INFO - [FILE_READ] Completed: debug.xml, Duration: 2ms, Size: 1429
2025-11-20 10:12:27,547 - Knowledge - INFO - Found code-base-name: android_tv_frontend
2025-11-20 10:12:27,725 - Knowledge - INFO - Code base not found for android_tv_frontend. Joining with Knowledge base_path: True.
2025-11-20 10:12:27,927 - Knowledge - INFO - /app/data/tataelxsimockapisolutions5451/313/b861537/mytv-ott-hello-world-android-tv-91585-319
2025-11-20 10:12:28,103 - Knowledge - INFO - process ingested knowledge for /app/data/tataelxsimockapisolutions5451/313/b861537/mytv-ott-hello-world-android-tv-91585-319/android_tv_frontend/utilities/build/intermediates/lint-cache/lintAnalyzeDebug/maven.google/master-index.xml
2025-11-20 10:12:28,294 - Knowledge - INFO - [FILE_READ] Completed: master-index.xml, Duration: 2ms, Size: 9656
2025-11-20 10:12:28,493 - Knowledge - INFO - Found code-base-name: android_tv_frontend
2025-11-20 10:12:28,663 - Knowledge - INFO - Code base not found for android_tv_frontend. Joining with Knowledge base_path: True.
2025-11-20 10:12:28,838 - Knowledge - INFO - /app/data/tataelxsimockapisolutions5451/313/b861537/mytv-ott-hello-world-android-tv-91585-319
2025-11-20 10:12:29,035 - Knowledge - INFO - process ingested knowledge for /app/data/tataelxsimockapisolutions5451/313/b861537/mytv-ott-hello-world-android-tv-91585-319/android_tv_frontend/build/reports/problems/problems-report.html
2025-11-20 10:12:29,214 - Knowledge - INFO - [FILE_READ] Completed: problems-report.html, Duration: 2ms, Size: 152501
2025-11-20 10:12:29,397 - Knowledge - INFO - Found code-base-name: android_tv_frontend
2025-11-20 10:12:29,621 - Knowledge - INFO - Code base not found for android_tv_frontend. Joining with Knowledge base_path: True.
2025-11-20 10:12:29,824 - Knowledge - INFO - /app/data/tataelxsimockapisolutions5451/313/b861537/mytv-ott-hello-world-android-tv-91585-319
2025-11-20 10:12:29,989 - Knowledge - INFO - process ingested knowledge for /app/data/tataelxsimockapisolutions5451/313/b861537/mytv-ott-hello-world-android-tv-91585-319/android_tv_frontend/utilities/build/intermediates/unit_test_lint_model/debug/generateDebugUnitTestLintModel/debug.xml
2025-11-20 10:12:30,180 - Knowledge - INFO - [FILE_READ] Completed: debug.xml, Duration: 2ms, Size: 946
2025-11-20 10:12:30,394 - Knowledge - INFO - Found code-base-name: android_tv_frontend
2025-11-20 10:12:30,630 - Knowledge - INFO - Code base not found for android_tv_frontend. Joining with Knowledge base_path: True.
2025-11-20 10:12:30,784 - Knowledge - INFO - /app/data/tataelxsimockapisolutions5451/313/b861537/mytv-ott-hello-world-android-tv-91585-319
2025-11-20 10:12:31,010 - Knowledge - INFO - process ingested knowledge for /app/data/tataelxsimockapisolutions5451/313/b861537/mytv-ott-hello-world-android-tv-91585-319/android_tv_frontend/list/build/intermediates/incremental/release/packageReleaseResources/merger.xml
2025-11-20 10:12:31,251 - Knowledge - INFO - [FILE_READ] Completed: merger.xml, Duration: 2ms, Size: 2160
2025-11-20 10:12:31,438 - Knowledge - INFO - Found code-base-name: android_tv_frontend
2025-11-20 10:12:31,590 - Knowledge - INFO - Code base not found for android_tv_frontend. Joining with Knowledge base_path: True.
2025-11-20 10:12:31,816 - Knowledge - INFO - /app/data/tataelxsimockapisolutions5451/313/b861537/mytv-ott-hello-world-android-tv-91585-319
2025-11-20 10:12:32,016 - Knowledge - INFO - process ingested knowledge for /app/data/tataelxsimockapisolutions5451/313/b861537/mytv-ott-hello-world-android-tv-91585-319/android_tv_frontend/app/src/main/res/drawable/tag_age_rating.xml
2025-11-20 10:12:32,175 - Knowledge - INFO - [FILE_READ] Completed: tag_age_rating.xml, Duration: 5ms, Size: 297
2025-11-20 10:12:32,345 - Knowledge - INFO - Found code-base-name: android_tv_frontend
2025-11-20 10:12:32,541 - Knowledge - INFO - Code base not found for android_tv_frontend. Joining with Knowledge base_path: True.
2025-11-20 10:12:32,738 - Knowledge - INFO - /app/data/tataelxsimockapisolutions5451/313/b861537/mytv-ott-hello-world-android-tv-91585-319
2025-11-20 10:12:32,946 - Knowledge - INFO - process ingested knowledge for /app/data/tataelxsimockapisolutions5451/313/b861537/mytv-ott-hello-world-android-tv-91585-319/android_tv_frontend/install.sh
2025-11-20 10:12:33,115 - Knowledge - INFO - [FILE_READ] Completed: install.sh, Duration: 2ms, Size: 492
2025-11-20 10:12:33,290 - Knowledge - INFO - Found code-base-name: android_tv_frontend
2025-11-20 10:12:33,437 - Knowledge - INFO - Code base not found for android_tv_frontend. Joining with Knowledge base_path: True.
2025-11-20 10:12:33,654 - Knowledge - INFO - /app/data/tataelxsimockapisolutions5451/313/b861537/mytv-ott-hello-world-android-tv-91585-319
2025-11-20 10:12:33,891 - Knowledge - INFO - process ingested knowledge for /app/data/tataelxsimockapisolutions5451/313/b861537/mytv-ott-hello-world-android-tv-91585-319/android_tv_frontend/list/build/intermediates/lint-cache/lintAnalyzeDebug/maven.google/master-index.xml
2025-11-20 10:12:34,059 - Knowledge - INFO - [FILE_READ] Completed: master-index.xml, Duration: 2ms, Size: 9656
2025-11-20 10:12:34,283 - Knowledge - INFO - Found code-base-name: android_tv_frontend
2025-11-20 10:12:34,491 - Knowledge - INFO - Code base not found for android_tv_frontend. Joining with Knowledge base_path: True.
2025-11-20 10:12:34,676 - Knowledge - INFO - /app/data/tataelxsimockapisolutions5451/313/b861537/mytv-ott-hello-world-android-tv-91585-319
2025-11-20 10:12:34,838 - Knowledge - INFO - process ingested knowledge for /app/data/tataelxsimockapisolutions5451/313/b861537/mytv-ott-hello-world-android-tv-91585-319/android_tv_frontend/app/src/main/java/com/example/tv/ui/SplashActivity.kt
2025-11-20 10:12:34,991 - Knowledge - INFO - [FILE_READ] Completed: SplashActivity.kt, Duration: 2ms, Size: 1463
2025-11-20 10:12:35,183 - Knowledge - INFO - Found code-base-name: android_tv_frontend
2025-11-20 10:12:35,333 - Knowledge - INFO - Code base not found for android_tv_frontend. Joining with Knowledge base_path: True.
2025-11-20 10:12:35,495 - Knowledge - INFO - /app/data/tataelxsimockapisolutions5451/313/b861537/mytv-ott-hello-world-android-tv-91585-319
2025-11-20 10:12:35,693 - Knowledge - INFO - process ingested knowledge for /app/data/tataelxsimockapisolutions5451/313/b861537/mytv-ott-hello-world-android-tv-91585-319/android_tv_frontend/utilities/build/intermediates/incremental/lintAnalyzeDebugAndroidTest/debug.xml
2025-11-20 10:12:35,865 - Knowledge - INFO - [FILE_READ] Completed: debug.xml, Duration: 2ms, Size: 1439
2025-11-20 10:12:36,037 - Knowledge - INFO - Found code-base-name: android_tv_frontend
2025-11-20 10:12:36,252 - Knowledge - INFO - Code base not found for android_tv_frontend. Joining with Knowledge base_path: True.
2025-11-20 10:12:36,412 - Knowledge - INFO - /app/data/tataelxsimockapisolutions5451/313/b861537/mytv-ott-hello-world-android-tv-91585-319
2025-11-20 10:12:36,625 - Knowledge - INFO - process ingested knowledge for /app/data/tataelxsimockapisolutions5451/313/b861537/mytv-ott-hello-world-android-tv-91585-319/android_tv_frontend/app/src/main/res/mipmap-anydpi-v26/ic_launcher.xml
2025-11-20 10:12:36,842 - Knowledge - INFO - [FILE_READ] Completed: ic_launcher.xml, Duration: 2ms, Size: 338
2025-11-20 10:12:37,035 - Knowledge - INFO - Found code-base-name: android_tv_frontend
2025-11-20 10:12:37,184 - Knowledge - INFO - Code base not found for android_tv_frontend. Joining with Knowledge base_path: True.
2025-11-20 10:12:37,348 - Knowledge - INFO - /app/data/tataelxsimockapisolutions5451/313/b861537/mytv-ott-hello-world-android-tv-91585-319
2025-11-20 10:12:37,536 - Knowledge - INFO - process ingested knowledge for /app/data/tataelxsimockapisolutions5451/313/b861537/mytv-ott-hello-world-android-tv-91585-319/android_tv_frontend/list/build/intermediates/unit_test_lint_model/debug/generateDebugUnitTestLintModel/debug.xml
2025-11-20 10:12:37,679 - Knowledge - INFO - [FILE_READ] Completed: debug.xml, Duration: 2ms, Size: 941
2025-11-20 10:12:37,875 - Knowledge - INFO - Found code-base-name: android_tv_frontend
2025-11-20 10:12:38,067 - Knowledge - INFO - Code base not found for android_tv_frontend. Joining with Knowledge base_path: True.
2025-11-20 10:12:38,245 - Knowledge - INFO - /app/data/tataelxsimockapisolutions5451/313/b861537/mytv-ott-hello-world-android-tv-91585-319
2025-11-20 10:12:38,473 - Knowledge - INFO - process ingested knowledge for /app/data/tataelxsimockapisolutions5451/313/b861537/mytv-ott-hello-world-android-tv-91585-319/android_tv_frontend/list/build/intermediates/incremental/debug/packageDebugResources/merger.xml
2025-11-20 10:12:38,685 - Knowledge - INFO - [FILE_READ] Completed: merger.xml, Duration: 2ms, Size: 2224
2025-11-20 10:12:38,876 - Knowledge - INFO - Found code-base-name: android_tv_frontend
2025-11-20 10:12:39,080 - Knowledge - INFO - Code base not found for android_tv_frontend. Joining with Knowledge base_path: True.
2025-11-20 10:12:39,251 - Knowledge - INFO - /app/data/tataelxsimockapisolutions5451/313/b861537/mytv-ott-hello-world-android-tv-91585-319
2025-11-20 10:12:39,412 - Knowledge - INFO - process ingested knowledge for /app/data/tataelxsimockapisolutions5451/313/b861537/mytv-ott-hello-world-android-tv-91585-319/android_tv_frontend/utilities/build/intermediates/incremental/debug/packageDebugResources/merger.xml
2025-11-20 10:12:39,612 - Knowledge - INFO - [FILE_READ] Completed: merger.xml, Duration: 2ms, Size: 2254
2025-11-20 10:12:39,781 - Knowledge - INFO - Found code-base-name: android_tv_frontend
2025-11-20 10:12:39,967 - Knowledge - INFO - Code base not found for android_tv_frontend. Joining with Knowledge base_path: True.
2025-11-20 10:12:40,154 - Knowledge - INFO - /app/data/tataelxsimockapisolutions5451/313/b861537/mytv-ott-hello-world-android-tv-91585-319
2025-11-20 10:12:40,382 - Knowledge - INFO - process ingested knowledge for /app/data/tataelxsimockapisolutions5451/313/b861537/mytv-ott-hello-world-android-tv-91585-319/android_tv_frontend/app/src/main/res/drawable/gradient_horizontal_overlay.xml
2025-11-20 10:12:40,597 - Knowledge - INFO - [FILE_READ] Completed: gradient_horizontal_overlay.xml, Duration: 2ms, Size: 334
2025-11-20 10:12:40,769 - Knowledge - INFO - Found code-base-name: android_tv_frontend
2025-11-20 10:12:40,979 - Knowledge - INFO - Code base not found for android_tv_frontend. Joining with Knowledge base_path: True.
2025-11-20 10:12:41,143 - Knowledge - INFO - /app/data/tataelxsimockapisolutions5451/313/b861537/mytv-ott-hello-world-android-tv-91585-319
2025-11-20 10:12:41,329 - Knowledge - INFO - process ingested knowledge for /app/data/tataelxsimockapisolutions5451/313/b861537/mytv-ott-hello-world-android-tv-91585-319/android_tv_frontend/app/src/main/res/drawable/ic_replay.xml
2025-11-20 10:12:41,491 - Knowledge - INFO - [FILE_READ] Completed: ic_replay.xml, Duration: 3ms, Size: 430
2025-11-20 10:12:41,686 - Knowledge - INFO - Found code-base-name: android_tv_frontend
2025-11-20 10:12:41,912 - Knowledge - INFO - Code base not found for android_tv_frontend. Joining with Knowledge base_path: True.
2025-11-20 10:12:42,104 - Knowledge - INFO - /app/data/tataelxsimockapisolutions5451/313/b861537/mytv-ott-hello-world-android-tv-91585-319
2025-11-20 10:12:42,270 - Knowledge - INFO - process ingested knowledge for /app/data/tataelxsimockapisolutions5451/313/b861537/mytv-ott-hello-world-android-tv-91585-319/android_tv_frontend/app/src/main/res/drawable/bg_focus_state.xml
2025-11-20 10:12:42,462 - Knowledge - INFO - [FILE_READ] Completed: bg_focus_state.xml, Duration: 4ms, Size: 388
2025-11-20 10:12:42,627 - Knowledge - INFO - Found code-base-name: android_tv_frontend
2025-11-20 10:12:42,801 - Knowledge - INFO - Code base not found for android_tv_frontend. Joining with Knowledge base_path: True.
2025-11-20 10:12:42,945 - Knowledge - INFO - /app/data/tataelxsimockapisolutions5451/313/b861537/mytv-ott-hello-world-android-tv-91585-319
2025-11-20 10:12:43,111 - Knowledge - INFO - process ingested knowledge for /app/data/tataelxsimockapisolutions5451/313/b861537/mytv-ott-hello-world-android-tv-91585-319/android_tv_frontend/app/src/main/res/drawable/ic_audio_subtitle.xml
2025-11-20 10:12:43,321 - Knowledge - INFO - [FILE_READ] Completed: ic_audio_subtitle.xml, Duration: 2ms, Size: 485
2025-11-20 10:12:43,504 - Knowledge - INFO - Found code-base-name: android_tv_frontend
2025-11-20 10:12:43,683 - Knowledge - INFO - Code base not found for android_tv_frontend. Joining with Knowledge base_path: True.
2025-11-20 10:12:43,836 - Knowledge - INFO - /app/data/tataelxsimockapisolutions5451/313/b861537/mytv-ott-hello-world-android-tv-91585-319
2025-11-20 10:12:44,018 - Knowledge - INFO - process ingested knowledge for /app/data/tataelxsimockapisolutions5451/313/b861537/mytv-ott-hello-world-android-tv-91585-319/android_tv_frontend/app/src/main/res/values/strings.xml
2025-11-20 10:12:44,222 - Knowledge - INFO - [FILE_READ] Completed: strings.xml, Duration: 2ms, Size: 2010
2025-11-20 10:12:44,374 - Knowledge - INFO - Found code-base-name: android_tv_frontend
2025-11-20 10:12:44,543 - Knowledge - INFO - Code base not found for android_tv_frontend. Joining with Knowledge base_path: True.
2025-11-20 10:12:44,704 - Knowledge - INFO - /app/data/tataelxsimockapisolutions5451/313/b861537/mytv-ott-hello-world-android-tv-91585-319
2025-11-20 10:12:44,880 - Knowledge - INFO - process ingested knowledge for /app/data/tataelxsimockapisolutions5451/313/b861537/mytv-ott-hello-world-android-tv-91585-319/android_tv_frontend/utilities/build/intermediates/incremental/lintAnalyzeDebug/debug-artifact-libraries.xml
2025-11-20 10:12:45,130 - Knowledge - INFO - [FILE_READ] Completed: debug-artifact-libraries.xml, Duration: 6ms, Size: 1755
2025-11-20 10:12:45,295 - Knowledge - INFO - Found code-base-name: android_tv_frontend
2025-11-20 10:12:45,478 - Knowledge - INFO - Code base not found for android_tv_frontend. Joining with Knowledge base_path: True.
2025-11-20 10:12:45,685 - Knowledge - INFO - /app/data/tataelxsimockapisolutions5451/313/b861537/mytv-ott-hello-world-android-tv-91585-319
2025-11-20 10:12:45,871 - Knowledge - INFO - process ingested knowledge for /app/data/tataelxsimockapisolutions5451/313/b861537/mytv-ott-hello-world-android-tv-91585-319/android_tv_frontend/list/build/intermediates/lint_report_lint_model/debug/generateDebugLintReportModel/debug-artifact-libraries.xml
2025-11-20 10:12:46,022 - Knowledge - INFO - [FILE_READ] Completed: debug-artifact-libraries.xml, Duration: 2ms, Size: 882
2025-11-20 10:12:46,185 - Knowledge - INFO - Found code-base-name: android_tv_frontend
2025-11-20 10:12:46,386 - Knowledge - INFO - Code base not found for android_tv_frontend. Joining with Knowledge base_path: True.
2025-11-20 10:12:46,561 - Knowledge - INFO - /app/data/tataelxsimockapisolutions5451/313/b861537/mytv-ott-hello-world-android-tv-91585-319
2025-11-20 10:12:46,738 - Knowledge - INFO - process ingested knowledge for /app/data/tataelxsimockapisolutions5451/313/b861537/mytv-ott-hello-world-android-tv-91585-319/android_tv_frontend/app/src/main/res/drawable/sub_net.xml
2025-11-20 10:12:46,907 - Knowledge - INFO - [FILE_READ] Completed: sub_net.xml, Duration: 2ms, Size: 540
2025-11-20 10:12:47,138 - Knowledge - INFO - Found code-base-name: android_tv_frontend
2025-11-20 10:12:47,299 - Knowledge - INFO - Code base not found for android_tv_frontend. Joining with Knowledge base_path: True.
2025-11-20 10:12:47,479 - Knowledge - INFO - /app/data/tataelxsimockapisolutions5451/313/b861537/mytv-ott-hello-world-android-tv-91585-319
2025-11-20 10:12:47,655 - Knowledge - INFO - process ingested knowledge for /app/data/tataelxsimockapisolutions5451/313/b861537/mytv-ott-hello-world-android-tv-91585-319/android_tv_frontend/list/build/intermediates/incremental/lintAnalyzeDebug/debug-artifact-libraries.xml
2025-11-20 10:12:47,825 - Knowledge - INFO - [FILE_READ] Completed: debug-artifact-libraries.xml, Duration: 2ms, Size: 882
2025-11-20 10:12:48,032 - Knowledge - INFO - Found code-base-name: android_tv_frontend
2025-11-20 10:12:48,208 - Knowledge - INFO - Code base not found for android_tv_frontend. Joining with Knowledge base_path: True.
2025-11-20 10:12:48,370 - Knowledge - INFO - /app/data/tataelxsimockapisolutions5451/313/b861537/mytv-ott-hello-world-android-tv-91585-319
2025-11-20 10:12:48,576 - Knowledge - INFO - process ingested knowledge for /app/data/tataelxsimockapisolutions5451/313/b861537/mytv-ott-hello-world-android-tv-91585-319/android_tv_frontend/utilities/build/intermediates/lint_report_lint_model/debug/generateDebugLintReportModel/debug-artifact-libraries.xml
2025-11-20 10:12:48,732 - Knowledge - INFO - [FILE_READ] Completed: debug-artifact-libraries.xml, Duration: 2ms, Size: 946
2025-11-20 10:12:48,887 - Knowledge - INFO - Found code-base-name: android_tv_frontend
2025-11-20 10:12:49,073 - Knowledge - INFO - Code base not found for android_tv_frontend. Joining with Knowledge base_path: True.
2025-11-20 10:12:49,270 - Knowledge - INFO - /app/data/tataelxsimockapisolutions5451/313/b861537/mytv-ott-hello-world-android-tv-91585-319
2025-11-20 10:12:49,479 - Knowledge - INFO - process ingested knowledge for /app/data/tataelxsimockapisolutions5451/313/b861537/mytv-ott-hello-world-android-tv-91585-319/android_tv_frontend/utilities/build/intermediates/incremental/lintAnalyzeDebugUnitTest/debug-artifact-libraries.xml
2025-11-20 10:12:49,669 - Knowledge - INFO - [FILE_READ] Completed: debug-artifact-libraries.xml, Duration: 2ms, Size: 2266
2025-11-20 10:12:49,830 - Knowledge - INFO - Found code-base-name: android_tv_frontend
2025-11-20 10:12:50,053 - Knowledge - INFO - Code base not found for android_tv_frontend. Joining with Knowledge base_path: True.
2025-11-20 10:12:50,231 - Knowledge - INFO - /app/data/tataelxsimockapisolutions5451/313/b861537/mytv-ott-hello-world-android-tv-91585-319
2025-11-20 10:12:50,406 - Knowledge - INFO - process ingested knowledge for /app/data/tataelxsimockapisolutions5451/313/b861537/mytv-ott-hello-world-android-tv-91585-319/android_tv_frontend/app/src/main/res/values/colors.xml
2025-11-20 10:12:50,588 - Knowledge - INFO - [FILE_READ] Completed: colors.xml, Duration: 2ms, Size: 471
2025-11-20 10:12:50,781 - Knowledge - INFO - Found code-base-name: android_tv_frontend
2025-11-20 10:12:50,990 - Knowledge - INFO - Code base not found for android_tv_frontend. Joining with Knowledge base_path: True.
2025-11-20 10:12:51,185 - Knowledge - INFO - /app/data/tataelxsimockapisolutions5451/313/b861537/mytv-ott-hello-world-android-tv-91585-319
2025-11-20 10:12:51,340 - Knowledge - INFO - process ingested knowledge for /app/data/tataelxsimockapisolutions5451/313/b861537/mytv-ott-hello-world-android-tv-91585-319/android_tv_frontend/list/build/intermediates/incremental/lintAnalyzeDebugUnitTest/debug-artifact-libraries.xml
2025-11-20 10:12:51,560 - Knowledge - INFO - [FILE_READ] Completed: debug-artifact-libraries.xml, Duration: 2ms, Size: 1569
2025-11-20 10:12:51,770 - Knowledge - INFO - Found code-base-name: android_tv_frontend
2025-11-20 10:12:51,996 - Knowledge - INFO - Code base not found for android_tv_frontend. Joining with Knowledge base_path: True.
2025-11-20 10:12:52,196 - Knowledge - INFO - /app/data/tataelxsimockapisolutions5451/313/b861537/mytv-ott-hello-world-android-tv-91585-319
2025-11-20 10:12:52,380 - Knowledge - INFO - process ingested knowledge for /app/data/tataelxsimockapisolutions5451/313/b861537/mytv-ott-hello-world-android-tv-91585-319/android_tv_frontend/app/src/main/res/drawable/thumb_1.xml
2025-11-20 10:12:52,533 - Knowledge - INFO - [FILE_READ] Completed: thumb_1.xml, Duration: 2ms, Size: 461
2025-11-20 10:12:52,764 - Knowledge - INFO - Found code-base-name: android_tv_frontend
2025-11-20 10:12:52,933 - Knowledge - INFO - Code base not found for android_tv_frontend. Joining with Knowledge base_path: True.
2025-11-20 10:12:53,107 - Knowledge - INFO - /app/data/tataelxsimockapisolutions5451/313/b861537/mytv-ott-hello-world-android-tv-91585-319
2025-11-20 10:12:53,260 - Knowledge - INFO - process ingested knowledge for /app/data/tataelxsimockapisolutions5451/313/b861537/mytv-ott-hello-world-android-tv-91585-319/android_tv_frontend/app/src/main/res/drawable/ic_block.xml
2025-11-20 10:12:53,427 - Knowledge - INFO - [FILE_READ] Completed: ic_block.xml, Duration: 3ms, Size: 581
2025-11-20 10:12:53,633 - Knowledge - INFO - Found code-base-name: android_tv_frontend
2025-11-20 10:12:53,822 - Knowledge - INFO - Code base not found for android_tv_frontend. Joining with Knowledge base_path: True.
2025-11-20 10:12:54,023 - Knowledge - INFO - /app/data/tataelxsimockapisolutions5451/313/b861537/mytv-ott-hello-world-android-tv-91585-319
2025-11-20 10:12:54,200 - Knowledge - INFO - process ingested knowledge for /app/data/tataelxsimockapisolutions5451/313/b861537/mytv-ott-hello-world-android-tv-91585-319/android_tv_frontend/app/src/main/res/drawable/sub_prime.xml
2025-11-20 10:12:54,414 - Knowledge - INFO - [FILE_READ] Completed: sub_prime.xml, Duration: 2ms, Size: 493
2025-11-20 10:12:54,647 - Knowledge - INFO - Found code-base-name: android_tv_frontend
2025-11-20 10:12:54,857 - Knowledge - INFO - Code base not found for android_tv_frontend. Joining with Knowledge base_path: True.
2025-11-20 10:12:55,019 - Knowledge - INFO - /app/data/tataelxsimockapisolutions5451/313/b861537/mytv-ott-hello-world-android-tv-91585-319
2025-11-20 10:12:55,202 - Knowledge - INFO - process ingested knowledge for /app/data/tataelxsimockapisolutions5451/313/b861537/mytv-ott-hello-world-android-tv-91585-319/android_tv_frontend/list/build/intermediates/aapt_friendly_merged_manifests/debug/processDebugManifest/aapt/output-metadata.json
2025-11-20 10:12:55,386 - Knowledge - INFO - [FILE_READ] Completed: output-metadata.json, Duration: 2ms, Size: 347
2025-11-20 10:12:55,580 - Knowledge - INFO - Found code-base-name: android_tv_frontend
2025-11-20 10:12:55,774 - Knowledge - INFO - Code base not found for android_tv_frontend. Joining with Knowledge base_path: True.
2025-11-20 10:12:55,939 - Knowledge - INFO - /app/data/tataelxsimockapisolutions5451/313/b861537/mytv-ott-hello-world-android-tv-91585-319
2025-11-20 10:12:56,138 - Knowledge - INFO - process ingested knowledge for /app/data/tataelxsimockapisolutions5451/313/b861537/mytv-ott-hello-world-android-tv-91585-319/android_tv_frontend/utilities/build/intermediates/aapt_friendly_merged_manifests/debug/processDebugManifest/aapt/output-metadata.json
2025-11-20 10:12:56,287 - Knowledge - INFO - [FILE_READ] Completed: output-metadata.json, Duration: 2ms, Size: 352
2025-11-20 10:12:56,490 - Knowledge - INFO - Found code-base-name: android_tv_frontend
2025-11-20 10:12:56,694 - Knowledge - INFO - Code base not found for android_tv_frontend. Joining with Knowledge base_path: True.
2025-11-20 10:12:56,842 - Knowledge - INFO - /app/data/tataelxsimockapisolutions5451/313/b861537/mytv-ott-hello-world-android-tv-91585-319
2025-11-20 10:12:57,025 - Knowledge - INFO - process ingested knowledge for /app/data/tataelxsimockapisolutions5451/313/b861537/mytv-ott-hello-world-android-tv-91585-319/android_tv_frontend/app/src/main/res/layout/activity_content_info.xml
2025-11-20 10:12:57,192 - Knowledge - INFO - [FILE_READ] Completed: activity_content_info.xml, Duration: 2ms, Size: 16253
2025-11-20 10:12:57,393 - Knowledge - INFO - Found code-base-name: android_tv_frontend
2025-11-20 10:12:57,582 - Knowledge - INFO - Code base not found for android_tv_frontend. Joining with Knowledge base_path: True.
2025-11-20 10:12:57,795 - Knowledge - INFO - /app/data/tataelxsimockapisolutions5451/313/b861537/mytv-ott-hello-world-android-tv-91585-319
2025-11-20 10:12:57,990 - Knowledge - INFO - process ingested knowledge for /app/data/tataelxsimockapisolutions5451/313/b861537/mytv-ott-hello-world-android-tv-91585-319/android_tv_frontend/app/src/main/res/values/dimens.xml
2025-11-20 10:12:58,185 - Knowledge - INFO - [FILE_READ] Completed: dimens.xml, Duration: 2ms, Size: 241
2025-11-20 10:12:58,371 - Knowledge - INFO - Found code-base-name: android_tv_frontend
2025-11-20 10:12:58,538 - Knowledge - INFO - Code base not found for android_tv_frontend. Joining with Knowledge base_path: True.
2025-11-20 10:12:58,730 - Knowledge - INFO - /app/data/tataelxsimockapisolutions5451/313/b861537/mytv-ott-hello-world-android-tv-91585-319
2025-11-20 10:12:58,923 - Knowledge - INFO - process ingested knowledge for /app/data/tataelxsimockapisolutions5451/313/b861537/mytv-ott-hello-world-android-tv-91585-319/android_tv_frontend/list/build/intermediates/android_test_lint_model/debug/generateDebugAndroidTestLintModel/debug.xml
2025-11-20 10:12:59,133 - Knowledge - INFO - [FILE_READ] Completed: debug.xml, Duration: 3ms, Size: 1357
2025-11-20 10:12:59,342 - Knowledge - INFO - Found code-base-name: android_tv_frontend
2025-11-20 10:12:59,551 - Knowledge - INFO - Code base not found for android_tv_frontend. Joining with Knowledge base_path: True.
2025-11-20 10:12:59,735 - Knowledge - INFO - /app/data/tataelxsimockapisolutions5451/313/b861537/mytv-ott-hello-world-android-tv-91585-319
2025-11-20 10:12:59,875 - Knowledge - INFO - process ingested knowledge for /app/data/tataelxsimockapisolutions5451/313/b861537/mytv-ott-hello-world-android-tv-91585-319/android_tv_frontend/app/src/main/java/com/example/tv/data/CategoryRepository.kt
2025-11-20 10:13:00,057 - Knowledge - INFO - [FILE_READ] Completed: CategoryRepository.kt, Duration: 2ms, Size: 2359
2025-11-20 10:13:00,228 - Knowledge - INFO - Found code-base-name: android_tv_frontend
2025-11-20 10:13:00,399 - Knowledge - INFO - Code base not found for android_tv_frontend. Joining with Knowledge base_path: True.
2025-11-20 10:13:00,586 - Knowledge - INFO - /app/data/tataelxsimockapisolutions5451/313/b861537/mytv-ott-hello-world-android-tv-91585-319
2025-11-20 10:13:00,785 - Knowledge - INFO - process ingested knowledge for /app/data/tataelxsimockapisolutions5451/313/b861537/mytv-ott-hello-world-android-tv-91585-319/android_tv_frontend/list/build/intermediates/aapt_friendly_merged_manifests/debug/processDebugManifest/aapt/AndroidManifest.xml
2025-11-20 10:13:00,968 - Knowledge - INFO - [FILE_READ] Completed: AndroidManifest.xml, Duration: 2ms, Size: 198
2025-11-20 10:13:01,130 - Knowledge - INFO - Found code-base-name: android_tv_frontend
2025-11-20 10:13:01,333 - Knowledge - INFO - Code base not found for android_tv_frontend. Joining with Knowledge base_path: True.
2025-11-20 10:13:01,520 - Knowledge - INFO - /app/data/tataelxsimockapisolutions5451/313/b861537/mytv-ott-hello-world-android-tv-91585-319
2025-11-20 10:13:01,675 - Knowledge - INFO - process ingested knowledge for /app/data/tataelxsimockapisolutions5451/313/b861537/mytv-ott-hello-world-android-tv-91585-319/android_tv_frontend/utilities/build/intermediates/aapt_friendly_merged_manifests/debug/processDebugManifest/aapt/AndroidManifest.xml
2025-11-20 10:13:01,838 - Knowledge - INFO - [FILE_READ] Completed: AndroidManifest.xml, Duration: 2ms, Size: 203
2025-11-20 10:13:02,004 - Knowledge - INFO - Found code-base-name: android_tv_frontend
2025-11-20 10:13:02,180 - Knowledge - INFO - Code base not found for android_tv_frontend. Joining with Knowledge base_path: True.
2025-11-20 10:13:02,399 - Knowledge - INFO - /app/data/tataelxsimockapisolutions5451/313/b861537/mytv-ott-hello-world-android-tv-91585-319
2025-11-20 10:13:02,551 - Knowledge - INFO - process ingested knowledge for /app/data/tataelxsimockapisolutions5451/313/b861537/mytv-ott-hello-world-android-tv-91585-319/android_tv_frontend/list/build/intermediates/lint_model/debug/generateDebugLintModel/debug.xml
2025-11-20 10:13:02,737 - Knowledge - INFO - [FILE_READ] Completed: debug.xml, Duration: 3ms, Size: 1605
2025-11-20 10:13:02,929 - Knowledge - INFO - Found code-base-name: android_tv_frontend
2025-11-20 10:13:03,108 - Knowledge - INFO - Code base not found for android_tv_frontend. Joining with Knowledge base_path: True.
2025-11-20 10:13:03,321 - Knowledge - INFO - /app/data/tataelxsimockapisolutions5451/313/b861537/mytv-ott-hello-world-android-tv-91585-319
2025-11-20 10:13:03,530 - Knowledge - INFO - process ingested knowledge for /app/data/tataelxsimockapisolutions5451/313/b861537/mytv-ott-hello-world-android-tv-91585-319/android_tv_frontend/app/src/main/res/values/ids.xml
2025-11-20 10:13:03,737 - Knowledge - INFO - [FILE_READ] Completed: ids.xml, Duration: 3ms, Size: 52
2025-11-20 10:13:03,903 - Knowledge - INFO - Found code-base-name: android_tv_frontend
2025-11-20 10:13:04,115 - Knowledge - INFO - Code base not found for android_tv_frontend. Joining with Knowledge base_path: True.
2025-11-20 10:13:04,315 - Knowledge - INFO - /app/data/tataelxsimockapisolutions5451/313/b861537/mytv-ott-hello-world-android-tv-91585-319
2025-11-20 10:13:04,492 - Knowledge - INFO - process ingested knowledge for /app/data/tataelxsimockapisolutions5451/313/b861537/mytv-ott-hello-world-android-tv-91585-319/android_tv_frontend/utilities/build/intermediates/android_test_lint_model/debug/generateDebugAndroidTestLintModel/debug.xml
2025-11-20 10:13:04,668 - Knowledge - INFO - [FILE_READ] Completed: debug.xml, Duration: 3ms, Size: 1367
2025-11-20 10:13:04,877 - Knowledge - INFO - Found code-base-name: android_tv_frontend
2025-11-20 10:13:05,065 - Knowledge - INFO - Code base not found for android_tv_frontend. Joining with Knowledge base_path: True.
2025-11-20 10:13:05,262 - Knowledge - INFO - /app/data/tataelxsimockapisolutions5451/313/b861537/mytv-ott-hello-world-android-tv-91585-319
2025-11-20 10:13:05,451 - Knowledge - INFO - process ingested knowledge for /app/data/tataelxsimockapisolutions5451/313/b861537/mytv-ott-hello-world-android-tv-91585-319/android_tv_frontend/app/src/main/res/layout/view_rail.xml
2025-11-20 10:13:05,619 - Knowledge - INFO - [FILE_READ] Completed: view_rail.xml, Duration: 3ms, Size: 1506
2025-11-20 10:13:05,776 - Knowledge - INFO - Found code-base-name: android_tv_frontend
2025-11-20 10:13:05,969 - Knowledge - INFO - Code base not found for android_tv_frontend. Joining with Knowledge base_path: True.
2025-11-20 10:13:06,167 - Knowledge - INFO - /app/data/tataelxsimockapisolutions5451/313/b861537/mytv-ott-hello-world-android-tv-91585-319
2025-11-20 10:13:06,383 - Knowledge - INFO - process ingested knowledge for /app/data/tataelxsimockapisolutions5451/313/b861537/mytv-ott-hello-world-android-tv-91585-319/android_tv_frontend/app/src/main/AndroidManifest.xml
2025-11-20 10:13:06,586 - Knowledge - INFO - [FILE_READ] Completed: AndroidManifest.xml, Duration: 2ms, Size: 2111
2025-11-20 10:13:06,753 - Knowledge - INFO - Found code-base-name: android_tv_frontend
2025-11-20 10:13:06,934 - Knowledge - INFO - Code base not found for android_tv_frontend. Joining with Knowledge base_path: True.
2025-11-20 10:13:07,131 - Knowledge - INFO - /app/data/tataelxsimockapisolutions5451/313/b861537/mytv-ott-hello-world-android-tv-91585-319
2025-11-20 10:13:07,349 - Knowledge - INFO - process ingested knowledge for /app/data/tataelxsimockapisolutions5451/313/b861537/mytv-ott-hello-world-android-tv-91585-319/android_tv_frontend/settings.gradle.kts
2025-11-20 10:13:07,524 - Knowledge - INFO - [FILE_READ] Completed: settings.gradle.kts, Duration: 2ms, Size: 379
2025-11-20 10:13:07,733 - Knowledge - INFO - Found code-base-name: android_tv_frontend
2025-11-20 10:13:07,888 - Knowledge - INFO - Code base not found for android_tv_frontend. Joining with Knowledge base_path: True.
2025-11-20 10:13:08,052 - Knowledge - INFO - /app/data/tataelxsimockapisolutions5451/313/b861537/mytv-ott-hello-world-android-tv-91585-319
2025-11-20 10:13:08,244 - Knowledge - INFO - process ingested knowledge for /app/data/tataelxsimockapisolutions5451/313/b861537/mytv-ott-hello-world-android-tv-91585-319/android_tv_frontend/utilities/build/intermediates/lint_report_lint_model/debug/generateDebugLintReportModel/debug-artifact-dependencies.xml
2025-11-20 10:13:08,467 - Knowledge - INFO - [FILE_READ] Completed: debug-artifact-dependencies.xml, Duration: 2ms, Size: 1333
2025-11-20 10:13:08,643 - Knowledge - INFO - Found code-base-name: android_tv_frontend
2025-11-20 10:13:08,870 - Knowledge - INFO - Code base not found for android_tv_frontend. Joining with Knowledge base_path: True.
2025-11-20 10:13:09,076 - Knowledge - INFO - /app/data/tataelxsimockapisolutions5451/313/b861537/mytv-ott-hello-world-android-tv-91585-319
2025-11-20 10:13:09,240 - Knowledge - INFO - process ingested knowledge for /app/data/tataelxsimockapisolutions5451/313/b861537/mytv-ott-hello-world-android-tv-91585-319/android_tv_frontend/list/build/intermediates/incremental/packageDebugAssets/merger.xml
2025-11-20 10:13:09,442 - Knowledge - INFO - [FILE_READ] Completed: merger.xml, Duration: 2ms, Size: 912
2025-11-20 10:13:09,620 - Knowledge - INFO - Found code-base-name: android_tv_frontend
2025-11-20 10:13:09,773 - Knowledge - INFO - Code base not found for android_tv_frontend. Joining with Knowledge base_path: True.
2025-11-20 10:13:09,972 - Knowledge - INFO - /app/data/tataelxsimockapisolutions5451/313/b861537/mytv-ott-hello-world-android-tv-91585-319
2025-11-20 10:13:10,146 - Knowledge - INFO - process ingested knowledge for /app/data/tataelxsimockapisolutions5451/313/b861537/mytv-ott-hello-world-android-tv-91585-319/android_tv_frontend/utilities/consumer-rules.pro
2025-11-20 10:13:10,329 - Knowledge - INFO - [FILE_READ] Completed: consumer-rules.pro, Duration: 2ms, Size: 20
2025-11-20 10:13:10,513 - Knowledge - INFO - Found code-base-name: android_tv_frontend
2025-11-20 10:13:10,671 - Knowledge - INFO - Code base not found for android_tv_frontend. Joining with Knowledge base_path: True.
2025-11-20 10:13:10,848 - Knowledge - INFO - /app/data/tataelxsimockapisolutions5451/313/b861537/mytv-ott-hello-world-android-tv-91585-319
2025-11-20 10:13:11,026 - Knowledge - INFO - process ingested knowledge for /app/data/tataelxsimockapisolutions5451/313/b861537/mytv-ott-hello-world-android-tv-91585-319/android_tv_frontend/app/src/main/res/drawable/ic_bell.xml
2025-11-20 10:13:11,242 - Knowledge - INFO - [FILE_READ] Completed: ic_bell.xml, Duration: 3ms, Size: 486
2025-11-20 10:13:11,406 - Knowledge - INFO - Found code-base-name: android_tv_frontend
2025-11-20 10:13:11,562 - Knowledge - INFO - Code base not found for android_tv_frontend. Joining with Knowledge base_path: True.
2025-11-20 10:13:11,747 - Knowledge - INFO - /app/data/tataelxsimockapisolutions5451/313/b861537/mytv-ott-hello-world-android-tv-91585-319
2025-11-20 10:13:11,947 - Knowledge - INFO - process ingested knowledge for /app/data/tataelxsimockapisolutions5451/313/b861537/mytv-ott-hello-world-android-tv-91585-319/android_tv_frontend/list/build/intermediates/incremental/lintAnalyzeDebug/debug-artifact-dependencies.xml
2025-11-20 10:13:12,133 - Knowledge - INFO - [FILE_READ] Completed: debug-artifact-dependencies.xml, Duration: 2ms, Size: 1129
2025-11-20 10:13:12,355 - Knowledge - INFO - Found code-base-name: android_tv_frontend
2025-11-20 10:13:12,514 - Knowledge - INFO - Code base not found for android_tv_frontend. Joining with Knowledge base_path: True.
2025-11-20 10:13:12,690 - Knowledge - INFO - /app/data/tataelxsimockapisolutions5451/313/b861537/mytv-ott-hello-world-android-tv-91585-319
2025-11-20 10:13:12,882 - Knowledge - INFO - process ingested knowledge for /app/data/tataelxsimockapisolutions5451/313/b861537/mytv-ott-hello-world-android-tv-91585-319/android_tv_frontend/utilities/build/intermediates/incremental/lintAnalyzeDebugUnitTest/module.xml
2025-11-20 10:13:13,073 - Knowledge - INFO - [FILE_READ] Completed: module.xml, Duration: 2ms, Size: 670
2025-11-20 10:13:13,221 - Knowledge - INFO - Found code-base-name: android_tv_frontend
2025-11-20 10:13:13,425 - Knowledge - INFO - Code base not found for android_tv_frontend. Joining with Knowledge base_path: True.
2025-11-20 10:13:13,623 - Knowledge - INFO - /app/data/tataelxsimockapisolutions5451/313/b861537/mytv-ott-hello-world-android-tv-91585-319
2025-11-20 10:13:13,803 - Knowledge - INFO - process ingested knowledge for /app/data/tataelxsimockapisolutions5451/313/b861537/mytv-ott-hello-world-android-tv-91585-319/android_tv_frontend/settings.gradle
2025-11-20 10:13:14,024 - Knowledge - INFO - [FILE_READ] Completed: settings.gradle, Duration: 2ms, Size: 96
2025-11-20 10:13:14,219 - Knowledge - INFO - Found code-base-name: android_tv_frontend
2025-11-20 10:13:14,431 - Knowledge - INFO - Code base not found for android_tv_frontend. Joining with Knowledge base_path: True.
2025-11-20 10:13:14,613 - Knowledge - INFO - /app/data/tataelxsimockapisolutions5451/313/b861537/mytv-ott-hello-world-android-tv-91585-319
2025-11-20 10:13:14,834 - Knowledge - INFO - process ingested knowledge for /app/data/tataelxsimockapisolutions5451/313/b861537/mytv-ott-hello-world-android-tv-91585-319/android_tv_frontend/list/build/intermediates/lint_report_lint_model/debug/generateDebugLintReportModel/debug-artifact-dependencies.xml
2025-11-20 10:13:15,028 - Knowledge - INFO - [FILE_READ] Completed: debug-artifact-dependencies.xml, Duration: 2ms, Size: 1129
2025-11-20 10:13:15,230 - Knowledge - INFO - Found code-base-name: android_tv_frontend
2025-11-20 10:13:15,445 - Knowledge - INFO - Code base not found for android_tv_frontend. Joining with Knowledge base_path: True.
2025-11-20 10:13:15,616 - Knowledge - INFO - /app/data/tataelxsimockapisolutions5451/313/b861537/mytv-ott-hello-world-android-tv-91585-319
2025-11-20 10:13:15,815 - Knowledge - INFO - process ingested knowledge for /app/data/tataelxsimockapisolutions5451/313/b861537/mytv-ott-hello-world-android-tv-91585-319/android_tv_frontend/list/consumer-rules.pro
2025-11-20 10:13:16,025 - Knowledge - INFO - [FILE_READ] Completed: consumer-rules.pro, Duration: 2ms, Size: 20
2025-11-20 10:13:16,184 - Knowledge - INFO - Found code-base-name: android_tv_frontend
2025-11-20 10:13:16,374 - Knowledge - INFO - Code base not found for android_tv_frontend. Joining with Knowledge base_path: True.
2025-11-20 10:13:16,566 - Knowledge - INFO - /app/data/tataelxsimockapisolutions5451/313/b861537/mytv-ott-hello-world-android-tv-91585-319
2025-11-20 10:13:16,761 - Knowledge - INFO - process ingested knowledge for /app/data/tataelxsimockapisolutions5451/313/b861537/mytv-ott-hello-world-android-tv-91585-319/android_tv_frontend/utilities/build/intermediates/incremental/lintAnalyzeDebug/debug-artifact-dependencies.xml
2025-11-20 10:13:16,964 - Knowledge - INFO - [FILE_READ] Completed: debug-artifact-dependencies.xml, Duration: 2ms, Size: 1351
2025-11-20 10:13:17,178 - Knowledge - INFO - Found code-base-name: android_tv_frontend
2025-11-20 10:13:17,326 - Knowledge - INFO - Code base not found for android_tv_frontend. Joining with Knowledge base_path: True.
2025-11-20 10:13:17,511 - Knowledge - INFO - /app/data/tataelxsimockapisolutions5451/313/b861537/mytv-ott-hello-world-android-tv-91585-319
2025-11-20 10:13:17,722 - Knowledge - INFO - process ingested knowledge for /app/data/tataelxsimockapisolutions5451/313/b861537/mytv-ott-hello-world-android-tv-91585-319/android_tv_frontend/list/build/intermediates/incremental/lintAnalyzeDebugUnitTest/module.xml
2025-11-20 10:13:17,891 - Knowledge - INFO - [FILE_READ] Completed: module.xml, Duration: 2ms, Size: 655
2025-11-20 10:13:18,079 - Knowledge - INFO - Found code-base-name: android_tv_frontend
2025-11-20 10:13:18,282 - Knowledge - INFO - Code base not found for android_tv_frontend. Joining with Knowledge base_path: True.
2025-11-20 10:13:18,473 - Knowledge - INFO - /app/data/tataelxsimockapisolutions5451/313/b861537/mytv-ott-hello-world-android-tv-91585-319
2025-11-20 10:13:18,669 - Knowledge - INFO - process ingested knowledge for /app/data/tataelxsimockapisolutions5451/313/b861537/mytv-ott-hello-world-android-tv-91585-319/android_tv_frontend/app/src/main/res/values/project_root_hint.xml
2025-11-20 10:13:18,881 - Knowledge - INFO - [FILE_READ] Completed: project_root_hint.xml, Duration: 3ms, Size: 254
2025-11-20 10:13:19,074 - Knowledge - INFO - Found code-base-name: android_tv_frontend
2025-11-20 10:13:19,240 - Knowledge - INFO - Code base not found for android_tv_frontend. Joining with Knowledge base_path: True.
2025-11-20 10:13:19,389 - Knowledge - INFO - /app/data/tataelxsimockapisolutions5451/313/b861537/mytv-ott-hello-world-android-tv-91585-319
2025-11-20 10:13:19,571 - Knowledge - INFO - process ingested knowledge for /app/data/tataelxsimockapisolutions5451/313/b861537/mytv-ott-hello-world-android-tv-91585-319/android_tv_frontend/utilities/build/intermediates/incremental/packageDebugAssets/merger.xml
2025-11-20 10:13:19,755 - Knowledge - INFO - [FILE_READ] Completed: merger.xml, Duration: 2ms, Size: 927
2025-11-20 10:13:19,900 - Knowledge - INFO - Found code-base-name: android_tv_frontend
2025-11-20 10:13:20,083 - Knowledge - INFO - Code base not found for android_tv_frontend. Joining with Knowledge base_path: True.
2025-11-20 10:13:20,263 - Knowledge - INFO - /app/data/tataelxsimockapisolutions5451/313/b861537/mytv-ott-hello-world-android-tv-91585-319
2025-11-20 10:13:20,453 - Knowledge - INFO - process ingested knowledge for /app/data/tataelxsimockapisolutions5451/313/b861537/mytv-ott-hello-world-android-tv-91585-319/android_tv_frontend/utilities/build/intermediates/lint_report_lint_model/debug/generateDebugLintReportModel/module.xml
2025-11-20 10:13:20,625 - Knowledge - INFO - [FILE_READ] Completed: module.xml, Duration: 4ms, Size: 670
2025-11-20 10:13:20,820 - Knowledge - INFO - Found code-base-name: android_tv_frontend
2025-11-20 10:13:21,022 - Knowledge - INFO - Code base not found for android_tv_frontend. Joining with Knowledge base_path: True.
2025-11-20 10:13:21,214 - Knowledge - INFO - /app/data/tataelxsimockapisolutions5451/313/b861537/mytv-ott-hello-world-android-tv-91585-319
2025-11-20 10:13:21,355 - Knowledge - INFO - process ingested knowledge for /app/data/tataelxsimockapisolutions5451/313/b861537/mytv-ott-hello-world-android-tv-91585-319/android_tv_frontend/app/src/main/res/drawable/ic_record.xml
2025-11-20 10:13:21,543 - Knowledge - INFO - [FILE_READ] Completed: ic_record.xml, Duration: 2ms, Size: 592
2025-11-20 10:13:21,723 - Knowledge - INFO - Found code-base-name: android_tv_frontend
2025-11-20 10:13:21,903 - Knowledge - INFO - Code base not found for android_tv_frontend. Joining with Knowledge base_path: True.
2025-11-20 10:13:22,088 - Knowledge - INFO - /app/data/tataelxsimockapisolutions5451/313/b861537/mytv-ott-hello-world-android-tv-91585-319
2025-11-20 10:13:22,260 - Knowledge - INFO - process ingested knowledge for /app/data/tataelxsimockapisolutions5451/313/b861537/mytv-ott-hello-world-android-tv-91585-319/android_tv_frontend/list/build/intermediates/incremental/lintAnalyzeDebug/module.xml
2025-11-20 10:13:22,422 - Knowledge - INFO - [FILE_READ] Completed: module.xml, Duration: 2ms, Size: 655
2025-11-20 10:13:22,621 - Knowledge - INFO - Found code-base-name: android_tv_frontend
2025-11-20 10:13:22,809 - Knowledge - INFO - Code base not found for android_tv_frontend. Joining with Knowledge base_path: True.
2025-11-20 10:13:23,013 - Knowledge - INFO - /app/data/tataelxsimockapisolutions5451/313/b861537/mytv-ott-hello-world-android-tv-91585-319
2025-11-20 10:13:23,166 - Knowledge - INFO - process ingested knowledge for /app/data/tataelxsimockapisolutions5451/313/b861537/mytv-ott-hello-world-android-tv-91585-319/android_tv_frontend/list/build/intermediates/incremental/lintAnalyzeDebugUnitTest/debug-artifact-dependencies.xml
2025-11-20 10:13:23,323 - Knowledge - INFO - [FILE_READ] Completed: debug-artifact-dependencies.xml, Duration: 2ms, Size: 1351
2025-11-20 10:13:23,489 - Knowledge - INFO - Found code-base-name: android_tv_frontend
2025-11-20 10:13:23,670 - Knowledge - INFO - Code base not found for android_tv_frontend. Joining with Knowledge base_path: True.
2025-11-20 10:13:23,826 - Knowledge - INFO - /app/data/tataelxsimockapisolutions5451/313/b861537/mytv-ott-hello-world-android-tv-91585-319
2025-11-20 10:13:24,010 - Knowledge - INFO - process ingested knowledge for /app/data/tataelxsimockapisolutions5451/313/b861537/mytv-ott-hello-world-android-tv-91585-319/android_tv_frontend/app/src/main/res/values/ic_launcher_background.xml
2025-11-20 10:13:24,173 - Knowledge - INFO - [FILE_READ] Completed: ic_launcher_background.xml, Duration: 2ms, Size: 121
2025-11-20 10:13:24,331 - Knowledge - INFO - Found code-base-name: android_tv_frontend
2025-11-20 10:13:24,490 - Knowledge - INFO - Code base not found for android_tv_frontend. Joining with Knowledge base_path: True.
2025-11-20 10:13:24,699 - Knowledge - INFO - /app/data/tataelxsimockapisolutions5451/313/b861537/mytv-ott-hello-world-android-tv-91585-319
2025-11-20 10:13:24,876 - Knowledge - INFO - process ingested knowledge for /app/data/tataelxsimockapisolutions5451/313/b861537/mytv-ott-hello-world-android-tv-91585-319/android_tv_frontend/list/build/intermediates/lint_report_lint_model/debug/generateDebugLintReportModel/module.xml
2025-11-20 10:13:25,099 - Knowledge - INFO - [FILE_READ] Completed: module.xml, Duration: 2ms, Size: 655
2025-11-20 10:13:25,309 - Knowledge - INFO - Found code-base-name: android_tv_frontend
2025-11-20 10:13:25,456 - Knowledge - INFO - Code base not found for android_tv_frontend. Joining with Knowledge base_path: True.
2025-11-20 10:13:25,632 - Knowledge - INFO - /app/data/tataelxsimockapisolutions5451/313/b861537/mytv-ott-hello-world-android-tv-91585-319
2025-11-20 10:13:25,811 - Knowledge - INFO - process ingested knowledge for /app/data/tataelxsimockapisolutions5451/313/b861537/mytv-ott-hello-world-android-tv-91585-319/android_tv_frontend/utilities/build/intermediates/incremental/lintAnalyzeDebug/module.xml
2025-11-20 10:13:25,964 - Knowledge - INFO - [FILE_READ] Completed: module.xml, Duration: 2ms, Size: 670
2025-11-20 10:13:26,179 - Knowledge - INFO - Found code-base-name: android_tv_frontend
2025-11-20 10:13:26,342 - Knowledge - INFO - Code base not found for android_tv_frontend. Joining with Knowledge base_path: True.
2025-11-20 10:13:26,515 - Knowledge - INFO - /app/data/tataelxsimockapisolutions5451/313/b861537/mytv-ott-hello-world-android-tv-91585-319
2025-11-20 10:13:26,655 - Knowledge - INFO - process ingested knowledge for /app/data/tataelxsimockapisolutions5451/313/b861537/mytv-ott-hello-world-android-tv-91585-319/android_tv_frontend/utilities/build/intermediates/incremental/lintAnalyzeDebugUnitTest/debug-artifact-dependencies.xml
2025-11-20 10:13:26,835 - Knowledge - INFO - [FILE_READ] Completed: debug-artifact-dependencies.xml, Duration: 2ms, Size: 1603
2025-11-20 10:13:27,064 - Knowledge - INFO - Found code-base-name: android_tv_frontend
2025-11-20 10:13:27,261 - Knowledge - INFO - Code base not found for android_tv_frontend. Joining with Knowledge base_path: True.
2025-11-20 10:13:27,436 - Knowledge - INFO - /app/data/tataelxsimockapisolutions5451/313/b861537/mytv-ott-hello-world-android-tv-91585-319
2025-11-20 10:13:27,658 - Knowledge - INFO - process ingested knowledge for /app/data/tataelxsimockapisolutions5451/313/b861537/mytv-ott-hello-world-android-tv-91585-319/android_tv_frontend/app/src/main/res/values/nord_additional_colors.xml
2025-11-20 10:13:27,832 - Knowledge - INFO - [FILE_READ] Completed: nord_additional_colors.xml, Duration: 2ms, Size: 219
2025-11-20 10:13:28,014 - Knowledge - INFO - Found code-base-name: android_tv_frontend
2025-11-20 10:13:28,210 - Knowledge - INFO - Code base not found for android_tv_frontend. Joining with Knowledge base_path: True.
2025-11-20 10:13:28,397 - Knowledge - INFO - /app/data/tataelxsimockapisolutions5451/313/b861537/mytv-ott-hello-world-android-tv-91585-319
2025-11-20 10:13:28,584 - Knowledge - INFO - process ingested knowledge for /app/data/tataelxsimockapisolutions5451/313/b861537/mytv-ott-hello-world-android-tv-91585-319/android_tv_frontend/app/src/main/java/com/example/tv/TVApp.kt
2025-11-20 10:13:28,783 - Knowledge - INFO - [FILE_READ] Completed: TVApp.kt, Duration: 2ms, Size: 312
2025-11-20 10:13:28,984 - Knowledge - INFO - Found code-base-name: android_tv_frontend
2025-11-20 10:13:29,186 - Knowledge - INFO - Code base not found for android_tv_frontend. Joining with Knowledge base_path: True.
2025-11-20 10:13:29,363 - Knowledge - INFO - /app/data/tataelxsimockapisolutions5451/313/b861537/mytv-ott-hello-world-android-tv-91585-319
2025-11-20 10:13:29,594 - Knowledge - INFO - process ingested knowledge for /app/data/tataelxsimockapisolutions5451/313/b861537/mytv-ott-hello-world-android-tv-91585-319/android_tv_frontend/utilities/build/intermediates/incremental/mergeDebugJniLibFolders/merger.xml
2025-11-20 10:13:29,786 - Knowledge - INFO - [FILE_READ] Completed: merger.xml, Duration: 2ms, Size: 608
2025-11-20 10:13:29,968 - Knowledge - INFO - Found code-base-name: android_tv_frontend
2025-11-20 10:13:30,153 - Knowledge - INFO - Code base not found for android_tv_frontend. Joining with Knowledge base_path: True.
2025-11-20 10:13:30,355 - Knowledge - INFO - /app/data/tataelxsimockapisolutions5451/313/b861537/mytv-ott-hello-world-android-tv-91585-319
2025-11-20 10:13:30,516 - Knowledge - INFO - process ingested knowledge for /app/data/tataelxsimockapisolutions5451/313/b861537/mytv-ott-hello-world-android-tv-91585-319/android_tv_frontend/ANDROID_PROJECT_ROOT_README.md
2025-11-20 10:13:30,692 - Knowledge - INFO - [FILE_READ] Completed: ANDROID_PROJECT_ROOT_README.md, Duration: 2ms, Size: 216
2025-11-20 10:13:30,868 - Knowledge - INFO - Found code-base-name: android_tv_frontend
2025-11-20 10:13:31,057 - Knowledge - INFO - Code base not found for android_tv_frontend. Joining with Knowledge base_path: True.
2025-11-20 10:13:31,274 - Knowledge - INFO - /app/data/tataelxsimockapisolutions5451/313/b861537/mytv-ott-hello-world-android-tv-91585-319
2025-11-20 10:13:31,463 - Knowledge - INFO - process ingested knowledge for /app/data/tataelxsimockapisolutions5451/313/b861537/mytv-ott-hello-world-android-tv-91585-319/android_tv_frontend/list/build/intermediates/incremental/mergeDebugJniLibFolders/merger.xml
2025-11-20 10:13:31,633 - Knowledge - INFO - [FILE_READ] Completed: merger.xml, Duration: 2ms, Size: 598
2025-11-20 10:13:31,801 - Knowledge - INFO - Found code-base-name: android_tv_frontend
2025-11-20 10:13:32,028 - Knowledge - INFO - Code base not found for android_tv_frontend. Joining with Knowledge base_path: True.
2025-11-20 10:13:32,188 - Knowledge - INFO - /app/data/tataelxsimockapisolutions5451/313/b861537/mytv-ott-hello-world-android-tv-91585-319
2025-11-20 10:13:32,383 - Knowledge - INFO - process ingested knowledge for /app/data/tataelxsimockapisolutions5451/313/b861537/mytv-ott-hello-world-android-tv-91585-319/android_tv_frontend/app/src/main/res/drawable/sub_hbo.xml
2025-11-20 10:13:32,548 - Knowledge - INFO - [FILE_READ] Completed: sub_hbo.xml, Duration: 2ms, Size: 689
2025-11-20 10:13:32,748 - Knowledge - INFO - Found code-base-name: android_tv_frontend
2025-11-20 10:13:32,960 - Knowledge - INFO - Code base not found for android_tv_frontend. Joining with Knowledge base_path: True.
2025-11-20 10:13:33,150 - Knowledge - INFO - /app/data/tataelxsimockapisolutions5451/313/b861537/mytv-ott-hello-world-android-tv-91585-319
2025-11-20 10:13:33,376 - Knowledge - INFO - process ingested knowledge for /app/data/tataelxsimockapisolutions5451/313/b861537/mytv-ott-hello-world-android-tv-91585-319/android_tv_frontend/README_PROJECT_ROOT.md
2025-11-20 10:13:33,547 - Knowledge - INFO - [FILE_READ] Completed: README_PROJECT_ROOT.md, Duration: 2ms, Size: 326
2025-11-20 10:13:33,723 - Knowledge - INFO - Found code-base-name: android_tv_frontend
2025-11-20 10:13:33,900 - Knowledge - INFO - Code base not found for android_tv_frontend. Joining with Knowledge base_path: True.
2025-11-20 10:13:34,075 - Knowledge - INFO - /app/data/tataelxsimockapisolutions5451/313/b861537/mytv-ott-hello-world-android-tv-91585-319
2025-11-20 10:13:34,220 - Knowledge - INFO - process ingested knowledge for /app/data/tataelxsimockapisolutions5451/313/b861537/mytv-ott-hello-world-android-tv-91585-319/android_tv_frontend/app/src/main/java/com/example/tv/ui/content/ContentInfoActivity.kt
2025-11-20 10:13:34,431 - Knowledge - INFO - [FILE_READ] Completed: ContentInfoActivity.kt, Duration: 2ms, Size: 13072
2025-11-20 10:13:34,635 - Knowledge - INFO - Found code-base-name: android_tv_frontend
2025-11-20 10:13:34,806 - Knowledge - INFO - Code base not found for android_tv_frontend. Joining with Knowledge base_path: True.
2025-11-20 10:13:35,001 - Knowledge - INFO - /app/data/tataelxsimockapisolutions5451/313/b861537/mytv-ott-hello-world-android-tv-91585-319
2025-11-20 10:13:35,153 - Knowledge - INFO - process ingested knowledge for /app/data/tataelxsimockapisolutions5451/313/b861537/mytv-ott-hello-world-android-tv-91585-319/android_tv_frontend/app/src/main/java/com/example/tv/ui/login/LoginActivity.kt
2025-11-20 10:13:35,327 - Knowledge - INFO - [FILE_READ] Completed: LoginActivity.kt, Duration: 2ms, Size: 5721
2025-11-20 10:13:35,513 - Knowledge - INFO - Found code-base-name: android_tv_frontend
2025-11-20 10:13:35,683 - Knowledge - INFO - Code base not found for android_tv_frontend. Joining with Knowledge base_path: True.
2025-11-20 10:13:35,847 - Knowledge - INFO - /app/data/tataelxsimockapisolutions5451/313/b861537/mytv-ott-hello-world-android-tv-91585-319
2025-11-20 10:13:36,003 - Knowledge - INFO - process ingested knowledge for /app/data/tataelxsimockapisolutions5451/313/b861537/mytv-ott-hello-world-android-tv-91585-319/android_tv_frontend/app/src/main/res/drawable/card_bg.xml
2025-11-20 10:13:36,221 - Knowledge - INFO - [FILE_READ] Completed: card_bg.xml, Duration: 2ms, Size: 1094
2025-11-20 10:13:36,430 - Knowledge - INFO - Found code-base-name: android_tv_frontend
2025-11-20 10:13:36,634 - Knowledge - INFO - Code base not found for android_tv_frontend. Joining with Knowledge base_path: True.
2025-11-20 10:13:36,829 - Knowledge - INFO - /app/data/tataelxsimockapisolutions5451/313/b861537/mytv-ott-hello-world-android-tv-91585-319
2025-11-20 10:13:37,029 - Knowledge - INFO - process ingested knowledge for /app/data/tataelxsimockapisolutions5451/313/b861537/mytv-ott-hello-world-android-tv-91585-319/android_tv_frontend/comm_and_push.sh
2025-11-20 10:13:37,234 - Knowledge - INFO - [FILE_READ] Completed: comm_and_push.sh, Duration: 2ms, Size: 42
2025-11-20 10:13:37,444 - Knowledge - INFO - Found code-base-name: android_tv_frontend
2025-11-20 10:13:37,604 - Knowledge - INFO - Code base not found for android_tv_frontend. Joining with Knowledge base_path: True.
2025-11-20 10:13:37,813 - Knowledge - INFO - /app/data/tataelxsimockapisolutions5451/313/b861537/mytv-ott-hello-world-android-tv-91585-319
2025-11-20 10:13:38,022 - Knowledge - INFO - process ingested knowledge for /app/data/tataelxsimockapisolutions5451/313/b861537/mytv-ott-hello-world-android-tv-91585-319/android_tv_frontend/app/src/main/java/com/example/tv/ui/home/HomeActivity.kt
2025-11-20 10:13:38,214 - Knowledge - INFO - [FILE_READ] Completed: HomeActivity.kt, Duration: 2ms, Size: 19462
2025-11-20 10:13:38,396 - Knowledge - INFO - Found code-base-name: android_tv_frontend
2025-11-20 10:13:38,577 - Knowledge - INFO - Code base not found for android_tv_frontend. Joining with Knowledge base_path: True.
2025-11-20 10:13:38,759 - Knowledge - INFO - /app/data/tataelxsimockapisolutions5451/313/b861537/mytv-ott-hello-world-android-tv-91585-319
2025-11-20 10:13:38,903 - Knowledge - INFO - process ingested knowledge for /app/data/tataelxsimockapisolutions5451/313/b861537/mytv-ott-hello-world-android-tv-91585-319/android_tv_frontend/app/src/main/res/drawable/thumb_3.xml
2025-11-20 10:13:39,102 - Knowledge - INFO - [FILE_READ] Completed: thumb_3.xml, Duration: 2ms, Size: 463
2025-11-20 10:13:39,256 - Knowledge - INFO - Found code-base-name: android_tv_frontend
2025-11-20 10:13:39,394 - Knowledge - INFO - Code base not found for android_tv_frontend. Joining with Knowledge base_path: True.
2025-11-20 10:13:39,547 - Knowledge - INFO - /app/data/tataelxsimockapisolutions5451/313/b861537/mytv-ott-hello-world-android-tv-91585-319
2025-11-20 10:13:39,742 - Knowledge - INFO - process ingested knowledge for /app/data/tataelxsimockapisolutions5451/313/b861537/mytv-ott-hello-world-android-tv-91585-319/android_tv_frontend/app/src/main/res/drawable/sub_disney.xml
2025-11-20 10:13:39,925 - Knowledge - INFO - [FILE_READ] Completed: sub_disney.xml, Duration: 2ms, Size: 471
2025-11-20 10:13:40,161 - Knowledge - INFO - Found code-base-name: android_tv_frontend
2025-11-20 10:13:40,331 - Knowledge - INFO - Code base not found for android_tv_frontend. Joining with Knowledge base_path: True.
2025-11-20 10:13:40,507 - Knowledge - INFO - /app/data/tataelxsimockapisolutions5451/313/b861537/mytv-ott-hello-world-android-tv-91585-319
2025-11-20 10:13:40,695 - Knowledge - INFO - process ingested knowledge for /app/data/tataelxsimockapisolutions5451/313/b861537/mytv-ott-hello-world-android-tv-91585-319/android_tv_frontend/utilities/build/intermediates/merged_manifest/debug/processDebugManifest/AndroidManifest.xml
2025-11-20 10:13:40,871 - Knowledge - INFO - [FILE_READ] Completed: AndroidManifest.xml, Duration: 2ms, Size: 203
2025-11-20 10:13:41,054 - Knowledge - INFO - Found code-base-name: android_tv_frontend
2025-11-20 10:13:41,234 - Knowledge - INFO - Code base not found for android_tv_frontend. Joining with Knowledge base_path: True.
2025-11-20 10:13:41,403 - Knowledge - INFO - /app/data/tataelxsimockapisolutions5451/313/b861537/mytv-ott-hello-world-android-tv-91585-319
2025-11-20 10:13:41,567 - Knowledge - INFO - process ingested knowledge for /app/data/tataelxsimockapisolutions5451/313/b861537/mytv-ott-hello-world-android-tv-91585-319/android_tv_frontend/app/src/main/res/drawable/thumb_6.xml
2025-11-20 10:13:41,788 - Knowledge - INFO - [FILE_READ] Completed: thumb_6.xml, Duration: 2ms, Size: 485
2025-11-20 10:13:41,946 - Knowledge - INFO - Found code-base-name: android_tv_frontend
2025-11-20 10:13:42,138 - Knowledge - INFO - Code base not found for android_tv_frontend. Joining with Knowledge base_path: True.
2025-11-20 10:13:42,327 - Knowledge - INFO - /app/data/tataelxsimockapisolutions5451/313/b861537/mytv-ott-hello-world-android-tv-91585-319
2025-11-20 10:13:42,505 - Knowledge - INFO - process ingested knowledge for /app/data/tataelxsimockapisolutions5451/313/b861537/mytv-ott-hello-world-android-tv-91585-319/android_tv_frontend/list/build/intermediates/merged_manifest/debug/processDebugManifest/AndroidManifest.xml
2025-11-20 10:13:42,660 - Knowledge - INFO - [FILE_READ] Completed: AndroidManifest.xml, Duration: 2ms, Size: 198
2025-11-20 10:13:42,849 - Knowledge - INFO - Found code-base-name: android_tv_frontend
2025-11-20 10:13:43,027 - Knowledge - INFO - Code base not found for android_tv_frontend. Joining with Knowledge base_path: True.
2025-11-20 10:13:43,179 - Knowledge - INFO - /app/data/tataelxsimockapisolutions5451/313/b861537/mytv-ott-hello-world-android-tv-91585-319
2025-11-20 10:13:43,369 - Knowledge - INFO - process ingested knowledge for /app/data/tataelxsimockapisolutions5451/313/b861537/mytv-ott-hello-world-android-tv-91585-319/android_tv_frontend/app/src/main/res/values/text_appearances.xml
2025-11-20 10:13:43,608 - Knowledge - INFO - [FILE_READ] Completed: text_appearances.xml, Duration: 3ms, Size: 670
2025-11-20 10:13:43,805 - Knowledge - INFO - Found code-base-name: android_tv_frontend
2025-11-20 10:13:43,958 - Knowledge - INFO - Code base not found for android_tv_frontend. Joining with Knowledge base_path: True.
2025-11-20 10:13:44,112 - Knowledge - INFO - /app/data/tataelxsimockapisolutions5451/313/b861537/mytv-ott-hello-world-android-tv-91585-319
2025-11-20 10:13:44,298 - Knowledge - INFO - process ingested knowledge for /app/data/tataelxsimockapisolutions5451/313/b861537/mytv-ott-hello-world-android-tv-91585-319/android_tv_frontend/app/src/main/res/values/theme_expressive_loader_overlay.xml
2025-11-20 10:13:44,443 - Knowledge - INFO - [FILE_READ] Completed: theme_expressive_loader_overlay.xml, Duration: 2ms, Size: 458
2025-11-20 10:13:44,645 - Knowledge - INFO - Found code-base-name: android_tv_frontend
2025-11-20 10:13:44,831 - Knowledge - INFO - Code base not found for android_tv_frontend. Joining with Knowledge base_path: True.
2025-11-20 10:13:44,992 - Knowledge - INFO - /app/data/tataelxsimockapisolutions5451/313/b861537/mytv-ott-hello-world-android-tv-91585-319
2025-11-20 10:13:45,192 - Knowledge - INFO - process ingested knowledge for /app/data/tataelxsimockapisolutions5451/313/b861537/mytv-ott-hello-world-android-tv-91585-319/android_tv_frontend/list/build/intermediates/incremental/mergeDebugShaders/merger.xml
2025-11-20 10:13:45,415 - Knowledge - INFO - [FILE_READ] Completed: merger.xml, Duration: 2ms, Size: 598
2025-11-20 10:13:45,585 - Knowledge - INFO - Found code-base-name: android_tv_frontend
2025-11-20 10:13:45,780 - Knowledge - INFO - Code base not found for android_tv_frontend. Joining with Knowledge base_path: True.
2025-11-20 10:13:46,015 - Knowledge - INFO - /app/data/tataelxsimockapisolutions5451/313/b861537/mytv-ott-hello-world-android-tv-91585-319
2025-11-20 10:13:46,229 - Knowledge - INFO - process ingested knowledge for /app/data/tataelxsimockapisolutions5451/313/b861537/mytv-ott-hello-world-android-tv-91585-319/android_tv_frontend/build.sh
2025-11-20 10:13:46,457 - Knowledge - INFO - [FILE_READ] Completed: build.sh, Duration: 2ms, Size: 1165
2025-11-20 10:13:46,649 - Knowledge - INFO - Found code-base-name: android_tv_frontend
2025-11-20 10:13:46,828 - Knowledge - INFO - Code base not found for android_tv_frontend. Joining with Knowledge base_path: True.
2025-11-20 10:13:47,000 - Knowledge - INFO - /app/data/tataelxsimockapisolutions5451/313/b861537/mytv-ott-hello-world-android-tv-91585-319
2025-11-20 10:13:47,163 - Knowledge - INFO - process ingested knowledge for /app/data/tataelxsimockapisolutions5451/313/b861537/mytv-ott-hello-world-android-tv-91585-319/android_tv_frontend/ANDROID_PROJECT_ROOT.md
2025-11-20 10:13:47,315 - Knowledge - INFO - [FILE_READ] Completed: ANDROID_PROJECT_ROOT.md, Duration: 2ms, Size: 345
2025-11-20 10:13:47,480 - Knowledge - INFO - Found code-base-name: android_tv_frontend
2025-11-20 10:13:47,687 - Knowledge - INFO - Code base not found for android_tv_frontend. Joining with Knowledge base_path: True.
2025-11-20 10:13:47,889 - Knowledge - INFO - /app/data/tataelxsimockapisolutions5451/313/b861537/mytv-ott-hello-world-android-tv-91585-319
2025-11-20 10:13:48,047 - Knowledge - INFO - process ingested knowledge for /app/data/tataelxsimockapisolutions5451/313/b861537/mytv-ott-hello-world-android-tv-91585-319/android_tv_frontend/utilities/build/intermediates/incremental/mergeDebugShaders/merger.xml
2025-11-20 10:13:48,220 - Knowledge - INFO - [FILE_READ] Completed: merger.xml, Duration: 4ms, Size: 608
2025-11-20 10:13:48,396 - Knowledge - INFO - Found code-base-name: android_tv_frontend
2025-11-20 10:13:48,596 - Knowledge - INFO - Code base not found for android_tv_frontend. Joining with Knowledge base_path: True.
2025-11-20 10:13:48,819 - Knowledge - INFO - /app/data/tataelxsimockapisolutions5451/313/b861537/mytv-ott-hello-world-android-tv-91585-319
2025-11-20 10:13:49,001 - Knowledge - INFO - process ingested knowledge for /app/data/tataelxsimockapisolutions5451/313/b861537/mytv-ott-hello-world-android-tv-91585-319/android_tv_frontend/reset_branch.sh
2025-11-20 10:13:49,176 - Knowledge - INFO - [FILE_READ] Completed: reset_branch.sh, Duration: 2ms, Size: 978
2025-11-20 10:13:49,327 - Knowledge - INFO - Found code-base-name: android_tv_frontend
2025-11-20 10:13:49,518 - Knowledge - INFO - Code base not found for android_tv_frontend. Joining with Knowledge base_path: True.
2025-11-20 10:13:49,688 - Knowledge - INFO - /app/data/tataelxsimockapisolutions5451/313/b861537/mytv-ott-hello-world-android-tv-91585-319
2025-11-20 10:13:49,864 - Knowledge - INFO - process ingested knowledge for /app/data/tataelxsimockapisolutions5451/313/b861537/mytv-ott-hello-world-android-tv-91585-319/android_tv_frontend/app/src/main/res/font/reddit_sans.xml
2025-11-20 10:13:50,025 - Knowledge - INFO - [FILE_READ] Completed: reddit_sans.xml, Duration: 2ms, Size: 441
2025-11-20 10:13:50,218 - Knowledge - INFO - Found code-base-name: android_tv_frontend
2025-11-20 10:13:50,390 - Knowledge - INFO - Code base not found for android_tv_frontend. Joining with Knowledge base_path: True.
2025-11-20 10:13:50,620 - Knowledge - INFO - /app/data/tataelxsimockapisolutions5451/313/b861537/mytv-ott-hello-world-android-tv-91585-319
2025-11-20 10:13:50,819 - Knowledge - INFO - process ingested knowledge for /app/data/tataelxsimockapisolutions5451/313/b861537/mytv-ott-hello-world-android-tv-91585-319/android_tv_frontend/utilities/src/main/kotlin/org/example/utilities/JoinUtils.kt
2025-11-20 10:13:51,049 - Knowledge - INFO - [FILE_READ] Completed: JoinUtils.kt, Duration: 2ms, Size: 432
2025-11-20 10:13:51,262 - Knowledge - INFO - Found code-base-name: android_tv_frontend
2025-11-20 10:13:51,429 - Knowledge - INFO - Code base not found for android_tv_frontend. Joining with Knowledge base_path: True.
2025-11-20 10:13:51,572 - Knowledge - INFO - /app/data/tataelxsimockapisolutions5451/313/b861537/mytv-ott-hello-world-android-tv-91585-319
2025-11-20 10:13:51,742 - Knowledge - INFO - process ingested knowledge for /app/data/tataelxsimockapisolutions5451/313/b861537/mytv-ott-hello-world-android-tv-91585-319/android_tv_frontend/utilities/build/intermediates/android_test_lint_model/debug/generateDebugAndroidTestLintModel/debug-artifact-dependencies.xml
2025-11-20 10:13:51,905 - Knowledge - INFO - [FILE_READ] Completed: debug-artifact-dependencies.xml, Duration: 2ms, Size: 1603
2025-11-20 10:13:52,118 - Knowledge - INFO - Found code-base-name: android_tv_frontend
2025-11-20 10:13:52,278 - Knowledge - INFO - Code base not found for android_tv_frontend. Joining with Knowledge base_path: True.
2025-11-20 10:13:52,444 - Knowledge - INFO - /app/data/tataelxsimockapisolutions5451/313/b861537/mytv-ott-hello-world-android-tv-91585-319
2025-11-20 10:13:52,647 - Knowledge - INFO - process ingested knowledge for /app/data/tataelxsimockapisolutions5451/313/b861537/mytv-ott-hello-world-android-tv-91585-319/android_tv_frontend/list/build/intermediates/lint_model/debug/generateDebugLintModel/debug-artifact-dependencies.xml
2025-11-20 10:13:52,804 - Knowledge - INFO - [FILE_READ] Completed: debug-artifact-dependencies.xml, Duration: 2ms, Size: 1129
2025-11-20 10:13:52,997 - Knowledge - INFO - Found code-base-name: android_tv_frontend
2025-11-20 10:13:53,167 - Knowledge - INFO - Code base not found for android_tv_frontend. Joining with Knowledge base_path: True.
2025-11-20 10:13:53,358 - Knowledge - INFO - /app/data/tataelxsimockapisolutions5451/313/b861537/mytv-ott-hello-world-android-tv-91585-319
2025-11-20 10:13:53,562 - Knowledge - INFO - process ingested knowledge for /app/data/tataelxsimockapisolutions5451/313/b861537/mytv-ott-hello-world-android-tv-91585-319/android_tv_frontend/list/build/intermediates/android_test_lint_model/debug/generateDebugAndroidTestLintModel/module.xml
2025-11-20 10:13:53,739 - Knowledge - INFO - [FILE_READ] Completed: module.xml, Duration: 2ms, Size: 655
2025-11-20 10:13:53,958 - Knowledge - INFO - Found code-base-name: android_tv_frontend
2025-11-20 10:13:54,128 - Knowledge - INFO - Code base not found for android_tv_frontend. Joining with Knowledge base_path: True.
2025-11-20 10:13:54,303 - Knowledge - INFO - /app/data/tataelxsimockapisolutions5451/313/b861537/mytv-ott-hello-world-android-tv-91585-319
2025-11-20 10:13:54,483 - Knowledge - INFO - process ingested knowledge for /app/data/tataelxsimockapisolutions5451/313/b861537/mytv-ott-hello-world-android-tv-91585-319/android_tv_frontend/list/build/reports/lint-results-debug.xml
2025-11-20 10:13:54,656 - Knowledge - INFO - [FILE_READ] Completed: lint-results-debug.xml, Duration: 2ms, Size: 2869
2025-11-20 10:13:54,878 - Knowledge - INFO - Found code-base-name: android_tv_frontend
2025-11-20 10:13:55,061 - Knowledge - INFO - Code base not found for android_tv_frontend. Joining with Knowledge base_path: True.
2025-11-20 10:13:55,273 - Knowledge - INFO - /app/data/tataelxsimockapisolutions5451/313/b861537/mytv-ott-hello-world-android-tv-91585-319
2025-11-20 10:13:55,494 - Knowledge - INFO - process ingested knowledge for /app/data/tataelxsimockapisolutions5451/313/b861537/mytv-ott-hello-world-android-tv-91585-319/android_tv_frontend/app/src/main/res/layout/activity_main.xml
2025-11-20 10:13:55,683 - Knowledge - INFO - [FILE_READ] Completed: activity_main.xml, Duration: 2ms, Size: 1854
2025-11-20 10:13:55,845 - Knowledge - INFO - Found code-base-name: android_tv_frontend
2025-11-20 10:13:56,042 - Knowledge - INFO - Code base not found for android_tv_frontend. Joining with Knowledge base_path: True.
2025-11-20 10:13:56,225 - Knowledge - INFO - /app/data/tataelxsimockapisolutions5451/313/b861537/mytv-ott-hello-world-android-tv-91585-319
2025-11-20 10:13:56,446 - Knowledge - INFO - process ingested knowledge for /app/data/tataelxsimockapisolutions5451/313/b861537/mytv-ott-hello-world-android-tv-91585-319/android_tv_frontend/utilities/build/reports/lint-results-debug.xml
2025-11-20 10:13:56,596 - Knowledge - INFO - [FILE_READ] Completed: lint-results-debug.xml, Duration: 2ms, Size: 2879
2025-11-20 10:13:56,806 - Knowledge - INFO - Found code-base-name: android_tv_frontend
2025-11-20 10:13:57,035 - Knowledge - INFO - Code base not found for android_tv_frontend. Joining with Knowledge base_path: True.
2025-11-20 10:13:57,235 - Knowledge - INFO - /app/data/tataelxsimockapisolutions5451/313/b861537/mytv-ott-hello-world-android-tv-91585-319
2025-11-20 10:13:57,400 - Knowledge - INFO - process ingested knowledge for /app/data/tataelxsimockapisolutions5451/313/b861537/mytv-ott-hello-world-android-tv-91585-319/android_tv_frontend/utilities/build/intermediates/android_test_lint_model/debug/generateDebugAndroidTestLintModel/module.xml
2025-11-20 10:13:57,594 - Knowledge - INFO - [FILE_READ] Completed: module.xml, Duration: 2ms, Size: 670
2025-11-20 10:13:57,756 - Knowledge - INFO - Found code-base-name: android_tv_frontend
2025-11-20 10:13:57,954 - Knowledge - INFO - Code base not found for android_tv_frontend. Joining with Knowledge base_path: True.
2025-11-20 10:13:58,149 - Knowledge - INFO - /app/data/tataelxsimockapisolutions5451/313/b861537/mytv-ott-hello-world-android-tv-91585-319
2025-11-20 10:13:58,312 - Knowledge - INFO - process ingested knowledge for /app/data/tataelxsimockapisolutions5451/313/b861537/mytv-ott-hello-world-android-tv-91585-319/android_tv_frontend/list/build/intermediates/android_test_lint_model/debug/generateDebugAndroidTestLintModel/debug-artifact-dependencies.xml
2025-11-20 10:13:58,482 - Knowledge - INFO - [FILE_READ] Completed: debug-artifact-dependencies.xml, Duration: 5ms, Size: 1351
2025-11-20 10:13:58,693 - Knowledge - INFO - Found code-base-name: android_tv_frontend
2025-11-20 10:13:58,846 - Knowledge - INFO - Code base not found for android_tv_frontend. Joining with Knowledge base_path: True.
2025-11-20 10:13:59,007 - Knowledge - INFO - /app/data/tataelxsimockapisolutions5451/313/b861537/mytv-ott-hello-world-android-tv-91585-319
2025-11-20 10:13:59,171 - Knowledge - INFO - process ingested knowledge for /app/data/tataelxsimockapisolutions5451/313/b861537/mytv-ott-hello-world-android-tv-91585-319/android_tv_frontend/list/build/intermediates/lint_model/debug/generateDebugLintModel/module.xml
2025-11-20 10:13:59,368 - Knowledge - INFO - [FILE_READ] Completed: module.xml, Duration: 3ms, Size: 655
2025-11-20 10:13:59,545 - Knowledge - INFO - Found code-base-name: android_tv_frontend
2025-11-20 10:13:59,726 - Knowledge - INFO - Code base not found for android_tv_frontend. Joining with Knowledge base_path: True.
2025-11-20 10:13:59,883 - Knowledge - INFO - /app/data/tataelxsimockapisolutions5451/313/b861537/mytv-ott-hello-world-android-tv-91585-319
2025-11-20 10:14:00,034 - Knowledge - INFO - process ingested knowledge for /app/data/tataelxsimockapisolutions5451/313/b861537/mytv-ott-hello-world-android-tv-91585-319/android_tv_frontend/app/src/main/java/com/example/tv/data/api/NetworkConfig.kt
2025-11-20 10:14:00,224 - Knowledge - INFO - [FILE_READ] Completed: NetworkConfig.kt, Duration: 2ms, Size: 644
2025-11-20 10:14:00,382 - Knowledge - INFO - Found code-base-name: android_tv_frontend
2025-11-20 10:14:00,585 - Knowledge - INFO - Code base not found for android_tv_frontend. Joining with Knowledge base_path: True.
2025-11-20 10:14:00,768 - Knowledge - INFO - /app/data/tataelxsimockapisolutions5451/313/b861537/mytv-ott-hello-world-android-tv-91585-319
2025-11-20 10:14:00,936 - Knowledge - INFO - process ingested knowledge for /app/data/tataelxsimockapisolutions5451/313/b861537/mytv-ott-hello-world-android-tv-91585-319/android_tv_frontend/app/build.gradle
2025-11-20 10:14:01,077 - Knowledge - INFO - [FILE_READ] Completed: build.gradle, Duration: 2ms, Size: 2959
2025-11-20 10:14:01,264 - Knowledge - INFO - Found code-base-name: android_tv_frontend
2025-11-20 10:14:01,451 - Knowledge - INFO - Code base not found for android_tv_frontend. Joining with Knowledge base_path: True.
2025-11-20 10:14:01,622 - Knowledge - INFO - /app/data/tataelxsimockapisolutions5451/313/b861537/mytv-ott-hello-world-android-tv-91585-319
2025-11-20 10:14:01,796 - Knowledge - INFO - process ingested knowledge for /app/data/tataelxsimockapisolutions5451/313/b861537/mytv-ott-hello-world-android-tv-91585-319/android_tv_frontend/utilities/src/main/kotlin/org/example/utilities/SplitUtils.kt
2025-11-20 10:14:01,972 - Knowledge - INFO - [FILE_READ] Completed: SplitUtils.kt, Duration: 2ms, Size: 936
2025-11-20 10:14:02,154 - Knowledge - INFO - Found code-base-name: android_tv_frontend
2025-11-20 10:14:02,327 - Knowledge - INFO - Code base not found for android_tv_frontend. Joining with Knowledge base_path: True.
2025-11-20 10:14:02,503 - Knowledge - INFO - /app/data/tataelxsimockapisolutions5451/313/b861537/mytv-ott-hello-world-android-tv-91585-319
2025-11-20 10:14:02,653 - Knowledge - INFO - process ingested knowledge for /app/data/tataelxsimockapisolutions5451/313/b861537/mytv-ott-hello-world-android-tv-91585-319/android_tv_frontend/app/src/main/java/com/example/tv/MainActivity.kt
2025-11-20 10:14:02,815 - Knowledge - INFO - [FILE_READ] Completed: MainActivity.kt, Duration: 2ms, Size: 1768
2025-11-20 10:14:02,976 - Knowledge - INFO - Found code-base-name: android_tv_frontend
2025-11-20 10:14:03,154 - Knowledge - INFO - Code base not found for android_tv_frontend. Joining with Knowledge base_path: True.
2025-11-20 10:14:03,329 - Knowledge - INFO - /app/data/tataelxsimockapisolutions5451/313/b861537/mytv-ott-hello-world-android-tv-91585-319
2025-11-20 10:14:03,496 - Knowledge - INFO - process ingested knowledge for /app/data/tataelxsimockapisolutions5451/313/b861537/mytv-ott-hello-world-android-tv-91585-319/android_tv_frontend/build.gradle
2025-11-20 10:14:03,669 - Knowledge - INFO - [FILE_READ] Completed: build.gradle, Duration: 2ms, Size: 314
2025-11-20 10:14:03,859 - Knowledge - INFO - Found code-base-name: android_tv_frontend
2025-11-20 10:14:04,018 - Knowledge - INFO - Code base not found for android_tv_frontend. Joining with Knowledge base_path: True.
2025-11-20 10:14:04,220 - Knowledge - INFO - /app/data/tataelxsimockapisolutions5451/313/b861537/mytv-ott-hello-world-android-tv-91585-319
2025-11-20 10:14:04,433 - Knowledge - INFO - process ingested knowledge for /app/data/tataelxsimockapisolutions5451/313/b861537/mytv-ott-hello-world-android-tv-91585-319/android_tv_frontend/build.gradle.kts
2025-11-20 10:14:04,639 - Knowledge - INFO - [FILE_READ] Completed: build.gradle.kts, Duration: 2ms, Size: 386
2025-11-20 10:14:04,828 - Knowledge - INFO - Found code-base-name: android_tv_frontend
2025-11-20 10:14:05,028 - Knowledge - INFO - Code base not found for android_tv_frontend. Joining with Knowledge base_path: True.
2025-11-20 10:14:05,233 - Knowledge - INFO - /app/data/tataelxsimockapisolutions5451/313/b861537/mytv-ott-hello-world-android-tv-91585-319
2025-11-20 10:14:05,397 - Knowledge - INFO - process ingested knowledge for /app/data/tataelxsimockapisolutions5451/313/b861537/mytv-ott-hello-world-android-tv-91585-319/android_tv_frontend/app/src/main/res/color/loader_blue_color.xml
2025-11-20 10:14:05,627 - Knowledge - INFO - [FILE_READ] Completed: loader_blue_color.xml, Duration: 2ms, Size: 229
2025-11-20 10:14:05,778 - Knowledge - INFO - Found code-base-name: android_tv_frontend
2025-11-20 10:14:05,969 - Knowledge - INFO - Code base not found for android_tv_frontend. Joining with Knowledge base_path: True.
2025-11-20 10:14:06,182 - Knowledge - INFO - /app/data/tataelxsimockapisolutions5451/313/b861537/mytv-ott-hello-world-android-tv-91585-319
2025-11-20 10:14:06,333 - Knowledge - INFO - process ingested knowledge for /app/data/tataelxsimockapisolutions5451/313/b861537/mytv-ott-hello-world-android-tv-91585-319/android_tv_frontend/README.md
2025-11-20 10:14:06,538 - Knowledge - INFO - [FILE_READ] Completed: README.md, Duration: 2ms, Size: 368
2025-11-20 10:14:06,740 - Knowledge - INFO - Found code-base-name: android_tv_frontend
2025-11-20 10:14:06,929 - Knowledge - INFO - Code base not found for android_tv_frontend. Joining with Knowledge base_path: True.
2025-11-20 10:14:07,132 - Knowledge - INFO - /app/data/tataelxsimockapisolutions5451/313/b861537/mytv-ott-hello-world-android-tv-91585-319
2025-11-20 10:14:07,335 - Knowledge - INFO - process ingested knowledge for /app/data/tataelxsimockapisolutions5451/313/b861537/mytv-ott-hello-world-android-tv-91585-319/android_tv_frontend/app/src/main/res/xml/leanback_launcher.xml
2025-11-20 10:14:07,538 - Knowledge - INFO - [FILE_READ] Completed: leanback_launcher.xml, Duration: 2ms, Size: 202
2025-11-20 10:14:07,731 - Knowledge - INFO - Found code-base-name: android_tv_frontend
2025-11-20 10:14:07,933 - Knowledge - INFO - Code base not found for android_tv_frontend. Joining with Knowledge base_path: True.
2025-11-20 10:14:08,103 - Knowledge - INFO - /app/data/tataelxsimockapisolutions5451/313/b861537/mytv-ott-hello-world-android-tv-91585-319
2025-11-20 10:14:08,269 - Knowledge - INFO - process ingested knowledge for /app/data/tataelxsimockapisolutions5451/313/b861537/mytv-ott-hello-world-android-tv-91585-319/android_tv_frontend/app/src/main/res/layout/activity_home.xml
2025-11-20 10:14:08,508 - Knowledge - INFO - [FILE_READ] Completed: activity_home.xml, Duration: 2ms, Size: 7736
2025-11-20 10:14:08,652 - Knowledge - INFO - Found code-base-name: android_tv_frontend
2025-11-20 10:14:08,860 - Knowledge - INFO - Code base not found for android_tv_frontend. Joining with Knowledge base_path: True.
2025-11-20 10:14:09,044 - Knowledge - INFO - /app/data/tataelxsimockapisolutions5451/313/b861537/mytv-ott-hello-world-android-tv-91585-319
2025-11-20 10:14:09,245 - Knowledge - INFO - process ingested knowledge for /app/data/tataelxsimockapisolutions5451/313/b861537/mytv-ott-hello-world-android-tv-91585-319/android_tv_frontend/list/build/intermediates/unit_test_lint_model/debug/generateDebugUnitTestLintModel/debug-artifact-libraries.xml
2025-11-20 10:14:09,507 - Knowledge - INFO - [FILE_READ] Completed: debug-artifact-libraries.xml, Duration: 2ms, Size: 1569
2025-11-20 10:14:09,650 - Knowledge - INFO - Found code-base-name: android_tv_frontend
2025-11-20 10:14:09,879 - Knowledge - INFO - Code base not found for android_tv_frontend. Joining with Knowledge base_path: True.
2025-11-20 10:14:10,072 - Knowledge - INFO - /app/data/tataelxsimockapisolutions5451/313/b861537/mytv-ott-hello-world-android-tv-91585-319
2025-11-20 10:14:10,248 - Knowledge - INFO - process ingested knowledge for /app/data/tataelxsimockapisolutions5451/313/b861537/mytv-ott-hello-world-android-tv-91585-319/android_tv_frontend/utilities/build/intermediates/incremental/lintAnalyzeDebugAndroidTest/debug-artifact-libraries.xml
2025-11-20 10:14:10,423 - Knowledge - INFO - [FILE_READ] Completed: debug-artifact-libraries.xml, Duration: 2ms, Size: 2266
2025-11-20 10:14:10,601 - Knowledge - INFO - Found code-base-name: android_tv_frontend
2025-11-20 10:14:10,771 - Knowledge - INFO - Code base not found for android_tv_frontend. Joining with Knowledge base_path: True.
2025-11-20 10:14:10,970 - Knowledge - INFO - /app/data/tataelxsimockapisolutions5451/313/b861537/mytv-ott-hello-world-android-tv-91585-319
2025-11-20 10:14:11,187 - Knowledge - INFO - process ingested knowledge for /app/data/tataelxsimockapisolutions5451/313/b861537/mytv-ott-hello-world-android-tv-91585-319/android_tv_frontend/utilities/build/reports/lint-results-debug.html
2025-11-20 10:14:11,363 - Knowledge - INFO - [FILE_READ] Completed: lint-results-debug.html, Duration: 3ms, Size: 48433
2025-11-20 10:14:11,552 - Knowledge - INFO - Found code-base-name: android_tv_frontend
2025-11-20 10:14:11,762 - Knowledge - INFO - Code base not found for android_tv_frontend. Joining with Knowledge base_path: True.
2025-11-20 10:14:11,926 - Knowledge - INFO - /app/data/tataelxsimockapisolutions5451/313/b861537/mytv-ott-hello-world-android-tv-91585-319
2025-11-20 10:14:12,140 - Knowledge - INFO - process ingested knowledge for /app/data/tataelxsimockapisolutions5451/313/b861537/mytv-ott-hello-world-android-tv-91585-319/android_tv_frontend/app/src/main/res/drawable/thumb_2.xml
2025-11-20 10:14:12,308 - Knowledge - INFO - [FILE_READ] Completed: thumb_2.xml, Duration: 2ms, Size: 411
2025-11-20 10:14:12,449 - Knowledge - INFO - Found code-base-name: android_tv_frontend
2025-11-20 10:14:12,657 - Knowledge - INFO - Code base not found for android_tv_frontend. Joining with Knowledge base_path: True.
2025-11-20 10:14:12,874 - Knowledge - INFO - /app/data/tataelxsimockapisolutions5451/313/b861537/mytv-ott-hello-world-android-tv-91585-319
2025-11-20 10:14:13,074 - Knowledge - INFO - process ingested knowledge for /app/data/tataelxsimockapisolutions5451/313/b861537/mytv-ott-hello-world-android-tv-91585-319/android_tv_frontend/app/src/main/res/layout/activity_login.xml
2025-11-20 10:14:13,277 - Knowledge - INFO - [FILE_READ] Completed: activity_login.xml, Duration: 2ms, Size: 6660
2025-11-20 10:14:13,454 - Knowledge - INFO - Found code-base-name: android_tv_frontend
2025-11-20 10:14:13,616 - Knowledge - INFO - Code base not found for android_tv_frontend. Joining with Knowledge base_path: True.
2025-11-20 10:14:13,831 - Knowledge - INFO - /app/data/tataelxsimockapisolutions5451/313/b861537/mytv-ott-hello-world-android-tv-91585-319
2025-11-20 10:14:14,013 - Knowledge - INFO - process ingested knowledge for /app/data/tataelxsimockapisolutions5451/313/b861537/mytv-ott-hello-world-android-tv-91585-319/android_tv_frontend/list/build/intermediates/incremental/lintAnalyzeDebugAndroidTest/debug-artifact-libraries.xml
2025-11-20 10:14:14,185 - Knowledge - INFO - [FILE_READ] Completed: debug-artifact-libraries.xml, Duration: 2ms, Size: 1569
2025-11-20 10:14:14,368 - Knowledge - INFO - Found code-base-name: android_tv_frontend
2025-11-20 10:14:14,545 - Knowledge - INFO - Code base not found for android_tv_frontend. Joining with Knowledge base_path: True.
2025-11-20 10:14:14,726 - Knowledge - INFO - /app/data/tataelxsimockapisolutions5451/313/b861537/mytv-ott-hello-world-android-tv-91585-319
2025-11-20 10:14:14,941 - Knowledge - INFO - process ingested knowledge for /app/data/tataelxsimockapisolutions5451/313/b861537/mytv-ott-hello-world-android-tv-91585-319/android_tv_frontend/list/build/reports/lint-results-debug.html
2025-11-20 10:14:15,154 - Knowledge - INFO - [FILE_READ] Completed: lint-results-debug.html, Duration: 2ms, Size: 48382
2025-11-20 10:14:15,316 - Knowledge - INFO - Found code-base-name: android_tv_frontend
2025-11-20 10:14:15,538 - Knowledge - INFO - Code base not found for android_tv_frontend. Joining with Knowledge base_path: True.
2025-11-20 10:14:15,728 - Knowledge - INFO - /app/data/tataelxsimockapisolutions5451/313/b861537/mytv-ott-hello-world-android-tv-91585-319
2025-11-20 10:14:15,881 - Knowledge - INFO - process ingested knowledge for /app/data/tataelxsimockapisolutions5451/313/b861537/mytv-ott-hello-world-android-tv-91585-319/android_tv_frontend/app/src/main/java/com/example/tv/ui/home/HomeViewModel.kt
2025-11-20 10:14:16,116 - Knowledge - INFO - [FILE_READ] Completed: HomeViewModel.kt, Duration: 2ms, Size: 2772
2025-11-20 10:14:16,289 - Knowledge - INFO - Found code-base-name: android_tv_frontend
2025-11-20 10:14:16,470 - Knowledge - INFO - Code base not found for android_tv_frontend. Joining with Knowledge base_path: True.
2025-11-20 10:14:16,651 - Knowledge - INFO - /app/data/tataelxsimockapisolutions5451/313/b861537/mytv-ott-hello-world-android-tv-91585-319
2025-11-20 10:14:16,867 - Knowledge - INFO - process ingested knowledge for /app/data/tataelxsimockapisolutions5451/313/b861537/mytv-ott-hello-world-android-tv-91585-319/android_tv_frontend/utilities/build/intermediates/unit_test_lint_model/debug/generateDebugUnitTestLintModel/debug-artifact-libraries.xml
2025-11-20 10:14:17,055 - Knowledge - INFO - [FILE_READ] Completed: debug-artifact-libraries.xml, Duration: 2ms, Size: 2266
2025-11-20 10:14:17,219 - Knowledge - INFO - Found code-base-name: android_tv_frontend
2025-11-20 10:14:17,402 - Knowledge - INFO - Code base not found for android_tv_frontend. Joining with Knowledge base_path: True.
2025-11-20 10:14:17,555 - Knowledge - INFO - /app/data/tataelxsimockapisolutions5451/313/b861537/mytv-ott-hello-world-android-tv-91585-319
2025-11-20 10:14:17,720 - Knowledge - INFO - process ingested knowledge for /app/data/tataelxsimockapisolutions5451/313/b861537/mytv-ott-hello-world-android-tv-91585-319/android_tv_frontend/move_apk.sh
2025-11-20 10:14:17,908 - Knowledge - INFO - [FILE_READ] Completed: move_apk.sh, Duration: 2ms, Size: 233
2025-11-20 10:14:18,124 - Knowledge - INFO - Found code-base-name: android_tv_frontend
2025-11-20 10:14:18,322 - Knowledge - INFO - Code base not found for android_tv_frontend. Joining with Knowledge base_path: True.
2025-11-20 10:14:18,501 - Knowledge - INFO - /app/data/tataelxsimockapisolutions5451/313/b861537/mytv-ott-hello-world-android-tv-91585-319
2025-11-20 10:14:18,708 - Knowledge - INFO - process ingested knowledge for /app/data/tataelxsimockapisolutions5451/313/b861537/mytv-ott-hello-world-android-tv-91585-319/android_tv_frontend/app/src/main/res/values/missing_dimens.xml
2025-11-20 10:14:18,861 - Knowledge - INFO - [FILE_READ] Completed: missing_dimens.xml, Duration: 2ms, Size: 271
2025-11-20 10:14:19,074 - Knowledge - INFO - Found code-base-name: android_tv_frontend
2025-11-20 10:14:19,273 - Knowledge - INFO - Code base not found for android_tv_frontend. Joining with Knowledge base_path: True.
2025-11-20 10:14:19,462 - Knowledge - INFO - /app/data/tataelxsimockapisolutions5451/313/b861537/mytv-ott-hello-world-android-tv-91585-319
2025-11-20 10:14:19,625 - Knowledge - INFO - process ingested knowledge for /app/data/tataelxsimockapisolutions5451/313/b861537/mytv-ott-hello-world-android-tv-91585-319/android_tv_frontend/app/src/main/java/com/example/tv/data/api/dto/Mappers.kt
2025-11-20 10:14:19,823 - Knowledge - INFO - [FILE_READ] Completed: Mappers.kt, Duration: 2ms, Size: 312
2025-11-20 10:14:19,988 - Knowledge - INFO - Found code-base-name: android_tv_frontend
2025-11-20 10:14:20,135 - Knowledge - INFO - Code base not found for android_tv_frontend. Joining with Knowledge base_path: True.
2025-11-20 10:14:20,303 - Knowledge - INFO - /app/data/tataelxsimockapisolutions5451/313/b861537/mytv-ott-hello-world-android-tv-91585-319
2025-11-20 10:14:20,509 - Knowledge - INFO - process ingested knowledge for /app/data/tataelxsimockapisolutions5451/313/b861537/mytv-ott-hello-world-android-tv-91585-319/android_tv_frontend/app/src/main/res/drawable/ic_launcher_foreground.xml
2025-11-20 10:14:20,697 - Knowledge - INFO - [FILE_READ] Completed: ic_launcher_foreground.xml, Duration: 2ms, Size: 821
2025-11-20 10:14:20,890 - Knowledge - INFO - Found code-base-name: android_tv_frontend
2025-11-20 10:14:21,117 - Knowledge - INFO - Code base not found for android_tv_frontend. Joining with Knowledge base_path: True.
2025-11-20 10:14:21,313 - Knowledge - INFO - /app/data/tataelxsimockapisolutions5451/313/b861537/mytv-ott-hello-world-android-tv-91585-319
2025-11-20 10:14:21,505 - Knowledge - INFO - process ingested knowledge for /app/data/tataelxsimockapisolutions5451/313/b861537/mytv-ott-hello-world-android-tv-91585-319/android_tv_frontend/utilities/build/intermediates/annotation_processor_list/releaseUnitTest/javaPreCompileReleaseUnitTest/annotationProcessors.json
2025-11-20 10:14:21,664 - Knowledge - INFO - [FILE_READ] Completed: annotationProcessors.json, Duration: 2ms, Size: 2
2025-11-20 10:14:21,851 - Knowledge - INFO - Found code-base-name: android_tv_frontend
2025-11-20 10:14:22,070 - Knowledge - INFO - Code base not found for android_tv_frontend. Joining with Knowledge base_path: True.
2025-11-20 10:14:22,218 - Knowledge - INFO - /app/data/tataelxsimockapisolutions5451/313/b861537/mytv-ott-hello-world-android-tv-91585-319
2025-11-20 10:14:22,408 - Knowledge - INFO - process ingested knowledge for /app/data/tataelxsimockapisolutions5451/313/b861537/mytv-ott-hello-world-android-tv-91585-319/android_tv_frontend/list/build/intermediates/annotation_processor_list/release/javaPreCompileRelease/annotationProcessors.json
2025-11-20 10:14:22,619 - Knowledge - INFO - [FILE_READ] Completed: annotationProcessors.json, Duration: 3ms, Size: 2
2025-11-20 10:14:22,841 - Knowledge - INFO - Found code-base-name: android_tv_frontend
2025-11-20 10:14:23,018 - Knowledge - INFO - Code base not found for android_tv_frontend. Joining with Knowledge base_path: True.
2025-11-20 10:14:23,189 - Knowledge - INFO - /app/data/tataelxsimockapisolutions5451/313/b861537/mytv-ott-hello-world-android-tv-91585-319
2025-11-20 10:14:23,376 - Knowledge - INFO - process ingested knowledge for /app/data/tataelxsimockapisolutions5451/313/b861537/mytv-ott-hello-world-android-tv-91585-319/android_tv_frontend/app/src/main/java/com/example/tv/data/api/dto/ShowDto.kt
2025-11-20 10:14:23,587 - Knowledge - INFO - [FILE_READ] Completed: ShowDto.kt, Duration: 2ms, Size: 247
2025-11-20 10:14:23,781 - Knowledge - INFO - Found code-base-name: android_tv_frontend
2025-11-20 10:14:23,938 - Knowledge - INFO - Code base not found for android_tv_frontend. Joining with Knowledge base_path: True.
2025-11-20 10:14:24,101 - Knowledge - INFO - /app/data/tataelxsimockapisolutions5451/313/b861537/mytv-ott-hello-world-android-tv-91585-319
2025-11-20 10:14:24,278 - Knowledge - INFO - process ingested knowledge for /app/data/tataelxsimockapisolutions5451/313/b861537/mytv-ott-hello-world-android-tv-91585-319/android_tv_frontend/list/build/intermediates/annotation_processor_list/releaseUnitTest/javaPreCompileReleaseUnitTest/annotationProcessors.json
2025-11-20 10:14:24,459 - Knowledge - INFO - [FILE_READ] Completed: annotationProcessors.json, Duration: 2ms, Size: 2
2025-11-20 10:14:24,639 - Knowledge - INFO - Found code-base-name: android_tv_frontend
2025-11-20 10:14:24,787 - Knowledge - INFO - Code base not found for android_tv_frontend. Joining with Knowledge base_path: True.
2025-11-20 10:14:24,970 - Knowledge - INFO - /app/data/tataelxsimockapisolutions5451/313/b861537/mytv-ott-hello-world-android-tv-91585-319
2025-11-20 10:14:25,146 - Knowledge - INFO - process ingested knowledge for /app/data/tataelxsimockapisolutions5451/313/b861537/mytv-ott-hello-world-android-tv-91585-319/android_tv_frontend/app/proguard-rules.pro
2025-11-20 10:14:25,380 - Knowledge - INFO - [FILE_READ] Completed: proguard-rules.pro, Duration: 2ms, Size: 620
2025-11-20 10:14:25,571 - Knowledge - INFO - Found code-base-name: android_tv_frontend
2025-11-20 10:14:25,752 - Knowledge - INFO - Code base not found for android_tv_frontend. Joining with Knowledge base_path: True.
2025-11-20 10:14:25,961 - Knowledge - INFO - /app/data/tataelxsimockapisolutions5451/313/b861537/mytv-ott-hello-world-android-tv-91585-319
2025-11-20 10:14:26,126 - Knowledge - INFO - process ingested knowledge for /app/data/tataelxsimockapisolutions5451/313/b861537/mytv-ott-hello-world-android-tv-91585-319/android_tv_frontend/app/src/main/java/com/example/tv/data/api/ApiModels.kt
2025-11-20 10:14:26,309 - Knowledge - INFO - [FILE_READ] Completed: ApiModels.kt, Duration: 2ms, Size: 746
2025-11-20 10:14:26,493 - Knowledge - INFO - Found code-base-name: android_tv_frontend
2025-11-20 10:14:26,649 - Knowledge - INFO - Code base not found for android_tv_frontend. Joining with Knowledge base_path: True.
2025-11-20 10:14:26,882 - Knowledge - INFO - /app/data/tataelxsimockapisolutions5451/313/b861537/mytv-ott-hello-world-android-tv-91585-319
2025-11-20 10:14:27,047 - Knowledge - INFO - process ingested knowledge for /app/data/tataelxsimockapisolutions5451/313/b861537/mytv-ott-hello-world-android-tv-91585-319/android_tv_frontend/utilities/build/intermediates/annotation_processor_list/release/javaPreCompileRelease/annotationProcessors.json
2025-11-20 10:14:27,241 - Knowledge - INFO - [FILE_READ] Completed: annotationProcessors.json, Duration: 2ms, Size: 2
2025-11-20 10:14:27,431 - Knowledge - INFO - Found code-base-name: android_tv_frontend
2025-11-20 10:14:27,591 - Knowledge - INFO - Code base not found for android_tv_frontend. Joining with Knowledge base_path: True.
2025-11-20 10:14:27,793 - Knowledge - INFO - /app/data/tataelxsimockapisolutions5451/313/b861537/mytv-ott-hello-world-android-tv-91585-319
2025-11-20 10:14:27,940 - Knowledge - INFO - process ingested knowledge for /app/data/tataelxsimockapisolutions5451/313/b861537/mytv-ott-hello-world-android-tv-91585-319/android_tv_frontend/utilities/build/intermediates/lint-cache/lintAnalyzeDebug/maven.google/androidx/annotation/group-index.xml
2025-11-20 10:14:28,170 - Knowledge - INFO - [FILE_READ] Completed: group-index.xml, Duration: 2ms, Size: 5344
2025-11-20 10:14:28,348 - Knowledge - INFO - Found code-base-name: android_tv_frontend
2025-11-20 10:14:28,535 - Knowledge - INFO - Code base not found for android_tv_frontend. Joining with Knowledge base_path: True.
2025-11-20 10:14:28,735 - Knowledge - INFO - /app/data/tataelxsimockapisolutions5451/313/b861537/mytv-ott-hello-world-android-tv-91585-319
2025-11-20 10:14:28,934 - Knowledge - INFO - process ingested knowledge for /app/data/tataelxsimockapisolutions5451/313/b861537/mytv-ott-hello-world-android-tv-91585-319/android_tv_frontend/list/build/intermediates/lint-cache/lintAnalyzeDebug/maven.google/androidx/annotation/group-index.xml
2025-11-20 10:14:29,114 - Knowledge - INFO - [FILE_READ] Completed: group-index.xml, Duration: 4ms, Size: 5344
2025-11-20 10:14:29,299 - Knowledge - INFO - Found code-base-name: android_tv_frontend
2025-11-20 10:14:29,463 - Knowledge - INFO - Code base not found for android_tv_frontend. Joining with Knowledge base_path: True.
2025-11-20 10:14:29,666 - Knowledge - INFO - /app/data/tataelxsimockapisolutions5451/313/b861537/mytv-ott-hello-world-android-tv-91585-319
2025-11-20 10:14:29,837 - Knowledge - INFO - process ingested knowledge for /app/data/tataelxsimockapisolutions5451/313/b861537/mytv-ott-hello-world-android-tv-91585-319/android_tv_frontend/app/src/main/res/layout/view_action_button.xml
2025-11-20 10:14:30,049 - Knowledge - INFO - [FILE_READ] Completed: view_action_button.xml, Duration: 2ms, Size: 1853
2025-11-20 10:14:30,239 - Knowledge - INFO - Found code-base-name: android_tv_frontend
2025-11-20 10:14:30,442 - Knowledge - INFO - Code base not found for android_tv_frontend. Joining with Knowledge base_path: True.
2025-11-20 10:14:30,668 - Knowledge - INFO - /app/data/tataelxsimockapisolutions5451/313/b861537/mytv-ott-hello-world-android-tv-91585-319
2025-11-20 10:14:30,888 - Knowledge - INFO - process ingested knowledge for /app/data/tataelxsimockapisolutions5451/313/b861537/mytv-ott-hello-world-android-tv-91585-319/android_tv_frontend/app/src/main/res/drawable/tag_status.xml
2025-11-20 10:14:31,038 - Knowledge - INFO - [FILE_READ] Completed: tag_status.xml, Duration: 2ms, Size: 220
2025-11-20 10:14:31,236 - Knowledge - INFO - Found code-base-name: android_tv_frontend
2025-11-20 10:14:31,400 - Knowledge - INFO - Code base not found for android_tv_frontend. Joining with Knowledge base_path: True.
2025-11-20 10:14:31,563 - Knowledge - INFO - /app/data/tataelxsimockapisolutions5451/313/b861537/mytv-ott-hello-world-android-tv-91585-319
2025-11-20 10:14:31,736 - Knowledge - INFO - process ingested knowledge for /app/data/tataelxsimockapisolutions5451/313/b861537/mytv-ott-hello-world-android-tv-91585-319/android_tv_frontend/list/src/main/kotlin/org/example/list/LinkedList.kt
2025-11-20 10:14:31,878 - Knowledge - INFO - [FILE_READ] Completed: LinkedList.kt, Duration: 2ms, Size: 1777
2025-11-20 10:14:32,069 - Knowledge - INFO - Found code-base-name: android_tv_frontend
2025-11-20 10:14:32,209 - Knowledge - INFO - Code base not found for android_tv_frontend. Joining with Knowledge base_path: True.
2025-11-20 10:14:32,389 - Knowledge - INFO - /app/data/tataelxsimockapisolutions5451/313/b861537/mytv-ott-hello-world-android-tv-91585-319
2025-11-20 10:14:32,533 - Knowledge - INFO - process ingested knowledge for /app/data/tataelxsimockapisolutions5451/313/b861537/mytv-ott-hello-world-android-tv-91585-319/android_tv_frontend/tasks.gradle
2025-11-20 10:14:32,680 - Knowledge - INFO - [FILE_READ] Completed: tasks.gradle, Duration: 2ms, Size: 723
2025-11-20 10:14:32,871 - Knowledge - INFO - Found code-base-name: android_tv_frontend
2025-11-20 10:14:33,027 - Knowledge - INFO - Code base not found for android_tv_frontend. Joining with Knowledge base_path: True.
2025-11-20 10:14:33,192 - Knowledge - INFO - /app/data/tataelxsimockapisolutions5451/313/b861537/mytv-ott-hello-world-android-tv-91585-319
2025-11-20 10:14:33,363 - Knowledge - INFO - process ingested knowledge for /app/data/tataelxsimockapisolutions5451/313/b861537/mytv-ott-hello-world-android-tv-91585-319/android_tv_frontend/app/src/main/res/drawable/banner_tv.xml
2025-11-20 10:14:33,545 - Knowledge - INFO - [FILE_READ] Completed: banner_tv.xml, Duration: 2ms, Size: 1157
2025-11-20 10:14:33,767 - Knowledge - INFO - Found code-base-name: android_tv_frontend
2025-11-20 10:14:33,965 - Knowledge - INFO - Code base not found for android_tv_frontend. Joining with Knowledge base_path: True.
2025-11-20 10:14:34,143 - Knowledge - INFO - /app/data/tataelxsimockapisolutions5451/313/b861537/mytv-ott-hello-world-android-tv-91585-319
2025-11-20 10:14:34,335 - Knowledge - INFO - process ingested knowledge for /app/data/tataelxsimockapisolutions5451/313/b861537/mytv-ott-hello-world-android-tv-91585-319/android_tv_frontend/app/src/main/res/layout/view_thumb_card.xml
2025-11-20 10:14:34,553 - Knowledge - INFO - [FILE_READ] Completed: view_thumb_card.xml, Duration: 2ms, Size: 2359
2025-11-20 10:14:34,715 - Knowledge - INFO - Found code-base-name: android_tv_frontend
2025-11-20 10:14:34,908 - Knowledge - INFO - Code base not found for android_tv_frontend. Joining with Knowledge base_path: True.
2025-11-20 10:14:35,093 - Knowledge - INFO - /app/data/tataelxsimockapisolutions5451/313/b861537/mytv-ott-hello-world-android-tv-91585-319
2025-11-20 10:14:35,320 - Knowledge - INFO - process ingested knowledge for /app/data/tataelxsimockapisolutions5451/313/b861537/mytv-ott-hello-world-android-tv-91585-319/android_tv_frontend/list/build/intermediates/incremental/lintAnalyzeDebugAndroidTest/debug-artifact-dependencies.xml
2025-11-20 10:14:35,523 - Knowledge - INFO - [FILE_READ] Completed: debug-artifact-dependencies.xml, Duration: 2ms, Size: 1351
2025-11-20 10:14:35,701 - Knowledge - INFO - Found code-base-name: android_tv_frontend
2025-11-20 10:14:35,914 - Knowledge - INFO - Code base not found for android_tv_frontend. Joining with Knowledge base_path: True.
2025-11-20 10:14:36,097 - Knowledge - INFO - /app/data/tataelxsimockapisolutions5451/313/b861537/mytv-ott-hello-world-android-tv-91585-319
2025-11-20 10:14:36,303 - Knowledge - INFO - process ingested knowledge for /app/data/tataelxsimockapisolutions5451/313/b861537/mytv-ott-hello-world-android-tv-91585-319/android_tv_frontend/utilities/build/intermediates/unit_test_lint_model/debug/generateDebugUnitTestLintModel/module.xml
2025-11-20 10:14:36,462 - Knowledge - INFO - [FILE_READ] Completed: module.xml, Duration: 2ms, Size: 670
2025-11-20 10:14:36,622 - Knowledge - INFO - Found code-base-name: android_tv_frontend
2025-11-20 10:14:36,787 - Knowledge - INFO - Code base not found for android_tv_frontend. Joining with Knowledge base_path: True.
2025-11-20 10:14:36,976 - Knowledge - INFO - /app/data/tataelxsimockapisolutions5451/313/b861537/mytv-ott-hello-world-android-tv-91585-319
2025-11-20 10:14:37,159 - Knowledge - INFO - process ingested knowledge for /app/data/tataelxsimockapisolutions5451/313/b861537/mytv-ott-hello-world-android-tv-91585-319/android_tv_frontend/list/build/intermediates/incremental/lintAnalyzeDebugUnitTest/debug.xml
2025-11-20 10:14:37,350 - Knowledge - INFO - [FILE_READ] Completed: debug.xml, Duration: 2ms, Size: 1013
2025-11-20 10:14:37,539 - Knowledge - INFO - Found code-base-name: android_tv_frontend
2025-11-20 10:14:37,759 - Knowledge - INFO - Code base not found for android_tv_frontend. Joining with Knowledge base_path: True.
2025-11-20 10:14:37,944 - Knowledge - INFO - /app/data/tataelxsimockapisolutions5451/313/b861537/mytv-ott-hello-world-android-tv-91585-319
2025-11-20 10:14:38,084 - Knowledge - INFO - process ingested knowledge for /app/data/tataelxsimockapisolutions5451/313/b861537/mytv-ott-hello-world-android-tv-91585-319/android_tv_frontend/utilities/build/intermediates/unit_test_lint_model/debug/generateDebugUnitTestLintModel/debug-artifact-dependencies.xml
2025-11-20 10:14:38,337 - Knowledge - INFO - [FILE_READ] Completed: debug-artifact-dependencies.xml, Duration: 2ms, Size: 1603
2025-11-20 10:14:38,515 - Knowledge - INFO - Found code-base-name: android_tv_frontend
2025-11-20 10:14:38,673 - Knowledge - INFO - Code base not found for android_tv_frontend. Joining with Knowledge base_path: True.
2025-11-20 10:14:38,857 - Knowledge - INFO - /app/data/tataelxsimockapisolutions5451/313/b861537/mytv-ott-hello-world-android-tv-91585-319
2025-11-20 10:14:39,036 - Knowledge - INFO - process ingested knowledge for /app/data/tataelxsimockapisolutions5451/313/b861537/mytv-ott-hello-world-android-tv-91585-319/android_tv_frontend/list/build/intermediates/incremental/lintAnalyzeDebugAndroidTest/module.xml
2025-11-20 10:14:39,248 - Knowledge - INFO - [FILE_READ] Completed: module.xml, Duration: 2ms, Size: 655
2025-11-20 10:14:39,480 - Knowledge - INFO - Found code-base-name: android_tv_frontend
2025-11-20 10:14:39,710 - Knowledge - INFO - Code base not found for android_tv_frontend. Joining with Knowledge base_path: True.
2025-11-20 10:14:39,873 - Knowledge - INFO - /app/data/tataelxsimockapisolutions5451/313/b861537/mytv-ott-hello-world-android-tv-91585-319
2025-11-20 10:14:40,060 - Knowledge - INFO - process ingested knowledge for /app/data/tataelxsimockapisolutions5451/313/b861537/mytv-ott-hello-world-android-tv-91585-319/android_tv_frontend/app/src/main/res/drawable/ic_favorite.xml
2025-11-20 10:14:40,255 - Knowledge - INFO - [FILE_READ] Completed: ic_favorite.xml, Duration: 2ms, Size: 489
2025-11-20 10:14:40,449 - Knowledge - INFO - Found code-base-name: android_tv_frontend
2025-11-20 10:14:40,620 - Knowledge - INFO - Code base not found for android_tv_frontend. Joining with Knowledge base_path: True.
2025-11-20 10:14:40,774 - Knowledge - INFO - /app/data/tataelxsimockapisolutions5451/313/b861537/mytv-ott-hello-world-android-tv-91585-319
2025-11-20 10:14:40,938 - Knowledge - INFO - process ingested knowledge for /app/data/tataelxsimockapisolutions5451/313/b861537/mytv-ott-hello-world-android-tv-91585-319/android_tv_frontend/utilities/build/intermediates/incremental/lintAnalyzeDebugUnitTest/debug.xml
2025-11-20 10:14:41,147 - Knowledge - INFO - [FILE_READ] Completed: debug.xml, Duration: 2ms, Size: 1018
2025-11-20 10:14:41,344 - Knowledge - INFO - Found code-base-name: android_tv_frontend
2025-11-20 10:14:41,579 - Knowledge - INFO - Code base not found for android_tv_frontend. Joining with Knowledge base_path: True.
2025-11-20 10:14:41,750 - Knowledge - INFO - /app/data/tataelxsimockapisolutions5451/313/b861537/mytv-ott-hello-world-android-tv-91585-319
2025-11-20 10:14:41,899 - Knowledge - INFO - process ingested knowledge for /app/data/tataelxsimockapisolutions5451/313/b861537/mytv-ott-hello-world-android-tv-91585-319/android_tv_frontend/list/build/intermediates/unit_test_lint_model/debug/generateDebugUnitTestLintModel/module.xml
2025-11-20 10:14:42,109 - Knowledge - INFO - [FILE_READ] Completed: module.xml, Duration: 2ms, Size: 655
2025-11-20 10:14:42,275 - Knowledge - INFO - Found code-base-name: android_tv_frontend
2025-11-20 10:14:42,451 - Knowledge - INFO - Code base not found for android_tv_frontend. Joining with Knowledge base_path: True.
2025-11-20 10:14:42,607 - Knowledge - INFO - /app/data/tataelxsimockapisolutions5451/313/b861537/mytv-ott-hello-world-android-tv-91585-319
2025-11-20 10:14:42,808 - Knowledge - INFO - process ingested knowledge for /app/data/tataelxsimockapisolutions5451/313/b861537/mytv-ott-hello-world-android-tv-91585-319/android_tv_frontend/utilities/build/intermediates/incremental/lintAnalyzeDebugAndroidTest/module.xml
2025-11-20 10:14:42,993 - Knowledge - INFO - [FILE_READ] Completed: module.xml, Duration: 2ms, Size: 670
2025-11-20 10:14:43,197 - Knowledge - INFO - Found code-base-name: android_tv_frontend
2025-11-20 10:14:43,357 - Knowledge - INFO - Code base not found for android_tv_frontend. Joining with Knowledge base_path: True.
2025-11-20 10:14:43,558 - Knowledge - INFO - /app/data/tataelxsimockapisolutions5451/313/b861537/mytv-ott-hello-world-android-tv-91585-319
2025-11-20 10:14:43,722 - Knowledge - INFO - process ingested knowledge for /app/data/tataelxsimockapisolutions5451/313/b861537/mytv-ott-hello-world-android-tv-91585-319/android_tv_frontend/app/src/main/res/drawable/bg_content_info_gradient.xml
2025-11-20 10:14:43,881 - Knowledge - INFO - [FILE_READ] Completed: bg_content_info_gradient.xml, Duration: 2ms, Size: 402
2025-11-20 10:14:44,074 - Knowledge - INFO - Found code-base-name: android_tv_frontend
2025-11-20 10:14:44,268 - Knowledge - INFO - Code base not found for android_tv_frontend. Joining with Knowledge base_path: True.
2025-11-20 10:14:44,473 - Knowledge - INFO - /app/data/tataelxsimockapisolutions5451/313/b861537/mytv-ott-hello-world-android-tv-91585-319
2025-11-20 10:14:44,620 - Knowledge - INFO - process ingested knowledge for /app/data/tataelxsimockapisolutions5451/313/b861537/mytv-ott-hello-world-android-tv-91585-319/android_tv_frontend/list/build/intermediates/unit_test_lint_model/debug/generateDebugUnitTestLintModel/debug-artifact-dependencies.xml
2025-11-20 10:14:44,771 - Knowledge - INFO - [FILE_READ] Completed: debug-artifact-dependencies.xml, Duration: 2ms, Size: 1351
2025-11-20 10:14:44,933 - Knowledge - INFO - Found code-base-name: android_tv_frontend
2025-11-20 10:14:45,336 - Knowledge - INFO - Code base not found for android_tv_frontend. Joining with Knowledge base_path: True.
2025-11-20 10:14:45,490 - Knowledge - INFO - /app/data/tataelxsimockapisolutions5451/313/b861537/mytv-ott-hello-world-android-tv-91585-319
2025-11-20 10:14:45,691 - Knowledge - INFO - process ingested knowledge for /app/data/tataelxsimockapisolutions5451/313/b861537/mytv-ott-hello-world-android-tv-91585-319/android_tv_frontend/utilities/build/intermediates/incremental/lintAnalyzeDebugAndroidTest/debug-artifact-dependencies.xml
2025-11-20 10:14:45,862 - Knowledge - INFO - [FILE_READ] Completed: debug-artifact-dependencies.xml, Duration: 2ms, Size: 1603
2025-11-20 10:14:46,015 - Knowledge - INFO - Found code-base-name: android_tv_frontend
2025-11-20 10:14:46,190 - Knowledge - INFO - Code base not found for android_tv_frontend. Joining with Knowledge base_path: True.
2025-11-20 10:14:46,346 - Knowledge - INFO - /app/data/tataelxsimockapisolutions5451/313/b861537/mytv-ott-hello-world-android-tv-91585-319
2025-11-20 10:14:46,512 - Knowledge - INFO - process ingested knowledge for /app/data/tataelxsimockapisolutions5451/313/b861537/mytv-ott-hello-world-android-tv-91585-319/android_tv_frontend/list/build/intermediates/lint_report_lint_model/debug/generateDebugLintReportModel/debug.xml
2025-11-20 10:14:46,663 - Knowledge - INFO - [FILE_READ] Completed: debug.xml, Duration: 2ms, Size: 1605
2025-11-20 10:14:46,838 - Knowledge - INFO - Found code-base-name: android_tv_frontend
2025-11-20 10:14:46,996 - Knowledge - INFO - Code base not found for android_tv_frontend. Joining with Knowledge base_path: True.
2025-11-20 10:14:47,158 - Knowledge - INFO - /app/data/tataelxsimockapisolutions5451/313/b861537/mytv-ott-hello-world-android-tv-91585-319
2025-11-20 10:14:47,330 - Knowledge - INFO - process ingested knowledge for /app/data/tataelxsimockapisolutions5451/313/b861537/mytv-ott-hello-world-android-tv-91585-319/android_tv_frontend/utilities/build/intermediates/incremental/lintAnalyzeDebug/debug.xml
2025-11-20 10:14:47,505 - Knowledge - INFO - [FILE_READ] Completed: debug.xml, Duration: 2ms, Size: 1687
2025-11-20 10:14:47,676 - Knowledge - INFO - Found code-base-name: android_tv_frontend
2025-11-20 10:14:47,838 - Knowledge - INFO - Code base not found for android_tv_frontend. Joining with Knowledge base_path: True.
2025-11-20 10:14:48,031 - Knowledge - INFO - /app/data/tataelxsimockapisolutions5451/313/b861537/mytv-ott-hello-world-android-tv-91585-319
2025-11-20 10:14:48,182 - Knowledge - INFO - process ingested knowledge for /app/data/tataelxsimockapisolutions5451/313/b861537/mytv-ott-hello-world-android-tv-91585-319/android_tv_frontend/app/src/main/res/drawable/pill_button_background.xml
2025-11-20 10:14:48,369 - Knowledge - INFO - [FILE_READ] Completed: pill_button_background.xml, Duration: 4ms, Size: 1022
2025-11-20 10:14:48,602 - Knowledge - INFO - Found code-base-name: android_tv_frontend
2025-11-20 10:14:48,783 - Knowledge - INFO - Code base not found for android_tv_frontend. Joining with Knowledge base_path: True.
2025-11-20 10:14:48,959 - Knowledge - INFO - /app/data/tataelxsimockapisolutions5451/313/b861537/mytv-ott-hello-world-android-tv-91585-319
2025-11-20 10:14:49,124 - Knowledge - INFO - process ingested knowledge for /app/data/tataelxsimockapisolutions5451/313/b861537/mytv-ott-hello-world-android-tv-91585-319/android_tv_frontend/list/build/intermediates/incremental/lintAnalyzeDebug/debug.xml
2025-11-20 10:14:49,294 - Knowledge - INFO - [FILE_READ] Completed: debug.xml, Duration: 2ms, Size: 1677
2025-11-20 10:14:49,501 - Knowledge - INFO - Found code-base-name: android_tv_frontend
2025-11-20 10:14:49,696 - Knowledge - INFO - Code base not found for android_tv_frontend. Joining with Knowledge base_path: True.
2025-11-20 10:14:49,860 - Knowledge - INFO - /app/data/tataelxsimockapisolutions5451/313/b861537/mytv-ott-hello-world-android-tv-91585-319
2025-11-20 10:14:50,035 - Knowledge - INFO - process ingested knowledge for /app/data/tataelxsimockapisolutions5451/313/b861537/mytv-ott-hello-world-android-tv-91585-319/android_tv_frontend/app/src/main/res/values/missing_nord_colors.xml
2025-11-20 10:14:50,220 - Knowledge - INFO - [FILE_READ] Completed: missing_nord_colors.xml, Duration: 2ms, Size: 638
2025-11-20 10:14:50,376 - Knowledge - INFO - Found code-base-name: android_tv_frontend
2025-11-20 10:14:50,556 - Knowledge - INFO - Code base not found for android_tv_frontend. Joining with Knowledge base_path: True.
2025-11-20 10:14:50,713 - Knowledge - INFO - /app/data/tataelxsimockapisolutions5451/313/b861537/mytv-ott-hello-world-android-tv-91585-319
2025-11-20 10:14:50,913 - Knowledge - INFO - process ingested knowledge for /app/data/tataelxsimockapisolutions5451/313/b861537/mytv-ott-hello-world-android-tv-91585-319/android_tv_frontend/utilities/build/intermediates/lint_report_lint_model/debug/generateDebugLintReportModel/debug.xml
2025-11-20 10:14:51,092 - Knowledge - INFO - [FILE_READ] Completed: debug.xml, Duration: 2ms, Size: 1615
2025-11-20 10:14:51,275 - Knowledge - INFO - Found code-base-name: android_tv_frontend
2025-11-20 10:14:51,467 - Knowledge - INFO - Code base not found for android_tv_frontend. Joining with Knowledge base_path: True.
2025-11-20 10:14:51,697 - Knowledge - INFO - /app/data/tataelxsimockapisolutions5451/313/b861537/mytv-ott-hello-world-android-tv-91585-319
2025-11-20 10:14:51,886 - Knowledge - INFO - process ingested knowledge for /app/data/tataelxsimockapisolutions5451/313/b861537/mytv-ott-hello-world-android-tv-91585-319/android_tv_frontend/list/build/intermediates/android_test_lint_model/debug/generateDebugAndroidTestLintModel/debug-artifact-libraries.xml
2025-11-20 10:14:52,067 - Knowledge - INFO - [FILE_READ] Completed: debug-artifact-libraries.xml, Duration: 2ms, Size: 1569
2025-11-20 10:14:52,266 - Knowledge - INFO - Found code-base-name: android_tv_frontend
2025-11-20 10:14:52,458 - Knowledge - INFO - Code base not found for android_tv_frontend. Joining with Knowledge base_path: True.
2025-11-20 10:14:52,644 - Knowledge - INFO - /app/data/tataelxsimockapisolutions5451/313/b861537/mytv-ott-hello-world-android-tv-91585-319
2025-11-20 10:14:52,810 - Knowledge - INFO - process ingested knowledge for /app/data/tataelxsimockapisolutions5451/313/b861537/mytv-ott-hello-world-android-tv-91585-319/android_tv_frontend/list/build/intermediates/lint_model/debug/generateDebugLintModel/debug-artifact-libraries.xml
2025-11-20 10:14:52,990 - Knowledge - INFO - [FILE_READ] Completed: debug-artifact-libraries.xml, Duration: 2ms, Size: 882
2025-11-20 10:14:53,164 - Knowledge - INFO - Found code-base-name: android_tv_frontend
2025-11-20 10:14:53,376 - Knowledge - INFO - Code base not found for android_tv_frontend. Joining with Knowledge base_path: True.
2025-11-20 10:14:53,545 - Knowledge - INFO - /app/data/tataelxsimockapisolutions5451/313/b861537/mytv-ott-hello-world-android-tv-91585-319
2025-11-20 10:14:53,756 - Knowledge - INFO - process ingested knowledge for /app/data/tataelxsimockapisolutions5451/313/b861537/mytv-ott-hello-world-android-tv-91585-319/android_tv_frontend/utilities/build/intermediates/android_test_lint_model/debug/generateDebugAndroidTestLintModel/debug-artifact-libraries.xml
2025-11-20 10:14:53,952 - Knowledge - INFO - [FILE_READ] Completed: debug-artifact-libraries.xml, Duration: 2ms, Size: 2266
2025-11-20 10:14:54,109 - Knowledge - INFO - Found code-base-name: android_tv_frontend
2025-11-20 10:14:54,274 - Knowledge - INFO - Code base not found for android_tv_frontend. Joining with Knowledge base_path: True.
2025-11-20 10:14:54,480 - Knowledge - INFO - /app/data/tataelxsimockapisolutions5451/313/b861537/mytv-ott-hello-world-android-tv-91585-319
2025-11-20 10:14:54,710 - Knowledge - INFO - process ingested knowledge for /app/data/tataelxsimockapisolutions5451/313/b861537/mytv-ott-hello-world-android-tv-91585-319/android_tv_frontend/list/build/intermediates/annotation_processor_list/debugUnitTest/javaPreCompileDebugUnitTest/annotationProcessors.json
2025-11-20 10:14:54,872 - Knowledge - INFO - [FILE_READ] Completed: annotationProcessors.json, Duration: 2ms, Size: 2
2025-11-20 10:14:55,090 - Knowledge - INFO - Found code-base-name: android_tv_frontend
2025-11-20 10:14:55,290 - Knowledge - INFO - Code base not found for android_tv_frontend. Joining with Knowledge base_path: True.
2025-11-20 10:14:55,438 - Knowledge - INFO - /app/data/tataelxsimockapisolutions5451/313/b861537/mytv-ott-hello-world-android-tv-91585-319
2025-11-20 10:14:55,644 - Knowledge - INFO - process ingested knowledge for /app/data/tataelxsimockapisolutions5451/313/b861537/mytv-ott-hello-world-android-tv-91585-319/android_tv_frontend/app/src/main/res/drawable/ic_audio_subtitle_button.xml
2025-11-20 10:14:55,800 - Knowledge - INFO - [FILE_READ] Completed: ic_audio_subtitle_button.xml, Duration: 2ms, Size: 492
2025-11-20 10:14:55,985 - Knowledge - INFO - Found code-base-name: android_tv_frontend
2025-11-20 10:14:56,152 - Knowledge - INFO - Code base not found for android_tv_frontend. Joining with Knowledge base_path: True.
2025-11-20 10:14:56,388 - Knowledge - INFO - /app/data/tataelxsimockapisolutions5451/313/b861537/mytv-ott-hello-world-android-tv-91585-319
2025-11-20 10:14:56,556 - Knowledge - INFO - process ingested knowledge for /app/data/tataelxsimockapisolutions5451/313/b861537/mytv-ott-hello-world-android-tv-91585-319/android_tv_frontend/app/src/main/res/drawable/thumb_4.xml
2025-11-20 10:14:56,752 - Knowledge - INFO - [FILE_READ] Completed: thumb_4.xml, Duration: 2ms, Size: 542
2025-11-20 10:14:56,927 - Knowledge - INFO - Found code-base-name: android_tv_frontend
2025-11-20 10:14:57,097 - Knowledge - INFO - Code base not found for android_tv_frontend. Joining with Knowledge base_path: True.
2025-11-20 10:14:57,270 - Knowledge - INFO - /app/data/tataelxsimockapisolutions5451/313/b861537/mytv-ott-hello-world-android-tv-91585-319
2025-11-20 10:14:57,455 - Knowledge - INFO - process ingested knowledge for /app/data/tataelxsimockapisolutions5451/313/b861537/mytv-ott-hello-world-android-tv-91585-319/android_tv_frontend/app/src/test/java/com/example/tv/ui/home/FocusMappingTest.kt
2025-11-20 10:14:57,626 - Knowledge - INFO - [FILE_READ] Completed: FocusMappingTest.kt, Duration: 3ms, Size: 2294
2025-11-20 10:14:57,819 - Knowledge - INFO - Found code-base-name: android_tv_frontend
2025-11-20 10:14:57,977 - Knowledge - INFO - Code base not found for android_tv_frontend. Joining with Knowledge base_path: True.
2025-11-20 10:14:58,212 - Knowledge - INFO - /app/data/tataelxsimockapisolutions5451/313/b861537/mytv-ott-hello-world-android-tv-91585-319
2025-11-20 10:14:58,421 - Knowledge - INFO - process ingested knowledge for /app/data/tataelxsimockapisolutions5451/313/b861537/mytv-ott-hello-world-android-tv-91585-319/android_tv_frontend/app/src/main/res/drawable/button_icon_background.xml
2025-11-20 10:14:58,614 - Knowledge - INFO - [FILE_READ] Completed: button_icon_background.xml, Duration: 2ms, Size: 178
2025-11-20 10:14:58,818 - Knowledge - INFO - Found code-base-name: android_tv_frontend
2025-11-20 10:14:59,030 - Knowledge - INFO - Code base not found for android_tv_frontend. Joining with Knowledge base_path: True.
2025-11-20 10:14:59,249 - Knowledge - INFO - /app/data/tataelxsimockapisolutions5451/313/b861537/mytv-ott-hello-world-android-tv-91585-319
2025-11-20 10:14:59,439 - Knowledge - INFO - process ingested knowledge for /app/data/tataelxsimockapisolutions5451/313/b861537/mytv-ott-hello-world-android-tv-91585-319/android_tv_frontend/utilities/build/intermediates/annotation_processor_list/debug/javaPreCompileDebug/annotationProcessors.json
2025-11-20 10:14:59,632 - Knowledge - INFO - [FILE_READ] Completed: annotationProcessors.json, Duration: 5ms, Size: 2
2025-11-20 10:14:59,816 - Knowledge - INFO - Found code-base-name: android_tv_frontend
2025-11-20 10:14:59,999 - Knowledge - INFO - Code base not found for android_tv_frontend. Joining with Knowledge base_path: True.
2025-11-20 10:15:00,155 - Knowledge - INFO - /app/data/tataelxsimockapisolutions5451/313/b861537/mytv-ott-hello-world-android-tv-91585-319
2025-11-20 10:15:00,322 - Knowledge - INFO - process ingested knowledge for /app/data/tataelxsimockapisolutions5451/313/b861537/mytv-ott-hello-world-android-tv-91585-319/android_tv_frontend/list/build/intermediates/annotation_processor_list/debug/javaPreCompileDebug/annotationProcessors.json
2025-11-20 10:15:00,495 - Knowledge - INFO - [FILE_READ] Completed: annotationProcessors.json, Duration: 2ms, Size: 2
2025-11-20 10:15:00,703 - Knowledge - INFO - Found code-base-name: android_tv_frontend
2025-11-20 10:15:00,892 - Knowledge - INFO - Code base not found for android_tv_frontend. Joining with Knowledge base_path: True.
2025-11-20 10:15:01,053 - Knowledge - INFO - /app/data/tataelxsimockapisolutions5451/313/b861537/mytv-ott-hello-world-android-tv-91585-319
2025-11-20 10:15:01,236 - Knowledge - INFO - process ingested knowledge for /app/data/tataelxsimockapisolutions5451/313/b861537/mytv-ott-hello-world-android-tv-91585-319/android_tv_frontend/app/src/main/res/mipmap-anydpi-v26/ic_launcher_round.xml
2025-11-20 10:15:01,400 - Knowledge - INFO - [FILE_READ] Completed: ic_launcher_round.xml, Duration: 2ms, Size: 268
2025-11-20 10:15:01,554 - Knowledge - INFO - Found code-base-name: android_tv_frontend
2025-11-20 10:15:01,732 - Knowledge - INFO - Code base not found for android_tv_frontend. Joining with Knowledge base_path: True.
2025-11-20 10:15:01,924 - Knowledge - INFO - /app/data/tataelxsimockapisolutions5451/313/b861537/mytv-ott-hello-world-android-tv-91585-319
2025-11-20 10:15:02,084 - Knowledge - INFO - process ingested knowledge for /app/data/tataelxsimockapisolutions5451/313/b861537/mytv-ott-hello-world-android-tv-91585-319/android_tv_frontend/app/src/main/res/layout/activity_splash.xml
2025-11-20 10:15:02,255 - Knowledge - INFO - [FILE_READ] Completed: activity_splash.xml, Duration: 2ms, Size: 751
2025-11-20 10:15:02,427 - Knowledge - INFO - Found code-base-name: android_tv_frontend
2025-11-20 10:15:02,596 - Knowledge - INFO - Code base not found for android_tv_frontend. Joining with Knowledge base_path: True.
2025-11-20 10:15:02,811 - Knowledge - INFO - /app/data/tataelxsimockapisolutions5451/313/b861537/mytv-ott-hello-world-android-tv-91585-319
2025-11-20 10:15:02,955 - Knowledge - INFO - process ingested knowledge for /app/data/tataelxsimockapisolutions5451/313/b861537/mytv-ott-hello-world-android-tv-91585-319/android_tv_frontend/utilities/build/intermediates/annotation_processor_list/debugUnitTest/javaPreCompileDebugUnitTest/annotationProcessors.json
2025-11-20 10:15:03,152 - Knowledge - INFO - [FILE_READ] Completed: annotationProcessors.json, Duration: 2ms, Size: 2
2025-11-20 10:15:03,321 - Knowledge - INFO - Loaded 181 files from persisted knowledge
2025-11-20 10:15:03,508 - Knowledge - INFO - load persisted knowledge: end
2025-11-20 10:15:03,719 - Knowledge - INFO - Redis support added with prefix knowledge:b861537:
2025-11-20 10:15:04,072 - Knowledge - INFO - Starting knowledge initialization for ID: b1eiFm-b861537
2025-11-20 10:15:04,267 - Knowledge - INFO - 🔍 Checking Redis for build_id: b861537
2025-11-20 10:15:04,434 - Knowledge - INFO - 🔍 Full session ID: b1eiFm-b861537
2025-11-20 10:15:04,616 - Knowledge - INFO - 🔍 Redis prefix will be: knowledge:b861537:
2025-11-20 10:15:04,802 - Knowledge - INFO - 🔍 Using attached load_from_redis() method
2025-11-20 10:15:04,975 - Knowledge - INFO - 🔍 Attempting to load knowledge from Redis...
2025-11-20 10:15:05,166 - Knowledge - INFO - 🔍 Using derived instance_id for Redis lookup: b861537
2025-11-20 10:15:08,745 - Knowledge - WARNING - ❌ No Redis cache found
2025-11-20 10:15:12,544 - Knowledge - INFO - 📁 Loading knowledge from disk...
2025-11-20 10:15:12,817 - Knowledge - INFO - load persisted docinfo: begin
2025-11-20 10:15:13,002 - Knowledge - INFO - load persisted docinfo: end
2025-11-20 10:15:13,176 - Knowledge - INFO - 🔍 _load_persisted_knowledge called - checking for Redis optimization
2025-11-20 10:15:13,370 - Knowledge - INFO - ✅ load_from_redis method found - attempting Redis load
2025-11-20 10:15:13,524 - Knowledge - INFO - 🔍 Attempting to load knowledge from Redis...
2025-11-20 10:15:13,713 - Knowledge - INFO - 🔍 Using derived instance_id for Redis lookup: b861537
2025-11-20 10:15:17,336 - Knowledge - WARNING - ❌ No Redis cache found
2025-11-20 10:15:17,532 - Knowledge - INFO - ❌ Redis load returned False - falling back to file loading
2025-11-20 10:15:17,697 - Knowledge - INFO - load persisted knowledge: begin
2025-11-20 10:15:17,875 - Knowledge - INFO - Found code-base-name: android_tv_frontend
2025-11-20 10:15:18,042 - Knowledge - INFO - Code base not found for android_tv_frontend. Joining with Knowledge base_path: True.
2025-11-20 10:15:18,244 - Knowledge - INFO - /app/data/tataelxsimockapisolutions5451/313/b861537/mytv-ott-hello-world-android-tv-91585-319
2025-11-20 10:15:18,442 - Knowledge - INFO - process ingested knowledge for /app/data/tataelxsimockapisolutions5451/313/b861537/mytv-ott-hello-world-android-tv-91585-319/android_tv_frontend/app/src/main/res/values/themes.xml
2025-11-20 10:15:18,602 - Knowledge - INFO - Found code-base-name: android_tv_frontend
2025-11-20 10:15:18,772 - Knowledge - INFO - Code base not found for android_tv_frontend. Joining with Knowledge base_path: True.
2025-11-20 10:15:18,976 - Knowledge - INFO - /app/data/tataelxsimockapisolutions5451/313/b861537/mytv-ott-hello-world-android-tv-91585-319
2025-11-20 10:15:19,174 - Knowledge - INFO - process ingested knowledge for /app/data/tataelxsimockapisolutions5451/313/b861537/mytv-ott-hello-world-android-tv-91585-319/android_tv_frontend/app/src/main/java/com/example/tv/data/api/ApiService.kt
2025-11-20 10:15:19,399 - Knowledge - INFO - Found code-base-name: android_tv_frontend
2025-11-20 10:15:19,609 - Knowledge - INFO - Code base not found for android_tv_frontend. Joining with Knowledge base_path: True.
2025-11-20 10:15:19,791 - Knowledge - INFO - /app/data/tataelxsimockapisolutions5451/313/b861537/mytv-ott-hello-world-android-tv-91585-319
2025-11-20 10:15:19,983 - Knowledge - INFO - process ingested knowledge for /app/data/tataelxsimockapisolutions5451/313/b861537/mytv-ott-hello-world-android-tv-91585-319/android_tv_frontend/app/src/main/res/drawable/bg_unfocused_state.xml
2025-11-20 10:15:20,178 - Knowledge - INFO - Found code-base-name: android_tv_frontend
2025-11-20 10:15:20,330 - Knowledge - INFO - Code base not found for android_tv_frontend. Joining with Knowledge base_path: True.
2025-11-20 10:15:20,519 - Knowledge - INFO - /app/data/tataelxsimockapisolutions5451/313/b861537/mytv-ott-hello-world-android-tv-91585-319
2025-11-20 10:15:20,710 - Knowledge - INFO - process ingested knowledge for /app/data/tataelxsimockapisolutions5451/313/b861537/mytv-ott-hello-world-android-tv-91585-319/android_tv_frontend/app/src/main/res/drawable/thumb_5.xml
2025-11-20 10:15:20,886 - Knowledge - INFO - Found code-base-name: android_tv_frontend
2025-11-20 10:15:21,066 - Knowledge - INFO - Code base not found for android_tv_frontend. Joining with Knowledge base_path: True.
2025-11-20 10:15:21,238 - Knowledge - INFO - /app/data/tataelxsimockapisolutions5451/313/b861537/mytv-ott-hello-world-android-tv-91585-319
2025-11-20 10:15:21,425 - Knowledge - INFO - process ingested knowledge for /app/data/tataelxsimockapisolutions5451/313/b861537/mytv-ott-hello-world-android-tv-91585-319/android_tv_frontend/utilities/build.gradle
2025-11-20 10:15:21,586 - Knowledge - INFO - Found code-base-name: android_tv_frontend
2025-11-20 10:15:21,784 - Knowledge - INFO - Code base not found for android_tv_frontend. Joining with Knowledge base_path: True.
2025-11-20 10:15:21,955 - Knowledge - INFO - /app/data/tataelxsimockapisolutions5451/313/b861537/mytv-ott-hello-world-android-tv-91585-319
2025-11-20 10:15:22,145 - Knowledge - INFO - process ingested knowledge for /app/data/tataelxsimockapisolutions5451/313/b861537/mytv-ott-hello-world-android-tv-91585-319/android_tv_frontend/app/src/main/res/drawable/tv_focus_ripple.xml
2025-11-20 10:15:22,343 - Knowledge - INFO - Found code-base-name: android_tv_frontend
2025-11-20 10:15:22,500 - Knowledge - INFO - Code base not found for android_tv_frontend. Joining with Knowledge base_path: True.
2025-11-20 10:15:22,696 - Knowledge - INFO - /app/data/tataelxsimockapisolutions5451/313/b861537/mytv-ott-hello-world-android-tv-91585-319
2025-11-20 10:15:22,887 - Knowledge - INFO - process ingested knowledge for /app/data/tataelxsimockapisolutions5451/313/b861537/mytv-ott-hello-world-android-tv-91585-319/android_tv_frontend/list/build.gradle
2025-11-20 10:15:23,080 - Knowledge - INFO - Found code-base-name: android_tv_frontend
2025-11-20 10:15:23,247 - Knowledge - INFO - Code base not found for android_tv_frontend. Joining with Knowledge base_path: True.
2025-11-20 10:15:23,438 - Knowledge - INFO - /app/data/tataelxsimockapisolutions5451/313/b861537/mytv-ott-hello-world-android-tv-91585-319
2025-11-20 10:15:23,646 - Knowledge - INFO - process ingested knowledge for /app/data/tataelxsimockapisolutions5451/313/b861537/mytv-ott-hello-world-android-tv-91585-319/android_tv_frontend/utilities/src/main/kotlin/org/example/utilities/StringUtils.kt
2025-11-20 10:15:23,867 - Knowledge - INFO - Found code-base-name: android_tv_frontend
2025-11-20 10:15:24,058 - Knowledge - INFO - Code base not found for android_tv_frontend. Joining with Knowledge base_path: True.
2025-11-20 10:15:24,260 - Knowledge - INFO - /app/data/tataelxsimockapisolutions5451/313/b861537/mytv-ott-hello-world-android-tv-91585-319
2025-11-20 10:15:24,460 - Knowledge - INFO - process ingested knowledge for /app/data/tataelxsimockapisolutions5451/313/b861537/mytv-ott-hello-world-android-tv-91585-319/android_tv_frontend/app/src/main/res/values/missing_theme_resources.xml
2025-11-20 10:15:24,625 - Knowledge - INFO - Found code-base-name: android_tv_frontend
2025-11-20 10:15:24,795 - Knowledge - INFO - Code base not found for android_tv_frontend. Joining with Knowledge base_path: True.
2025-11-20 10:15:24,989 - Knowledge - INFO - /app/data/tataelxsimockapisolutions5451/313/b861537/mytv-ott-hello-world-android-tv-91585-319
2025-11-20 10:15:25,171 - Knowledge - INFO - process ingested knowledge for /app/data/tataelxsimockapisolutions5451/313/b861537/mytv-ott-hello-world-android-tv-91585-319/android_tv_frontend/app/src/main/java/com/example/tv/ui/home/ImageCacheUtils.kt
2025-11-20 10:15:25,343 - Knowledge - INFO - Found code-base-name: android_tv_frontend
2025-11-20 10:15:25,532 - Knowledge - INFO - Code base not found for android_tv_frontend. Joining with Knowledge base_path: True.
2025-11-20 10:15:25,704 - Knowledge - INFO - /app/data/tataelxsimockapisolutions5451/313/b861537/mytv-ott-hello-world-android-tv-91585-319
2025-11-20 10:15:25,909 - Knowledge - INFO - process ingested knowledge for /app/data/tataelxsimockapisolutions5451/313/b861537/mytv-ott-hello-world-android-tv-91585-319/android_tv_frontend/app/src/main/res/values/more_nord_colors.xml
2025-11-20 10:15:26,088 - Knowledge - INFO - Found code-base-name: android_tv_frontend
2025-11-20 10:15:26,262 - Knowledge - INFO - Code base not found for android_tv_frontend. Joining with Knowledge base_path: True.
2025-11-20 10:15:26,421 - Knowledge - INFO - /app/data/tataelxsimockapisolutions5451/313/b861537/mytv-ott-hello-world-android-tv-91585-319
2025-11-20 10:15:26,656 - Knowledge - INFO - process ingested knowledge for /app/data/tataelxsimockapisolutions5451/313/b861537/mytv-ott-hello-world-android-tv-91585-319/android_tv_frontend/utilities/build/intermediates/incremental/release/packageReleaseResources/merger.xml
2025-11-20 10:15:26,860 - Knowledge - INFO - Found code-base-name: android_tv_frontend
2025-11-20 10:15:27,050 - Knowledge - INFO - Code base not found for android_tv_frontend. Joining with Knowledge base_path: True.
2025-11-20 10:15:27,200 - Knowledge - INFO - /app/data/tataelxsimockapisolutions5451/313/b861537/mytv-ott-hello-world-android-tv-91585-319
2025-11-20 10:15:27,371 - Knowledge - INFO - process ingested knowledge for /app/data/tataelxsimockapisolutions5451/313/b861537/mytv-ott-hello-world-android-tv-91585-319/android_tv_frontend/list/build/intermediates/incremental/lintAnalyzeDebugAndroidTest/debug.xml
2025-11-20 10:15:27,566 - Knowledge - INFO - Found code-base-name: android_tv_frontend
2025-11-20 10:15:27,730 - Knowledge - INFO - Code base not found for android_tv_frontend. Joining with Knowledge base_path: True.
2025-11-20 10:15:27,881 - Knowledge - INFO - /app/data/tataelxsimockapisolutions5451/313/b861537/mytv-ott-hello-world-android-tv-91585-319
2025-11-20 10:15:28,043 - Knowledge - INFO - process ingested knowledge for /app/data/tataelxsimockapisolutions5451/313/b861537/mytv-ott-hello-world-android-tv-91585-319/android_tv_frontend/utilities/build/intermediates/lint-cache/lintAnalyzeDebug/maven.google/master-index.xml
2025-11-20 10:15:28,210 - Knowledge - INFO - Found code-base-name: android_tv_frontend
2025-11-20 10:15:28,367 - Knowledge - INFO - Code base not found for android_tv_frontend. Joining with Knowledge base_path: True.
2025-11-20 10:15:28,560 - Knowledge - INFO - /app/data/tataelxsimockapisolutions5451/313/b861537/mytv-ott-hello-world-android-tv-91585-319
2025-11-20 10:15:28,724 - Knowledge - INFO - process ingested knowledge for /app/data/tataelxsimockapisolutions5451/313/b861537/mytv-ott-hello-world-android-tv-91585-319/android_tv_frontend/build/reports/problems/problems-report.html
2025-11-20 10:15:28,883 - Knowledge - INFO - Found code-base-name: android_tv_frontend
2025-11-20 10:15:29,050 - Knowledge - INFO - Code base not found for android_tv_frontend. Joining with Knowledge base_path: True.
2025-11-20 10:15:29,235 - Knowledge - INFO - /app/data/tataelxsimockapisolutions5451/313/b861537/mytv-ott-hello-world-android-tv-91585-319
2025-11-20 10:15:29,409 - Knowledge - INFO - process ingested knowledge for /app/data/tataelxsimockapisolutions5451/313/b861537/mytv-ott-hello-world-android-tv-91585-319/android_tv_frontend/utilities/build/intermediates/unit_test_lint_model/debug/generateDebugUnitTestLintModel/debug.xml
2025-11-20 10:15:29,614 - Knowledge - INFO - Found code-base-name: android_tv_frontend
2025-11-20 10:15:29,769 - Knowledge - INFO - Code base not found for android_tv_frontend. Joining with Knowledge base_path: True.
2025-11-20 10:15:29,987 - Knowledge - INFO - /app/data/tataelxsimockapisolutions5451/313/b861537/mytv-ott-hello-world-android-tv-91585-319
2025-11-20 10:15:30,181 - Knowledge - INFO - process ingested knowledge for /app/data/tataelxsimockapisolutions5451/313/b861537/mytv-ott-hello-world-android-tv-91585-319/android_tv_frontend/list/build/intermediates/incremental/release/packageReleaseResources/merger.xml
2025-11-20 10:15:30,404 - Knowledge - INFO - Found code-base-name: android_tv_frontend
2025-11-20 10:15:30,583 - Knowledge - INFO - Code base not found for android_tv_frontend. Joining with Knowledge base_path: True.
2025-11-20 10:15:30,770 - Knowledge - INFO - /app/data/tataelxsimockapisolutions5451/313/b861537/mytv-ott-hello-world-android-tv-91585-319
2025-11-20 10:15:30,965 - Knowledge - INFO - process ingested knowledge for /app/data/tataelxsimockapisolutions5451/313/b861537/mytv-ott-hello-world-android-tv-91585-319/android_tv_frontend/app/src/main/res/drawable/tag_age_rating.xml
2025-11-20 10:15:31,161 - Knowledge - INFO - Found code-base-name: android_tv_frontend
2025-11-20 10:15:31,344 - Knowledge - INFO - Code base not found for android_tv_frontend. Joining with Knowledge base_path: True.
2025-11-20 10:15:31,539 - Knowledge - INFO - /app/data/tataelxsimockapisolutions5451/313/b861537/mytv-ott-hello-world-android-tv-91585-319
2025-11-20 10:15:31,727 - Knowledge - INFO - process ingested knowledge for /app/data/tataelxsimockapisolutions5451/313/b861537/mytv-ott-hello-world-android-tv-91585-319/android_tv_frontend/install.sh
2025-11-20 10:15:31,933 - Knowledge - INFO - Found code-base-name: android_tv_frontend
2025-11-20 10:15:32,082 - Knowledge - INFO - Code base not found for android_tv_frontend. Joining with Knowledge base_path: True.
2025-11-20 10:15:32,228 - Knowledge - INFO - /app/data/tataelxsimockapisolutions5451/313/b861537/mytv-ott-hello-world-android-tv-91585-319
2025-11-20 10:15:32,399 - Knowledge - INFO - process ingested knowledge for /app/data/tataelxsimockapisolutions5451/313/b861537/mytv-ott-hello-world-android-tv-91585-319/android_tv_frontend/list/build/intermediates/lint-cache/lintAnalyzeDebug/maven.google/master-index.xml
2025-11-20 10:15:32,582 - Knowledge - INFO - Found code-base-name: android_tv_frontend
2025-11-20 10:15:32,770 - Knowledge - INFO - Code base not found for android_tv_frontend. Joining with Knowledge base_path: True.
2025-11-20 10:15:32,946 - Knowledge - INFO - /app/data/tataelxsimockapisolutions5451/313/b861537/mytv-ott-hello-world-android-tv-91585-319
2025-11-20 10:15:33,129 - Knowledge - INFO - process ingested knowledge for /app/data/tataelxsimockapisolutions5451/313/b861537/mytv-ott-hello-world-android-tv-91585-319/android_tv_frontend/app/src/main/java/com/example/tv/ui/SplashActivity.kt
2025-11-20 10:15:33,349 - Knowledge - INFO - Found code-base-name: android_tv_frontend
2025-11-20 10:15:33,532 - Knowledge - INFO - Code base not found for android_tv_frontend. Joining with Knowledge base_path: True.
2025-11-20 10:15:33,713 - Knowledge - INFO - /app/data/tataelxsimockapisolutions5451/313/b861537/mytv-ott-hello-world-android-tv-91585-319
2025-11-20 10:15:33,864 - Knowledge - INFO - process ingested knowledge for /app/data/tataelxsimockapisolutions5451/313/b861537/mytv-ott-hello-world-android-tv-91585-319/android_tv_frontend/utilities/build/intermediates/incremental/lintAnalyzeDebugAndroidTest/debug.xml
2025-11-20 10:15:34,059 - Knowledge - INFO - Found code-base-name: android_tv_frontend
2025-11-20 10:15:34,239 - Knowledge - INFO - Code base not found for android_tv_frontend. Joining with Knowledge base_path: True.
2025-11-20 10:15:34,418 - Knowledge - INFO - /app/data/tataelxsimockapisolutions5451/313/b861537/mytv-ott-hello-world-android-tv-91585-319
2025-11-20 10:15:34,613 - Knowledge - INFO - process ingested knowledge for /app/data/tataelxsimockapisolutions5451/313/b861537/mytv-ott-hello-world-android-tv-91585-319/android_tv_frontend/app/src/main/res/mipmap-anydpi-v26/ic_launcher.xml
2025-11-20 10:15:34,787 - Knowledge - INFO - Found code-base-name: android_tv_frontend
2025-11-20 10:15:34,987 - Knowledge - INFO - Code base not found for android_tv_frontend. Joining with Knowledge base_path: True.
2025-11-20 10:15:35,190 - Knowledge - INFO - /app/data/tataelxsimockapisolutions5451/313/b861537/mytv-ott-hello-world-android-tv-91585-319
2025-11-20 10:15:35,416 - Knowledge - INFO - process ingested knowledge for /app/data/tataelxsimockapisolutions5451/313/b861537/mytv-ott-hello-world-android-tv-91585-319/android_tv_frontend/list/build/intermediates/unit_test_lint_model/debug/generateDebugUnitTestLintModel/debug.xml
2025-11-20 10:15:35,627 - Knowledge - INFO - Found code-base-name: android_tv_frontend
2025-11-20 10:15:35,806 - Knowledge - INFO - Code base not found for android_tv_frontend. Joining with Knowledge base_path: True.
2025-11-20 10:15:35,995 - Knowledge - INFO - /app/data/tataelxsimockapisolutions5451/313/b861537/mytv-ott-hello-world-android-tv-91585-319
2025-11-20 10:15:36,173 - Knowledge - INFO - process ingested knowledge for /app/data/tataelxsimockapisolutions5451/313/b861537/mytv-ott-hello-world-android-tv-91585-319/android_tv_frontend/list/build/intermediates/incremental/debug/packageDebugResources/merger.xml
2025-11-20 10:15:36,322 - Knowledge - INFO - Found code-base-name: android_tv_frontend
2025-11-20 10:15:36,537 - Knowledge - INFO - Code base not found for android_tv_frontend. Joining with Knowledge base_path: True.
2025-11-20 10:15:36,727 - Knowledge - INFO - /app/data/tataelxsimockapisolutions5451/313/b861537/mytv-ott-hello-world-android-tv-91585-319
2025-11-20 10:15:36,942 - Knowledge - INFO - process ingested knowledge for /app/data/tataelxsimockapisolutions5451/313/b861537/mytv-ott-hello-world-android-tv-91585-319/android_tv_frontend/utilities/build/intermediates/incremental/debug/packageDebugResources/merger.xml
2025-11-20 10:15:37,144 - Knowledge - INFO - Found code-base-name: android_tv_frontend
2025-11-20 10:15:37,343 - Knowledge - INFO - Code base not found for android_tv_frontend. Joining with Knowledge base_path: True.
2025-11-20 10:15:37,533 - Knowledge - INFO - /app/data/tataelxsimockapisolutions5451/313/b861537/mytv-ott-hello-world-android-tv-91585-319
2025-11-20 10:15:37,705 - Knowledge - INFO - process ingested knowledge for /app/data/tataelxsimockapisolutions5451/313/b861537/mytv-ott-hello-world-android-tv-91585-319/android_tv_frontend/app/src/main/res/drawable/gradient_horizontal_overlay.xml
2025-11-20 10:15:37,898 - Knowledge - INFO - Found code-base-name: android_tv_frontend
2025-11-20 10:15:38,088 - Knowledge - INFO - Code base not found for android_tv_frontend. Joining with Knowledge base_path: True.
2025-11-20 10:15:38,260 - Knowledge - INFO - /app/data/tataelxsimockapisolutions5451/313/b861537/mytv-ott-hello-world-android-tv-91585-319
2025-11-20 10:15:38,423 - Knowledge - INFO - process ingested knowledge for /app/data/tataelxsimockapisolutions5451/313/b861537/mytv-ott-hello-world-android-tv-91585-319/android_tv_frontend/app/src/main/res/drawable/ic_replay.xml
2025-11-20 10:15:38,599 - Knowledge - INFO - Found code-base-name: android_tv_frontend
2025-11-20 10:15:38,812 - Knowledge - INFO - Code base not found for android_tv_frontend. Joining with Knowledge base_path: True.
2025-11-20 10:15:38,997 - Knowledge - INFO - /app/data/tataelxsimockapisolutions5451/313/b861537/mytv-ott-hello-world-android-tv-91585-319
2025-11-20 10:15:39,218 - Knowledge - INFO - process ingested knowledge for /app/data/tataelxsimockapisolutions5451/313/b861537/mytv-ott-hello-world-android-tv-91585-319/android_tv_frontend/app/src/main/res/drawable/bg_focus_state.xml
2025-11-20 10:15:39,405 - Knowledge - INFO - Found code-base-name: android_tv_frontend
2025-11-20 10:15:39,583 - Knowledge - INFO - Code base not found for android_tv_frontend. Joining with Knowledge base_path: True.
2025-11-20 10:15:39,762 - Knowledge - INFO - /app/data/tataelxsimockapisolutions5451/313/b861537/mytv-ott-hello-world-android-tv-91585-319
2025-11-20 10:15:39,947 - Knowledge - INFO - process ingested knowledge for /app/data/tataelxsimockapisolutions5451/313/b861537/mytv-ott-hello-world-android-tv-91585-319/android_tv_frontend/app/src/main/res/drawable/ic_audio_subtitle.xml
2025-11-20 10:15:40,120 - Knowledge - INFO - Found code-base-name: android_tv_frontend
2025-11-20 10:15:40,272 - Knowledge - INFO - Code base not found for android_tv_frontend. Joining with Knowledge base_path: True.
2025-11-20 10:15:40,440 - Knowledge - INFO - /app/data/tataelxsimockapisolutions5451/313/b861537/mytv-ott-hello-world-android-tv-91585-319
2025-11-20 10:15:40,630 - Knowledge - INFO - process ingested knowledge for /app/data/tataelxsimockapisolutions5451/313/b861537/mytv-ott-hello-world-android-tv-91585-319/android_tv_frontend/app/src/main/res/values/strings.xml
2025-11-20 10:15:40,860 - Knowledge - INFO - Found code-base-name: android_tv_frontend
2025-11-20 10:15:41,007 - Knowledge - INFO - Code base not found for android_tv_frontend. Joining with Knowledge base_path: True.
2025-11-20 10:15:41,204 - Knowledge - INFO - /app/data/tataelxsimockapisolutions5451/313/b861537/mytv-ott-hello-world-android-tv-91585-319
2025-11-20 10:15:41,368 - Knowledge - INFO - process ingested knowledge for /app/data/tataelxsimockapisolutions5451/313/b861537/mytv-ott-hello-world-android-tv-91585-319/android_tv_frontend/utilities/build/intermediates/incremental/lintAnalyzeDebug/debug-artifact-libraries.xml
2025-11-20 10:15:41,575 - Knowledge - INFO - Found code-base-name: android_tv_frontend
2025-11-20 10:15:41,771 - Knowledge - INFO - Code base not found for android_tv_frontend. Joining with Knowledge base_path: True.
2025-11-20 10:15:41,928 - Knowledge - INFO - /app/data/tataelxsimockapisolutions5451/313/b861537/mytv-ott-hello-world-android-tv-91585-319
2025-11-20 10:15:42,107 - Knowledge - INFO - process ingested knowledge for /app/data/tataelxsimockapisolutions5451/313/b861537/mytv-ott-hello-world-android-tv-91585-319/android_tv_frontend/list/build/intermediates/lint_report_lint_model/debug/generateDebugLintReportModel/debug-artifact-libraries.xml
2025-11-20 10:15:42,260 - Knowledge - INFO - Found code-base-name: android_tv_frontend
2025-11-20 10:15:42,410 - Knowledge - INFO - Code base not found for android_tv_frontend. Joining with Knowledge base_path: True.
2025-11-20 10:15:42,586 - Knowledge - INFO - /app/data/tataelxsimockapisolutions5451/313/b861537/mytv-ott-hello-world-android-tv-91585-319
2025-11-20 10:15:42,796 - Knowledge - INFO - process ingested knowledge for /app/data/tataelxsimockapisolutions5451/313/b861537/mytv-ott-hello-world-android-tv-91585-319/android_tv_frontend/app/src/main/res/drawable/sub_net.xml
2025-11-20 10:15:42,982 - Knowledge - INFO - Found code-base-name: android_tv_frontend
2025-11-20 10:15:43,135 - Knowledge - INFO - Code base not found for android_tv_frontend. Joining with Knowledge base_path: True.
2025-11-20 10:15:43,317 - Knowledge - INFO - /app/data/tataelxsimockapisolutions5451/313/b861537/mytv-ott-hello-world-android-tv-91585-319
2025-11-20 10:15:43,495 - Knowledge - INFO - process ingested knowledge for /app/data/tataelxsimockapisolutions5451/313/b861537/mytv-ott-hello-world-android-tv-91585-319/android_tv_frontend/list/build/intermediates/incremental/lintAnalyzeDebug/debug-artifact-libraries.xml
2025-11-20 10:15:43,659 - Knowledge - INFO - Found code-base-name: android_tv_frontend
2025-11-20 10:15:43,837 - Knowledge - INFO - Code base not found for android_tv_frontend. Joining with Knowledge base_path: True.
2025-11-20 10:15:43,993 - Knowledge - INFO - /app/data/tataelxsimockapisolutions5451/313/b861537/mytv-ott-hello-world-android-tv-91585-319
2025-11-20 10:15:44,151 - Knowledge - INFO - process ingested knowledge for /app/data/tataelxsimockapisolutions5451/313/b861537/mytv-ott-hello-world-android-tv-91585-319/android_tv_frontend/utilities/build/intermediates/lint_report_lint_model/debug/generateDebugLintReportModel/debug-artifact-libraries.xml
2025-11-20 10:15:44,345 - Knowledge - INFO - Found code-base-name: android_tv_frontend
2025-11-20 10:15:44,556 - Knowledge - INFO - Code base not found for android_tv_frontend. Joining with Knowledge base_path: True.
2025-11-20 10:15:44,737 - Knowledge - INFO - /app/data/tataelxsimockapisolutions5451/313/b861537/mytv-ott-hello-world-android-tv-91585-319
2025-11-20 10:15:44,920 - Knowledge - INFO - process ingested knowledge for /app/data/tataelxsimockapisolutions5451/313/b861537/mytv-ott-hello-world-android-tv-91585-319/android_tv_frontend/utilities/build/intermediates/incremental/lintAnalyzeDebugUnitTest/debug-artifact-libraries.xml
2025-11-20 10:15:45,084 - Knowledge - INFO - Found code-base-name: android_tv_frontend
2025-11-20 10:15:45,272 - Knowledge - INFO - Code base not found for android_tv_frontend. Joining with Knowledge base_path: True.
2025-11-20 10:15:45,497 - Knowledge - INFO - /app/data/tataelxsimockapisolutions5451/313/b861537/mytv-ott-hello-world-android-tv-91585-319
2025-11-20 10:15:45,707 - Knowledge - INFO - process ingested knowledge for /app/data/tataelxsimockapisolutions5451/313/b861537/mytv-ott-hello-world-android-tv-91585-319/android_tv_frontend/app/src/main/res/values/colors.xml
2025-11-20 10:15:45,869 - Knowledge - INFO - Found code-base-name: android_tv_frontend
2025-11-20 10:15:46,073 - Knowledge - INFO - Code base not found for android_tv_frontend. Joining with Knowledge base_path: True.
2025-11-20 10:15:46,271 - Knowledge - INFO - /app/data/tataelxsimockapisolutions5451/313/b861537/mytv-ott-hello-world-android-tv-91585-319
2025-11-20 10:15:46,445 - Knowledge - INFO - process ingested knowledge for /app/data/tataelxsimockapisolutions5451/313/b861537/mytv-ott-hello-world-android-tv-91585-319/android_tv_frontend/list/build/intermediates/incremental/lintAnalyzeDebugUnitTest/debug-artifact-libraries.xml
2025-11-20 10:15:46,640 - Knowledge - INFO - Found code-base-name: android_tv_frontend
2025-11-20 10:15:46,837 - Knowledge - INFO - Code base not found for android_tv_frontend. Joining with Knowledge base_path: True.
2025-11-20 10:15:47,038 - Knowledge - INFO - /app/data/tataelxsimockapisolutions5451/313/b861537/mytv-ott-hello-world-android-tv-91585-319
2025-11-20 10:15:47,218 - Knowledge - INFO - process ingested knowledge for /app/data/tataelxsimockapisolutions5451/313/b861537/mytv-ott-hello-world-android-tv-91585-319/android_tv_frontend/app/src/main/res/drawable/thumb_1.xml
2025-11-20 10:15:47,367 - Knowledge - INFO - Found code-base-name: android_tv_frontend
2025-11-20 10:15:47,558 - Knowledge - INFO - Code base not found for android_tv_frontend. Joining with Knowledge base_path: True.
2025-11-20 10:15:47,739 - Knowledge - INFO - /app/data/tataelxsimockapisolutions5451/313/b861537/mytv-ott-hello-world-android-tv-91585-319
2025-11-20 10:15:47,947 - Knowledge - INFO - process ingested knowledge for /app/data/tataelxsimockapisolutions5451/313/b861537/mytv-ott-hello-world-android-tv-91585-319/android_tv_frontend/app/src/main/res/drawable/ic_block.xml
2025-11-20 10:15:48,153 - Knowledge - INFO - Found code-base-name: android_tv_frontend
2025-11-20 10:15:48,353 - Knowledge - INFO - Code base not found for android_tv_frontend. Joining with Knowledge base_path: True.
2025-11-20 10:15:48,562 - Knowledge - INFO - /app/data/tataelxsimockapisolutions5451/313/b861537/mytv-ott-hello-world-android-tv-91585-319
2025-11-20 10:15:48,744 - Knowledge - INFO - process ingested knowledge for /app/data/tataelxsimockapisolutions5451/313/b861537/mytv-ott-hello-world-android-tv-91585-319/android_tv_frontend/app/src/main/res/drawable/sub_prime.xml
2025-11-20 10:15:48,927 - Knowledge - INFO - Found code-base-name: android_tv_frontend
2025-11-20 10:15:49,125 - Knowledge - INFO - Code base not found for android_tv_frontend. Joining with Knowledge base_path: True.
2025-11-20 10:15:49,277 - Knowledge - INFO - /app/data/tataelxsimockapisolutions5451/313/b861537/mytv-ott-hello-world-android-tv-91585-319
2025-11-20 10:15:49,483 - Knowledge - INFO - process ingested knowledge for /app/data/tataelxsimockapisolutions5451/313/b861537/mytv-ott-hello-world-android-tv-91585-319/android_tv_frontend/list/build/intermediates/aapt_friendly_merged_manifests/debug/processDebugManifest/aapt/output-metadata.json
2025-11-20 10:15:49,675 - Knowledge - INFO - Found code-base-name: android_tv_frontend
2025-11-20 10:15:49,860 - Knowledge - INFO - Code base not found for android_tv_frontend. Joining with Knowledge base_path: True.
2025-11-20 10:15:50,037 - Knowledge - INFO - /app/data/tataelxsimockapisolutions5451/313/b861537/mytv-ott-hello-world-android-tv-91585-319
2025-11-20 10:15:50,232 - Knowledge - INFO - process ingested knowledge for /app/data/tataelxsimockapisolutions5451/313/b861537/mytv-ott-hello-world-android-tv-91585-319/android_tv_frontend/utilities/build/intermediates/aapt_friendly_merged_manifests/debug/processDebugManifest/aapt/output-metadata.json
2025-11-20 10:15:50,465 - Knowledge - INFO - Found code-base-name: android_tv_frontend
2025-11-20 10:15:50,635 - Knowledge - INFO - Code base not found for android_tv_frontend. Joining with Knowledge base_path: True.
2025-11-20 10:15:50,816 - Knowledge - INFO - /app/data/tataelxsimockapisolutions5451/313/b861537/mytv-ott-hello-world-android-tv-91585-319
2025-11-20 10:15:50,980 - Knowledge - INFO - process ingested knowledge for /app/data/tataelxsimockapisolutions5451/313/b861537/mytv-ott-hello-world-android-tv-91585-319/android_tv_frontend/app/src/main/res/layout/activity_content_info.xml
2025-11-20 10:15:51,193 - Knowledge - INFO - Found code-base-name: android_tv_frontend
2025-11-20 10:15:51,354 - Knowledge - INFO - Code base not found for android_tv_frontend. Joining with Knowledge base_path: True.
2025-11-20 10:15:51,556 - Knowledge - INFO - /app/data/tataelxsimockapisolutions5451/313/b861537/mytv-ott-hello-world-android-tv-91585-319
2025-11-20 10:15:51,749 - Knowledge - INFO - process ingested knowledge for /app/data/tataelxsimockapisolutions5451/313/b861537/mytv-ott-hello-world-android-tv-91585-319/android_tv_frontend/app/src/main/res/values/dimens.xml
2025-11-20 10:15:51,962 - Knowledge - INFO - Found code-base-name: android_tv_frontend
2025-11-20 10:15:52,136 - Knowledge - INFO - Code base not found for android_tv_frontend. Joining with Knowledge base_path: True.
2025-11-20 10:15:52,314 - Knowledge - INFO - /app/data/tataelxsimockapisolutions5451/313/b861537/mytv-ott-hello-world-android-tv-91585-319
2025-11-20 10:15:52,502 - Knowledge - INFO - process ingested knowledge for /app/data/tataelxsimockapisolutions5451/313/b861537/mytv-ott-hello-world-android-tv-91585-319/android_tv_frontend/list/build/intermediates/android_test_lint_model/debug/generateDebugAndroidTestLintModel/debug.xml
2025-11-20 10:15:52,711 - Knowledge - INFO - Found code-base-name: android_tv_frontend
2025-11-20 10:15:52,900 - Knowledge - INFO - Code base not found for android_tv_frontend. Joining with Knowledge base_path: True.
2025-11-20 10:15:53,056 - Knowledge - INFO - /app/data/tataelxsimockapisolutions5451/313/b861537/mytv-ott-hello-world-android-tv-91585-319
2025-11-20 10:15:53,229 - Knowledge - INFO - process ingested knowledge for /app/data/tataelxsimockapisolutions5451/313/b861537/mytv-ott-hello-world-android-tv-91585-319/android_tv_frontend/app/src/main/java/com/example/tv/data/CategoryRepository.kt
2025-11-20 10:15:53,430 - Knowledge - INFO - Found code-base-name: android_tv_frontend
2025-11-20 10:15:53,617 - Knowledge - INFO - Code base not found for android_tv_frontend. Joining with Knowledge base_path: True.
2025-11-20 10:15:53,816 - Knowledge - INFO - /app/data/tataelxsimockapisolutions5451/313/b861537/mytv-ott-hello-world-android-tv-91585-319
2025-11-20 10:15:54,024 - Knowledge - INFO - process ingested knowledge for /app/data/tataelxsimockapisolutions5451/313/b861537/mytv-ott-hello-world-android-tv-91585-319/android_tv_frontend/list/build/intermediates/aapt_friendly_merged_manifests/debug/processDebugManifest/aapt/AndroidManifest.xml
2025-11-20 10:15:54,199 - Knowledge - INFO - Found code-base-name: android_tv_frontend
2025-11-20 10:15:54,429 - Knowledge - INFO - Code base not found for android_tv_frontend. Joining with Knowledge base_path: True.
2025-11-20 10:15:54,630 - Knowledge - INFO - /app/data/tataelxsimockapisolutions5451/313/b861537/mytv-ott-hello-world-android-tv-91585-319
2025-11-20 10:15:54,816 - Knowledge - INFO - process ingested knowledge for /app/data/tataelxsimockapisolutions5451/313/b861537/mytv-ott-hello-world-android-tv-91585-319/android_tv_frontend/utilities/build/intermediates/aapt_friendly_merged_manifests/debug/processDebugManifest/aapt/AndroidManifest.xml
2025-11-20 10:15:54,970 - Knowledge - INFO - Found code-base-name: android_tv_frontend
2025-11-20 10:15:55,138 - Knowledge - INFO - Code base not found for android_tv_frontend. Joining with Knowledge base_path: True.
2025-11-20 10:15:55,312 - Knowledge - INFO - /app/data/tataelxsimockapisolutions5451/313/b861537/mytv-ott-hello-world-android-tv-91585-319
2025-11-20 10:15:55,504 - Knowledge - INFO - process ingested knowledge for /app/data/tataelxsimockapisolutions5451/313/b861537/mytv-ott-hello-world-android-tv-91585-319/android_tv_frontend/list/build/intermediates/lint_model/debug/generateDebugLintModel/debug.xml
2025-11-20 10:15:55,734 - Knowledge - INFO - Found code-base-name: android_tv_frontend
2025-11-20 10:15:55,906 - Knowledge - INFO - Code base not found for android_tv_frontend. Joining with Knowledge base_path: True.
2025-11-20 10:15:56,138 - Knowledge - INFO - /app/data/tataelxsimockapisolutions5451/313/b861537/mytv-ott-hello-world-android-tv-91585-319
2025-11-20 10:15:56,324 - Knowledge - INFO - process ingested knowledge for /app/data/tataelxsimockapisolutions5451/313/b861537/mytv-ott-hello-world-android-tv-91585-319/android_tv_frontend/app/src/main/res/values/ids.xml
2025-11-20 10:15:56,476 - Knowledge - INFO - Found code-base-name: android_tv_frontend
2025-11-20 10:15:56,636 - Knowledge - INFO - Code base not found for android_tv_frontend. Joining with Knowledge base_path: True.
2025-11-20 10:15:56,847 - Knowledge - INFO - /app/data/tataelxsimockapisolutions5451/313/b861537/mytv-ott-hello-world-android-tv-91585-319
2025-11-20 10:15:57,065 - Knowledge - INFO - process ingested knowledge for /app/data/tataelxsimockapisolutions5451/313/b861537/mytv-ott-hello-world-android-tv-91585-319/android_tv_frontend/utilities/build/intermediates/android_test_lint_model/debug/generateDebugAndroidTestLintModel/debug.xml
2025-11-20 10:15:57,277 - Knowledge - INFO - Found code-base-name: android_tv_frontend
2025-11-20 10:15:57,495 - Knowledge - INFO - Code base not found for android_tv_frontend. Joining with Knowledge base_path: True.
2025-11-20 10:15:57,707 - Knowledge - INFO - /app/data/tataelxsimockapisolutions5451/313/b861537/mytv-ott-hello-world-android-tv-91585-319
2025-11-20 10:15:57,907 - Knowledge - INFO - process ingested knowledge for /app/data/tataelxsimockapisolutions5451/313/b861537/mytv-ott-hello-world-android-tv-91585-319/android_tv_frontend/app/src/main/res/layout/view_rail.xml
2025-11-20 10:15:58,073 - Knowledge - INFO - Found code-base-name: android_tv_frontend
2025-11-20 10:15:58,229 - Knowledge - INFO - Code base not found for android_tv_frontend. Joining with Knowledge base_path: True.
2025-11-20 10:15:58,425 - Knowledge - INFO - /app/data/tataelxsimockapisolutions5451/313/b861537/mytv-ott-hello-world-android-tv-91585-319
2025-11-20 10:15:58,618 - Knowledge - INFO - process ingested knowledge for /app/data/tataelxsimockapisolutions5451/313/b861537/mytv-ott-hello-world-android-tv-91585-319/android_tv_frontend/app/src/main/AndroidManifest.xml
2025-11-20 10:15:58,823 - Knowledge - INFO - Found code-base-name: android_tv_frontend
2025-11-20 10:15:58,968 - Knowledge - INFO - Code base not found for android_tv_frontend. Joining with Knowledge base_path: True.
2025-11-20 10:15:59,149 - Knowledge - INFO - /app/data/tataelxsimockapisolutions5451/313/b861537/mytv-ott-hello-world-android-tv-91585-319
2025-11-20 10:15:59,305 - Knowledge - INFO - process ingested knowledge for /app/data/tataelxsimockapisolutions5451/313/b861537/mytv-ott-hello-world-android-tv-91585-319/android_tv_frontend/settings.gradle.kts
2025-11-20 10:15:59,478 - Knowledge - INFO - Found code-base-name: android_tv_frontend
2025-11-20 10:15:59,630 - Knowledge - INFO - Code base not found for android_tv_frontend. Joining with Knowledge base_path: True.
2025-11-20 10:15:59,802 - Knowledge - INFO - /app/data/tataelxsimockapisolutions5451/313/b861537/mytv-ott-hello-world-android-tv-91585-319
2025-11-20 10:16:00,013 - Knowledge - INFO - process ingested knowledge for /app/data/tataelxsimockapisolutions5451/313/b861537/mytv-ott-hello-world-android-tv-91585-319/android_tv_frontend/utilities/build/intermediates/lint_report_lint_model/debug/generateDebugLintReportModel/debug-artifact-dependencies.xml
2025-11-20 10:16:00,239 - Knowledge - INFO - Found code-base-name: android_tv_frontend
2025-11-20 10:16:00,464 - Knowledge - INFO - Code base not found for android_tv_frontend. Joining with Knowledge base_path: True.
2025-11-20 10:16:00,641 - Knowledge - INFO - /app/data/tataelxsimockapisolutions5451/313/b861537/mytv-ott-hello-world-android-tv-91585-319
2025-11-20 10:16:00,796 - Knowledge - INFO - process ingested knowledge for /app/data/tataelxsimockapisolutions5451/313/b861537/mytv-ott-hello-world-android-tv-91585-319/android_tv_frontend/list/build/intermediates/incremental/packageDebugAssets/merger.xml
2025-11-20 10:16:01,024 - Knowledge - INFO - Found code-base-name: android_tv_frontend
2025-11-20 10:16:01,220 - Knowledge - INFO - Code base not found for android_tv_frontend. Joining with Knowledge base_path: True.
2025-11-20 10:16:01,381 - Knowledge - INFO - /app/data/tataelxsimockapisolutions5451/313/b861537/mytv-ott-hello-world-android-tv-91585-319
2025-11-20 10:16:01,594 - Knowledge - INFO - process ingested knowledge for /app/data/tataelxsimockapisolutions5451/313/b861537/mytv-ott-hello-world-android-tv-91585-319/android_tv_frontend/utilities/consumer-rules.pro
2025-11-20 10:16:01,795 - Knowledge - INFO - Found code-base-name: android_tv_frontend
2025-11-20 10:16:01,995 - Knowledge - INFO - Code base not found for android_tv_frontend. Joining with Knowledge base_path: True.
2025-11-20 10:16:02,222 - Knowledge - INFO - /app/data/tataelxsimockapisolutions5451/313/b861537/mytv-ott-hello-world-android-tv-91585-319
2025-11-20 10:16:02,416 - Knowledge - INFO - process ingested knowledge for /app/data/tataelxsimockapisolutions5451/313/b861537/mytv-ott-hello-world-android-tv-91585-319/android_tv_frontend/app/src/main/res/drawable/ic_bell.xml
2025-11-20 10:16:02,629 - Knowledge - INFO - Found code-base-name: android_tv_frontend
2025-11-20 10:16:02,859 - Knowledge - INFO - Code base not found for android_tv_frontend. Joining with Knowledge base_path: True.
2025-11-20 10:16:03,029 - Knowledge - INFO - /app/data/tataelxsimockapisolutions5451/313/b861537/mytv-ott-hello-world-android-tv-91585-319
2025-11-20 10:16:03,208 - Knowledge - INFO - process ingested knowledge for /app/data/tataelxsimockapisolutions5451/313/b861537/mytv-ott-hello-world-android-tv-91585-319/android_tv_frontend/list/build/intermediates/incremental/lintAnalyzeDebug/debug-artifact-dependencies.xml
2025-11-20 10:16:03,404 - Knowledge - INFO - Found code-base-name: android_tv_frontend
2025-11-20 10:16:03,593 - Knowledge - INFO - Code base not found for android_tv_frontend. Joining with Knowledge base_path: True.
2025-11-20 10:16:03,807 - Knowledge - INFO - /app/data/tataelxsimockapisolutions5451/313/b861537/mytv-ott-hello-world-android-tv-91585-319
2025-11-20 10:16:03,987 - Knowledge - INFO - process ingested knowledge for /app/data/tataelxsimockapisolutions5451/313/b861537/mytv-ott-hello-world-android-tv-91585-319/android_tv_frontend/utilities/build/intermediates/incremental/lintAnalyzeDebugUnitTest/module.xml
2025-11-20 10:16:04,146 - Knowledge - INFO - Found code-base-name: android_tv_frontend
2025-11-20 10:16:04,324 - Knowledge - INFO - Code base not found for android_tv_frontend. Joining with Knowledge base_path: True.
2025-11-20 10:16:04,506 - Knowledge - INFO - /app/data/tataelxsimockapisolutions5451/313/b861537/mytv-ott-hello-world-android-tv-91585-319
2025-11-20 10:16:04,712 - Knowledge - INFO - process ingested knowledge for /app/data/tataelxsimockapisolutions5451/313/b861537/mytv-ott-hello-world-android-tv-91585-319/android_tv_frontend/settings.gradle
2025-11-20 10:16:04,956 - Knowledge - INFO - Found code-base-name: android_tv_frontend
2025-11-20 10:16:05,188 - Knowledge - INFO - Code base not found for android_tv_frontend. Joining with Knowledge base_path: True.
2025-11-20 10:16:05,354 - Knowledge - INFO - /app/data/tataelxsimockapisolutions5451/313/b861537/mytv-ott-hello-world-android-tv-91585-319
2025-11-20 10:16:05,516 - Knowledge - INFO - process ingested knowledge for /app/data/tataelxsimockapisolutions5451/313/b861537/mytv-ott-hello-world-android-tv-91585-319/android_tv_frontend/list/build/intermediates/lint_report_lint_model/debug/generateDebugLintReportModel/debug-artifact-dependencies.xml
2025-11-20 10:16:05,696 - Knowledge - INFO - Found code-base-name: android_tv_frontend
2025-11-20 10:16:05,850 - Knowledge - INFO - Code base not found for android_tv_frontend. Joining with Knowledge base_path: True.
2025-11-20 10:16:06,053 - Knowledge - INFO - /app/data/tataelxsimockapisolutions5451/313/b861537/mytv-ott-hello-world-android-tv-91585-319
2025-11-20 10:16:06,230 - Knowledge - INFO - process ingested knowledge for /app/data/tataelxsimockapisolutions5451/313/b861537/mytv-ott-hello-world-android-tv-91585-319/android_tv_frontend/list/consumer-rules.pro
2025-11-20 10:16:06,457 - Knowledge - INFO - Found code-base-name: android_tv_frontend
2025-11-20 10:16:06,645 - Knowledge - INFO - Code base not found for android_tv_frontend. Joining with Knowledge base_path: True.
2025-11-20 10:16:06,824 - Knowledge - INFO - /app/data/tataelxsimockapisolutions5451/313/b861537/mytv-ott-hello-world-android-tv-91585-319
2025-11-20 10:16:07,015 - Knowledge - INFO - process ingested knowledge for /app/data/tataelxsimockapisolutions5451/313/b861537/mytv-ott-hello-world-android-tv-91585-319/android_tv_frontend/utilities/build/intermediates/incremental/lintAnalyzeDebug/debug-artifact-dependencies.xml
2025-11-20 10:16:07,222 - Knowledge - INFO - Found code-base-name: android_tv_frontend
2025-11-20 10:16:07,416 - Knowledge - INFO - Code base not found for android_tv_frontend. Joining with Knowledge base_path: True.
2025-11-20 10:16:07,597 - Knowledge - INFO - /app/data/tataelxsimockapisolutions5451/313/b861537/mytv-ott-hello-world-android-tv-91585-319
2025-11-20 10:16:07,790 - Knowledge - INFO - process ingested knowledge for /app/data/tataelxsimockapisolutions5451/313/b861537/mytv-ott-hello-world-android-tv-91585-319/android_tv_frontend/list/build/intermediates/incremental/lintAnalyzeDebugUnitTest/module.xml
2025-11-20 10:16:07,960 - Knowledge - INFO - Found code-base-name: android_tv_frontend
2025-11-20 10:16:08,123 - Knowledge - INFO - Code base not found for android_tv_frontend. Joining with Knowledge base_path: True.
2025-11-20 10:16:08,271 - Knowledge - INFO - /app/data/tataelxsimockapisolutions5451/313/b861537/mytv-ott-hello-world-android-tv-91585-319
2025-11-20 10:16:08,450 - Knowledge - INFO - process ingested knowledge for /app/data/tataelxsimockapisolutions5451/313/b861537/mytv-ott-hello-world-android-tv-91585-319/android_tv_frontend/app/src/main/res/values/project_root_hint.xml
2025-11-20 10:16:08,647 - Knowledge - INFO - Found code-base-name: android_tv_frontend
2025-11-20 10:16:08,818 - Knowledge - INFO - Code base not found for android_tv_frontend. Joining with Knowledge base_path: True.
2025-11-20 10:16:09,013 - Knowledge - INFO - /app/data/tataelxsimockapisolutions5451/313/b861537/mytv-ott-hello-world-android-tv-91585-319
2025-11-20 10:16:09,213 - Knowledge - INFO - process ingested knowledge for /app/data/tataelxsimockapisolutions5451/313/b861537/mytv-ott-hello-world-android-tv-91585-319/android_tv_frontend/utilities/build/intermediates/incremental/packageDebugAssets/merger.xml
2025-11-20 10:16:09,395 - Knowledge - INFO - Found code-base-name: android_tv_frontend
2025-11-20 10:16:09,576 - Knowledge - INFO - Code base not found for android_tv_frontend. Joining with Knowledge base_path: True.
2025-11-20 10:16:09,777 - Knowledge - INFO - /app/data/tataelxsimockapisolutions5451/313/b861537/mytv-ott-hello-world-android-tv-91585-319
2025-11-20 10:16:09,953 - Knowledge - INFO - process ingested knowledge for /app/data/tataelxsimockapisolutions5451/313/b861537/mytv-ott-hello-world-android-tv-91585-319/android_tv_frontend/utilities/build/intermediates/lint_report_lint_model/debug/generateDebugLintReportModel/module.xml
2025-11-20 10:16:10,142 - Knowledge - INFO - Found code-base-name: android_tv_frontend
2025-11-20 10:16:10,309 - Knowledge - INFO - Code base not found for android_tv_frontend. Joining with Knowledge base_path: True.
2025-11-20 10:16:10,515 - Knowledge - INFO - /app/data/tataelxsimockapisolutions5451/313/b861537/mytv-ott-hello-world-android-tv-91585-319
2025-11-20 10:16:10,662 - Knowledge - INFO - process ingested knowledge for /app/data/tataelxsimockapisolutions5451/313/b861537/mytv-ott-hello-world-android-tv-91585-319/android_tv_frontend/app/src/main/res/drawable/ic_record.xml
2025-11-20 10:16:10,831 - Knowledge - INFO - Found code-base-name: android_tv_frontend
2025-11-20 10:16:11,031 - Knowledge - INFO - Code base not found for android_tv_frontend. Joining with Knowledge base_path: True.
2025-11-20 10:16:11,226 - Knowledge - INFO - /app/data/tataelxsimockapisolutions5451/313/b861537/mytv-ott-hello-world-android-tv-91585-319
2025-11-20 10:16:11,401 - Knowledge - INFO - process ingested knowledge for /app/data/tataelxsimockapisolutions5451/313/b861537/mytv-ott-hello-world-android-tv-91585-319/android_tv_frontend/list/build/intermediates/incremental/lintAnalyzeDebug/module.xml
2025-11-20 10:16:11,567 - Knowledge - INFO - Found code-base-name: android_tv_frontend
2025-11-20 10:16:11,771 - Knowledge - INFO - Code base not found for android_tv_frontend. Joining with Knowledge base_path: True.
2025-11-20 10:16:11,968 - Knowledge - INFO - /app/data/tataelxsimockapisolutions5451/313/b861537/mytv-ott-hello-world-android-tv-91585-319
2025-11-20 10:16:12,165 - Knowledge - INFO - process ingested knowledge for /app/data/tataelxsimockapisolutions5451/313/b861537/mytv-ott-hello-world-android-tv-91585-319/android_tv_frontend/list/build/intermediates/incremental/lintAnalyzeDebugUnitTest/debug-artifact-dependencies.xml
2025-11-20 10:16:12,356 - Knowledge - INFO - Found code-base-name: android_tv_frontend
2025-11-20 10:16:12,565 - Knowledge - INFO - Code base not found for android_tv_frontend. Joining with Knowledge base_path: True.
2025-11-20 10:16:12,726 - Knowledge - INFO - /app/data/tataelxsimockapisolutions5451/313/b861537/mytv-ott-hello-world-android-tv-91585-319
2025-11-20 10:16:12,922 - Knowledge - INFO - process ingested knowledge for /app/data/tataelxsimockapisolutions5451/313/b861537/mytv-ott-hello-world-android-tv-91585-319/android_tv_frontend/app/src/main/res/values/ic_launcher_background.xml
2025-11-20 10:16:13,112 - Knowledge - INFO - Found code-base-name: android_tv_frontend
2025-11-20 10:16:13,293 - Knowledge - INFO - Code base not found for android_tv_frontend. Joining with Knowledge base_path: True.
2025-11-20 10:16:13,474 - Knowledge - INFO - /app/data/tataelxsimockapisolutions5451/313/b861537/mytv-ott-hello-world-android-tv-91585-319
2025-11-20 10:16:13,632 - Knowledge - INFO - process ingested knowledge for /app/data/tataelxsimockapisolutions5451/313/b861537/mytv-ott-hello-world-android-tv-91585-319/android_tv_frontend/list/build/intermediates/lint_report_lint_model/debug/generateDebugLintReportModel/module.xml
2025-11-20 10:16:13,831 - Knowledge - INFO - Found code-base-name: android_tv_frontend
2025-11-20 10:16:14,031 - Knowledge - INFO - Code base not found for android_tv_frontend. Joining with Knowledge base_path: True.
2025-11-20 10:16:14,217 - Knowledge - INFO - /app/data/tataelxsimockapisolutions5451/313/b861537/mytv-ott-hello-world-android-tv-91585-319
2025-11-20 10:16:14,398 - Knowledge - INFO - process ingested knowledge for /app/data/tataelxsimockapisolutions5451/313/b861537/mytv-ott-hello-world-android-tv-91585-319/android_tv_frontend/utilities/build/intermediates/incremental/lintAnalyzeDebug/module.xml
2025-11-20 10:16:14,571 - Knowledge - INFO - Found code-base-name: android_tv_frontend
2025-11-20 10:16:14,732 - Knowledge - INFO - Code base not found for android_tv_frontend. Joining with Knowledge base_path: True.
2025-11-20 10:16:14,923 - Knowledge - INFO - /app/data/tataelxsimockapisolutions5451/313/b861537/mytv-ott-hello-world-android-tv-91585-319
2025-11-20 10:16:15,081 - Knowledge - INFO - process ingested knowledge for /app/data/tataelxsimockapisolutions5451/313/b861537/mytv-ott-hello-world-android-tv-91585-319/android_tv_frontend/utilities/build/intermediates/incremental/lintAnalyzeDebugUnitTest/debug-artifact-dependencies.xml
2025-11-20 10:16:15,273 - Knowledge - INFO - Found code-base-name: android_tv_frontend
2025-11-20 10:16:15,447 - Knowledge - INFO - Code base not found for android_tv_frontend. Joining with Knowledge base_path: True.
2025-11-20 10:16:15,652 - Knowledge - INFO - /app/data/tataelxsimockapisolutions5451/313/b861537/mytv-ott-hello-world-android-tv-91585-319
2025-11-20 10:16:15,826 - Knowledge - INFO - process ingested knowledge for /app/data/tataelxsimockapisolutions5451/313/b861537/mytv-ott-hello-world-android-tv-91585-319/android_tv_frontend/app/src/main/res/values/nord_additional_colors.xml
2025-11-20 10:16:16,032 - Knowledge - INFO - Found code-base-name: android_tv_frontend
2025-11-20 10:16:16,218 - Knowledge - INFO - Code base not found for android_tv_frontend. Joining with Knowledge base_path: True.
2025-11-20 10:16:16,402 - Knowledge - INFO - /app/data/tataelxsimockapisolutions5451/313/b861537/mytv-ott-hello-world-android-tv-91585-319
2025-11-20 10:16:16,607 - Knowledge - INFO - process ingested knowledge for /app/data/tataelxsimockapisolutions5451/313/b861537/mytv-ott-hello-world-android-tv-91585-319/android_tv_frontend/app/src/main/java/com/example/tv/TVApp.kt
2025-11-20 10:16:16,777 - Knowledge - INFO - Found code-base-name: android_tv_frontend
2025-11-20 10:16:16,936 - Knowledge - INFO - Code base not found for android_tv_frontend. Joining with Knowledge base_path: True.
2025-11-20 10:16:17,149 - Knowledge - INFO - /app/data/tataelxsimockapisolutions5451/313/b861537/mytv-ott-hello-world-android-tv-91585-319
2025-11-20 10:16:17,345 - Knowledge - INFO - process ingested knowledge for /app/data/tataelxsimockapisolutions5451/313/b861537/mytv-ott-hello-world-android-tv-91585-319/android_tv_frontend/utilities/build/intermediates/incremental/mergeDebugJniLibFolders/merger.xml
2025-11-20 10:16:17,517 - Knowledge - INFO - Found code-base-name: android_tv_frontend
2025-11-20 10:16:17,706 - Knowledge - INFO - Code base not found for android_tv_frontend. Joining with Knowledge base_path: True.
2025-11-20 10:16:17,898 - Knowledge - INFO - /app/data/tataelxsimockapisolutions5451/313/b861537/mytv-ott-hello-world-android-tv-91585-319
2025-11-20 10:16:18,082 - Knowledge - INFO - process ingested knowledge for /app/data/tataelxsimockapisolutions5451/313/b861537/mytv-ott-hello-world-android-tv-91585-319/android_tv_frontend/ANDROID_PROJECT_ROOT_README.md
2025-11-20 10:16:18,307 - Knowledge - INFO - Found code-base-name: android_tv_frontend
2025-11-20 10:16:18,536 - Knowledge - INFO - Code base not found for android_tv_frontend. Joining with Knowledge base_path: True.
2025-11-20 10:16:18,737 - Knowledge - INFO - /app/data/tataelxsimockapisolutions5451/313/b861537/mytv-ott-hello-world-android-tv-91585-319
2025-11-20 10:16:18,946 - Knowledge - INFO - process ingested knowledge for /app/data/tataelxsimockapisolutions5451/313/b861537/mytv-ott-hello-world-android-tv-91585-319/android_tv_frontend/list/build/intermediates/incremental/mergeDebugJniLibFolders/merger.xml
2025-11-20 10:16:19,132 - Knowledge - INFO - Found code-base-name: android_tv_frontend
2025-11-20 10:16:19,295 - Knowledge - INFO - Code base not found for android_tv_frontend. Joining with Knowledge base_path: True.
2025-11-20 10:16:19,462 - Knowledge - INFO - /app/data/tataelxsimockapisolutions5451/313/b861537/mytv-ott-hello-world-android-tv-91585-319
2025-11-20 10:16:19,638 - Knowledge - INFO - process ingested knowledge for /app/data/tataelxsimockapisolutions5451/313/b861537/mytv-ott-hello-world-android-tv-91585-319/android_tv_frontend/app/src/main/res/drawable/sub_hbo.xml
2025-11-20 10:16:19,811 - Knowledge - INFO - Found code-base-name: android_tv_frontend
2025-11-20 10:16:19,975 - Knowledge - INFO - Code base not found for android_tv_frontend. Joining with Knowledge base_path: True.
2025-11-20 10:16:20,186 - Knowledge - INFO - /app/data/tataelxsimockapisolutions5451/313/b861537/mytv-ott-hello-world-android-tv-91585-319
2025-11-20 10:16:20,347 - Knowledge - INFO - process ingested knowledge for /app/data/tataelxsimockapisolutions5451/313/b861537/mytv-ott-hello-world-android-tv-91585-319/android_tv_frontend/README_PROJECT_ROOT.md
2025-11-20 10:16:20,579 - Knowledge - INFO - Found code-base-name: android_tv_frontend
2025-11-20 10:16:20,772 - Knowledge - INFO - Code base not found for android_tv_frontend. Joining with Knowledge base_path: True.
2025-11-20 10:16:20,948 - Knowledge - INFO - /app/data/tataelxsimockapisolutions5451/313/b861537/mytv-ott-hello-world-android-tv-91585-319
2025-11-20 10:16:21,131 - Knowledge - INFO - process ingested knowledge for /app/data/tataelxsimockapisolutions5451/313/b861537/mytv-ott-hello-world-android-tv-91585-319/android_tv_frontend/app/src/main/java/com/example/tv/ui/content/ContentInfoActivity.kt
2025-11-20 10:16:21,341 - Knowledge - INFO - Found code-base-name: android_tv_frontend
2025-11-20 10:16:21,506 - Knowledge - INFO - Code base not found for android_tv_frontend. Joining with Knowledge base_path: True.
2025-11-20 10:16:21,650 - Knowledge - INFO - /app/data/tataelxsimockapisolutions5451/313/b861537/mytv-ott-hello-world-android-tv-91585-319
2025-11-20 10:16:21,858 - Knowledge - INFO - process ingested knowledge for /app/data/tataelxsimockapisolutions5451/313/b861537/mytv-ott-hello-world-android-tv-91585-319/android_tv_frontend/app/src/main/java/com/example/tv/ui/login/LoginActivity.kt
2025-11-20 10:16:22,039 - Knowledge - INFO - Found code-base-name: android_tv_frontend
2025-11-20 10:16:22,218 - Knowledge - INFO - Code base not found for android_tv_frontend. Joining with Knowledge base_path: True.
2025-11-20 10:16:22,439 - Knowledge - INFO - /app/data/tataelxsimockapisolutions5451/313/b861537/mytv-ott-hello-world-android-tv-91585-319
2025-11-20 10:16:22,627 - Knowledge - INFO - process ingested knowledge for /app/data/tataelxsimockapisolutions5451/313/b861537/mytv-ott-hello-world-android-tv-91585-319/android_tv_frontend/app/src/main/res/drawable/card_bg.xml
2025-11-20 10:16:22,820 - Knowledge - INFO - Found code-base-name: android_tv_frontend
2025-11-20 10:16:22,986 - Knowledge - INFO - Code base not found for android_tv_frontend. Joining with Knowledge base_path: True.
2025-11-20 10:16:23,162 - Knowledge - INFO - /app/data/tataelxsimockapisolutions5451/313/b861537/mytv-ott-hello-world-android-tv-91585-319
2025-11-20 10:16:23,334 - Knowledge - INFO - process ingested knowledge for /app/data/tataelxsimockapisolutions5451/313/b861537/mytv-ott-hello-world-android-tv-91585-319/android_tv_frontend/comm_and_push.sh
2025-11-20 10:16:23,528 - Knowledge - INFO - Found code-base-name: android_tv_frontend
2025-11-20 10:16:23,681 - Knowledge - INFO - Code base not found for android_tv_frontend. Joining with Knowledge base_path: True.
2025-11-20 10:16:23,869 - Knowledge - INFO - /app/data/tataelxsimockapisolutions5451/313/b861537/mytv-ott-hello-world-android-tv-91585-319
2025-11-20 10:16:24,077 - Knowledge - INFO - process ingested knowledge for /app/data/tataelxsimockapisolutions5451/313/b861537/mytv-ott-hello-world-android-tv-91585-319/android_tv_frontend/app/src/main/java/com/example/tv/ui/home/HomeActivity.kt
2025-11-20 10:16:24,235 - Knowledge - INFO - Found code-base-name: android_tv_frontend
2025-11-20 10:16:24,457 - Knowledge - INFO - Code base not found for android_tv_frontend. Joining with Knowledge base_path: True.
2025-11-20 10:16:24,659 - Knowledge - INFO - /app/data/tataelxsimockapisolutions5451/313/b861537/mytv-ott-hello-world-android-tv-91585-319
2025-11-20 10:16:24,840 - Knowledge - INFO - process ingested knowledge for /app/data/tataelxsimockapisolutions5451/313/b861537/mytv-ott-hello-world-android-tv-91585-319/android_tv_frontend/app/src/main/res/drawable/thumb_3.xml
2025-11-20 10:16:25,056 - Knowledge - INFO - Found code-base-name: android_tv_frontend
2025-11-20 10:16:25,242 - Knowledge - INFO - Code base not found for android_tv_frontend. Joining with Knowledge base_path: True.
2025-11-20 10:16:25,426 - Knowledge - INFO - /app/data/tataelxsimockapisolutions5451/313/b861537/mytv-ott-hello-world-android-tv-91585-319
2025-11-20 10:16:25,629 - Knowledge - INFO - process ingested knowledge for /app/data/tataelxsimockapisolutions5451/313/b861537/mytv-ott-hello-world-android-tv-91585-319/android_tv_frontend/app/src/main/res/drawable/sub_disney.xml
2025-11-20 10:16:25,859 - Knowledge - INFO - Found code-base-name: android_tv_frontend
2025-11-20 10:16:26,020 - Knowledge - INFO - Code base not found for android_tv_frontend. Joining with Knowledge base_path: True.
2025-11-20 10:16:26,424 - Knowledge - INFO - /app/data/tataelxsimockapisolutions5451/313/b861537/mytv-ott-hello-world-android-tv-91585-319
2025-11-20 10:16:26,602 - Knowledge - INFO - process ingested knowledge for /app/data/tataelxsimockapisolutions5451/313/b861537/mytv-ott-hello-world-android-tv-91585-319/android_tv_frontend/utilities/build/intermediates/merged_manifest/debug/processDebugManifest/AndroidManifest.xml
2025-11-20 10:16:26,762 - Knowledge - INFO - Found code-base-name: android_tv_frontend
2025-11-20 10:16:26,950 - Knowledge - INFO - Code base not found for android_tv_frontend. Joining with Knowledge base_path: True.
2025-11-20 10:16:27,110 - Knowledge - INFO - /app/data/tataelxsimockapisolutions5451/313/b861537/mytv-ott-hello-world-android-tv-91585-319
2025-11-20 10:16:27,285 - Knowledge - INFO - process ingested knowledge for /app/data/tataelxsimockapisolutions5451/313/b861537/mytv-ott-hello-world-android-tv-91585-319/android_tv_frontend/app/src/main/res/drawable/thumb_6.xml
2025-11-20 10:16:27,480 - Knowledge - INFO - Found code-base-name: android_tv_frontend
2025-11-20 10:16:27,655 - Knowledge - INFO - Code base not found for android_tv_frontend. Joining with Knowledge base_path: True.
2025-11-20 10:16:27,845 - Knowledge - INFO - /app/data/tataelxsimockapisolutions5451/313/b861537/mytv-ott-hello-world-android-tv-91585-319
2025-11-20 10:16:28,047 - Knowledge - INFO - process ingested knowledge for /app/data/tataelxsimockapisolutions5451/313/b861537/mytv-ott-hello-world-android-tv-91585-319/android_tv_frontend/list/build/intermediates/merged_manifest/debug/processDebugManifest/AndroidManifest.xml
2025-11-20 10:16:28,200 - Knowledge - INFO - Found code-base-name: android_tv_frontend
2025-11-20 10:16:28,375 - Knowledge - INFO - Code base not found for android_tv_frontend. Joining with Knowledge base_path: True.
2025-11-20 10:16:28,536 - Knowledge - INFO - /app/data/tataelxsimockapisolutions5451/313/b861537/mytv-ott-hello-world-android-tv-91585-319
2025-11-20 10:16:28,739 - Knowledge - INFO - process ingested knowledge for /app/data/tataelxsimockapisolutions5451/313/b861537/mytv-ott-hello-world-android-tv-91585-319/android_tv_frontend/app/src/main/res/values/text_appearances.xml
2025-11-20 10:16:28,887 - Knowledge - INFO - Found code-base-name: android_tv_frontend
2025-11-20 10:16:29,098 - Knowledge - INFO - Code base not found for android_tv_frontend. Joining with Knowledge base_path: True.
2025-11-20 10:16:29,301 - Knowledge - INFO - /app/data/tataelxsimockapisolutions5451/313/b861537/mytv-ott-hello-world-android-tv-91585-319
2025-11-20 10:16:29,492 - Knowledge - INFO - process ingested knowledge for /app/data/tataelxsimockapisolutions5451/313/b861537/mytv-ott-hello-world-android-tv-91585-319/android_tv_frontend/app/src/main/res/values/theme_expressive_loader_overlay.xml
2025-11-20 10:16:29,656 - Knowledge - INFO - Found code-base-name: android_tv_frontend
2025-11-20 10:16:29,856 - Knowledge - INFO - Code base not found for android_tv_frontend. Joining with Knowledge base_path: True.
2025-11-20 10:16:30,050 - Knowledge - INFO - /app/data/tataelxsimockapisolutions5451/313/b861537/mytv-ott-hello-world-android-tv-91585-319
2025-11-20 10:16:30,241 - Knowledge - INFO - process ingested knowledge for /app/data/tataelxsimockapisolutions5451/313/b861537/mytv-ott-hello-world-android-tv-91585-319/android_tv_frontend/list/build/intermediates/incremental/mergeDebugShaders/merger.xml
2025-11-20 10:16:30,404 - Knowledge - INFO - Found code-base-name: android_tv_frontend
2025-11-20 10:16:30,579 - Knowledge - INFO - Code base not found for android_tv_frontend. Joining with Knowledge base_path: True.
2025-11-20 10:16:30,750 - Knowledge - INFO - /app/data/tataelxsimockapisolutions5451/313/b861537/mytv-ott-hello-world-android-tv-91585-319
2025-11-20 10:16:30,930 - Knowledge - INFO - process ingested knowledge for /app/data/tataelxsimockapisolutions5451/313/b861537/mytv-ott-hello-world-android-tv-91585-319/android_tv_frontend/build.sh
2025-11-20 10:16:31,091 - Knowledge - INFO - Found code-base-name: android_tv_frontend
2025-11-20 10:16:31,307 - Knowledge - INFO - Code base not found for android_tv_frontend. Joining with Knowledge base_path: True.
2025-11-20 10:16:31,517 - Knowledge - INFO - /app/data/tataelxsimockapisolutions5451/313/b861537/mytv-ott-hello-world-android-tv-91585-319
2025-11-20 10:16:31,712 - Knowledge - INFO - process ingested knowledge for /app/data/tataelxsimockapisolutions5451/313/b861537/mytv-ott-hello-world-android-tv-91585-319/android_tv_frontend/ANDROID_PROJECT_ROOT.md
2025-11-20 10:16:31,884 - Knowledge - INFO - Found code-base-name: android_tv_frontend
2025-11-20 10:16:32,065 - Knowledge - INFO - Code base not found for android_tv_frontend. Joining with Knowledge base_path: True.
2025-11-20 10:16:32,237 - Knowledge - INFO - /app/data/tataelxsimockapisolutions5451/313/b861537/mytv-ott-hello-world-android-tv-91585-319
2025-11-20 10:16:32,423 - Knowledge - INFO - process ingested knowledge for /app/data/tataelxsimockapisolutions5451/313/b861537/mytv-ott-hello-world-android-tv-91585-319/android_tv_frontend/utilities/build/intermediates/incremental/mergeDebugShaders/merger.xml
2025-11-20 10:16:32,574 - Knowledge - INFO - Found code-base-name: android_tv_frontend
2025-11-20 10:16:32,779 - Knowledge - INFO - Code base not found for android_tv_frontend. Joining with Knowledge base_path: True.
2025-11-20 10:16:32,941 - Knowledge - INFO - /app/data/tataelxsimockapisolutions5451/313/b861537/mytv-ott-hello-world-android-tv-91585-319
2025-11-20 10:16:33,136 - Knowledge - INFO - process ingested knowledge for /app/data/tataelxsimockapisolutions5451/313/b861537/mytv-ott-hello-world-android-tv-91585-319/android_tv_frontend/reset_branch.sh
2025-11-20 10:16:33,336 - Knowledge - INFO - Found code-base-name: android_tv_frontend
2025-11-20 10:16:33,529 - Knowledge - INFO - Code base not found for android_tv_frontend. Joining with Knowledge base_path: True.
2025-11-20 10:16:33,681 - Knowledge - INFO - /app/data/tataelxsimockapisolutions5451/313/b861537/mytv-ott-hello-world-android-tv-91585-319
2025-11-20 10:16:33,886 - Knowledge - INFO - process ingested knowledge for /app/data/tataelxsimockapisolutions5451/313/b861537/mytv-ott-hello-world-android-tv-91585-319/android_tv_frontend/app/src/main/res/font/reddit_sans.xml
2025-11-20 10:16:34,069 - Knowledge - INFO - Found code-base-name: android_tv_frontend
2025-11-20 10:16:34,216 - Knowledge - INFO - Code base not found for android_tv_frontend. Joining with Knowledge base_path: True.
2025-11-20 10:16:34,421 - Knowledge - INFO - /app/data/tataelxsimockapisolutions5451/313/b861537/mytv-ott-hello-world-android-tv-91585-319
2025-11-20 10:16:34,615 - Knowledge - INFO - process ingested knowledge for /app/data/tataelxsimockapisolutions5451/313/b861537/mytv-ott-hello-world-android-tv-91585-319/android_tv_frontend/utilities/src/main/kotlin/org/example/utilities/JoinUtils.kt
2025-11-20 10:16:34,799 - Knowledge - INFO - Found code-base-name: android_tv_frontend
2025-11-20 10:16:34,999 - Knowledge - INFO - Code base not found for android_tv_frontend. Joining with Knowledge base_path: True.
2025-11-20 10:16:35,170 - Knowledge - INFO - /app/data/tataelxsimockapisolutions5451/313/b861537/mytv-ott-hello-world-android-tv-91585-319
2025-11-20 10:16:35,349 - Knowledge - INFO - process ingested knowledge for /app/data/tataelxsimockapisolutions5451/313/b861537/mytv-ott-hello-world-android-tv-91585-319/android_tv_frontend/utilities/build/intermediates/android_test_lint_model/debug/generateDebugAndroidTestLintModel/debug-artifact-dependencies.xml
2025-11-20 10:16:35,517 - Knowledge - INFO - Found code-base-name: android_tv_frontend
2025-11-20 10:16:35,663 - Knowledge - INFO - Code base not found for android_tv_frontend. Joining with Knowledge base_path: True.
2025-11-20 10:16:35,837 - Knowledge - INFO - /app/data/tataelxsimockapisolutions5451/313/b861537/mytv-ott-hello-world-android-tv-91585-319
2025-11-20 10:16:36,052 - Knowledge - INFO - process ingested knowledge for /app/data/tataelxsimockapisolutions5451/313/b861537/mytv-ott-hello-world-android-tv-91585-319/android_tv_frontend/list/build/intermediates/lint_model/debug/generateDebugLintModel/debug-artifact-dependencies.xml
2025-11-20 10:16:36,214 - Knowledge - INFO - Found code-base-name: android_tv_frontend
2025-11-20 10:16:36,415 - Knowledge - INFO - Code base not found for android_tv_frontend. Joining with Knowledge base_path: True.
2025-11-20 10:16:36,639 - Knowledge - INFO - /app/data/tataelxsimockapisolutions5451/313/b861537/mytv-ott-hello-world-android-tv-91585-319
2025-11-20 10:16:36,834 - Knowledge - INFO - process ingested knowledge for /app/data/tataelxsimockapisolutions5451/313/b861537/mytv-ott-hello-world-android-tv-91585-319/android_tv_frontend/list/build/intermediates/android_test_lint_model/debug/generateDebugAndroidTestLintModel/module.xml
2025-11-20 10:16:37,023 - Knowledge - INFO - Found code-base-name: android_tv_frontend
2025-11-20 10:16:37,220 - Knowledge - INFO - Code base not found for android_tv_frontend. Joining with Knowledge base_path: True.
2025-11-20 10:16:37,407 - Knowledge - INFO - /app/data/tataelxsimockapisolutions5451/313/b861537/mytv-ott-hello-world-android-tv-91585-319
2025-11-20 10:16:37,614 - Knowledge - INFO - process ingested knowledge for /app/data/tataelxsimockapisolutions5451/313/b861537/mytv-ott-hello-world-android-tv-91585-319/android_tv_frontend/list/build/reports/lint-results-debug.xml
2025-11-20 10:16:37,798 - Knowledge - INFO - Found code-base-name: android_tv_frontend
2025-11-20 10:16:37,986 - Knowledge - INFO - Code base not found for android_tv_frontend. Joining with Knowledge base_path: True.
2025-11-20 10:16:38,175 - Knowledge - INFO - /app/data/tataelxsimockapisolutions5451/313/b861537/mytv-ott-hello-world-android-tv-91585-319
2025-11-20 10:16:38,350 - Knowledge - INFO - process ingested knowledge for /app/data/tataelxsimockapisolutions5451/313/b861537/mytv-ott-hello-world-android-tv-91585-319/android_tv_frontend/app/src/main/res/layout/activity_main.xml
2025-11-20 10:16:38,561 - Knowledge - INFO - Found code-base-name: android_tv_frontend
2025-11-20 10:16:38,754 - Knowledge - INFO - Code base not found for android_tv_frontend. Joining with Knowledge base_path: True.
2025-11-20 10:16:38,946 - Knowledge - INFO - /app/data/tataelxsimockapisolutions5451/313/b861537/mytv-ott-hello-world-android-tv-91585-319
2025-11-20 10:16:39,102 - Knowledge - INFO - process ingested knowledge for /app/data/tataelxsimockapisolutions5451/313/b861537/mytv-ott-hello-world-android-tv-91585-319/android_tv_frontend/utilities/build/reports/lint-results-debug.xml
2025-11-20 10:16:39,255 - Knowledge - INFO - Found code-base-name: android_tv_frontend
2025-11-20 10:16:39,413 - Knowledge - INFO - Code base not found for android_tv_frontend. Joining with Knowledge base_path: True.
2025-11-20 10:16:39,614 - Knowledge - INFO - /app/data/tataelxsimockapisolutions5451/313/b861537/mytv-ott-hello-world-android-tv-91585-319
2025-11-20 10:16:39,748 - Knowledge - INFO - process ingested knowledge for /app/data/tataelxsimockapisolutions5451/313/b861537/mytv-ott-hello-world-android-tv-91585-319/android_tv_frontend/utilities/build/intermediates/android_test_lint_model/debug/generateDebugAndroidTestLintModel/module.xml
2025-11-20 10:16:39,973 - Knowledge - INFO - Found code-base-name: android_tv_frontend
2025-11-20 10:16:40,177 - Knowledge - INFO - Code base not found for android_tv_frontend. Joining with Knowledge base_path: True.
2025-11-20 10:16:40,373 - Knowledge - INFO - /app/data/tataelxsimockapisolutions5451/313/b861537/mytv-ott-hello-world-android-tv-91585-319
2025-11-20 10:16:40,614 - Knowledge - INFO - process ingested knowledge for /app/data/tataelxsimockapisolutions5451/313/b861537/mytv-ott-hello-world-android-tv-91585-319/android_tv_frontend/list/build/intermediates/android_test_lint_model/debug/generateDebugAndroidTestLintModel/debug-artifact-dependencies.xml
2025-11-20 10:16:40,802 - Knowledge - INFO - Found code-base-name: android_tv_frontend
2025-11-20 10:16:40,969 - Knowledge - INFO - Code base not found for android_tv_frontend. Joining with Knowledge base_path: True.
2025-11-20 10:16:41,172 - Knowledge - INFO - /app/data/tataelxsimockapisolutions5451/313/b861537/mytv-ott-hello-world-android-tv-91585-319
2025-11-20 10:16:41,364 - Knowledge - INFO - process ingested knowledge for /app/data/tataelxsimockapisolutions5451/313/b861537/mytv-ott-hello-world-android-tv-91585-319/android_tv_frontend/list/build/intermediates/lint_model/debug/generateDebugLintModel/module.xml
2025-11-20 10:16:41,516 - Knowledge - INFO - Found code-base-name: android_tv_frontend
2025-11-20 10:16:41,681 - Knowledge - INFO - Code base not found for android_tv_frontend. Joining with Knowledge base_path: True.
2025-11-20 10:16:41,858 - Knowledge - INFO - /app/data/tataelxsimockapisolutions5451/313/b861537/mytv-ott-hello-world-android-tv-91585-319
2025-11-20 10:16:42,045 - Knowledge - INFO - process ingested knowledge for /app/data/tataelxsimockapisolutions5451/313/b861537/mytv-ott-hello-world-android-tv-91585-319/android_tv_frontend/app/src/main/java/com/example/tv/data/api/NetworkConfig.kt
2025-11-20 10:16:42,235 - Knowledge - INFO - Found code-base-name: android_tv_frontend
2025-11-20 10:16:42,444 - Knowledge - INFO - Code base not found for android_tv_frontend. Joining with Knowledge base_path: True.
2025-11-20 10:16:42,602 - Knowledge - INFO - /app/data/tataelxsimockapisolutions5451/313/b861537/mytv-ott-hello-world-android-tv-91585-319
2025-11-20 10:16:42,799 - Knowledge - INFO - process ingested knowledge for /app/data/tataelxsimockapisolutions5451/313/b861537/mytv-ott-hello-world-android-tv-91585-319/android_tv_frontend/app/build.gradle
2025-11-20 10:16:42,987 - Knowledge - INFO - Found code-base-name: android_tv_frontend
2025-11-20 10:16:43,155 - Knowledge - INFO - Code base not found for android_tv_frontend. Joining with Knowledge base_path: True.
2025-11-20 10:16:43,355 - Knowledge - INFO - /app/data/tataelxsimockapisolutions5451/313/b861537/mytv-ott-hello-world-android-tv-91585-319
2025-11-20 10:16:43,564 - Knowledge - INFO - process ingested knowledge for /app/data/tataelxsimockapisolutions5451/313/b861537/mytv-ott-hello-world-android-tv-91585-319/android_tv_frontend/utilities/src/main/kotlin/org/example/utilities/SplitUtils.kt
2025-11-20 10:16:43,755 - Knowledge - INFO - Found code-base-name: android_tv_frontend
2025-11-20 10:16:43,962 - Knowledge - INFO - Code base not found for android_tv_frontend. Joining with Knowledge base_path: True.
2025-11-20 10:16:44,156 - Knowledge - INFO - /app/data/tataelxsimockapisolutions5451/313/b861537/mytv-ott-hello-world-android-tv-91585-319
2025-11-20 10:16:44,350 - Knowledge - INFO - process ingested knowledge for /app/data/tataelxsimockapisolutions5451/313/b861537/mytv-ott-hello-world-android-tv-91585-319/android_tv_frontend/app/src/main/java/com/example/tv/MainActivity.kt
2025-11-20 10:16:44,540 - Knowledge - INFO - Found code-base-name: android_tv_frontend
2025-11-20 10:16:44,695 - Knowledge - INFO - Code base not found for android_tv_frontend. Joining with Knowledge base_path: True.
2025-11-20 10:16:44,862 - Knowledge - INFO - /app/data/tataelxsimockapisolutions5451/313/b861537/mytv-ott-hello-world-android-tv-91585-319
2025-11-20 10:16:45,043 - Knowledge - INFO - process ingested knowledge for /app/data/tataelxsimockapisolutions5451/313/b861537/mytv-ott-hello-world-android-tv-91585-319/android_tv_frontend/build.gradle
2025-11-20 10:16:45,262 - Knowledge - INFO - Found code-base-name: android_tv_frontend
2025-11-20 10:16:45,462 - Knowledge - INFO - Code base not found for android_tv_frontend. Joining with Knowledge base_path: True.
2025-11-20 10:16:45,675 - Knowledge - INFO - /app/data/tataelxsimockapisolutions5451/313/b861537/mytv-ott-hello-world-android-tv-91585-319
2025-11-20 10:16:45,871 - Knowledge - INFO - process ingested knowledge for /app/data/tataelxsimockapisolutions5451/313/b861537/mytv-ott-hello-world-android-tv-91585-319/android_tv_frontend/build.gradle.kts
2025-11-20 10:16:46,075 - Knowledge - INFO - Found code-base-name: android_tv_frontend
2025-11-20 10:16:46,274 - Knowledge - INFO - Code base not found for android_tv_frontend. Joining with Knowledge base_path: True.
2025-11-20 10:16:46,463 - Knowledge - INFO - /app/data/tataelxsimockapisolutions5451/313/b861537/mytv-ott-hello-world-android-tv-91585-319
2025-11-20 10:16:46,698 - Knowledge - INFO - process ingested knowledge for /app/data/tataelxsimockapisolutions5451/313/b861537/mytv-ott-hello-world-android-tv-91585-319/android_tv_frontend/app/src/main/res/color/loader_blue_color.xml
2025-11-20 10:16:46,890 - Knowledge - INFO - Found code-base-name: android_tv_frontend
2025-11-20 10:16:47,088 - Knowledge - INFO - Code base not found for android_tv_frontend. Joining with Knowledge base_path: True.
2025-11-20 10:16:47,291 - Knowledge - INFO - /app/data/tataelxsimockapisolutions5451/313/b861537/mytv-ott-hello-world-android-tv-91585-319
2025-11-20 10:16:47,486 - Knowledge - INFO - process ingested knowledge for /app/data/tataelxsimockapisolutions5451/313/b861537/mytv-ott-hello-world-android-tv-91585-319/android_tv_frontend/README.md
2025-11-20 10:16:47,692 - Knowledge - INFO - Found code-base-name: android_tv_frontend
2025-11-20 10:16:47,886 - Knowledge - INFO - Code base not found for android_tv_frontend. Joining with Knowledge base_path: True.
2025-11-20 10:16:48,048 - Knowledge - INFO - /app/data/tataelxsimockapisolutions5451/313/b861537/mytv-ott-hello-world-android-tv-91585-319
2025-11-20 10:16:48,273 - Knowledge - INFO - process ingested knowledge for /app/data/tataelxsimockapisolutions5451/313/b861537/mytv-ott-hello-world-android-tv-91585-319/android_tv_frontend/app/src/main/res/xml/leanback_launcher.xml
2025-11-20 10:16:48,453 - Knowledge - INFO - Found code-base-name: android_tv_frontend
2025-11-20 10:16:48,628 - Knowledge - INFO - Code base not found for android_tv_frontend. Joining with Knowledge base_path: True.
2025-11-20 10:16:48,835 - Knowledge - INFO - /app/data/tataelxsimockapisolutions5451/313/b861537/mytv-ott-hello-world-android-tv-91585-319
2025-11-20 10:16:49,070 - Knowledge - INFO - process ingested knowledge for /app/data/tataelxsimockapisolutions5451/313/b861537/mytv-ott-hello-world-android-tv-91585-319/android_tv_frontend/app/src/main/res/layout/activity_home.xml
2025-11-20 10:16:49,254 - Knowledge - INFO - Found code-base-name: android_tv_frontend
2025-11-20 10:16:49,436 - Knowledge - INFO - Code base not found for android_tv_frontend. Joining with Knowledge base_path: True.
2025-11-20 10:16:49,624 - Knowledge - INFO - /app/data/tataelxsimockapisolutions5451/313/b861537/mytv-ott-hello-world-android-tv-91585-319
2025-11-20 10:16:49,766 - Knowledge - INFO - process ingested knowledge for /app/data/tataelxsimockapisolutions5451/313/b861537/mytv-ott-hello-world-android-tv-91585-319/android_tv_frontend/list/build/intermediates/unit_test_lint_model/debug/generateDebugUnitTestLintModel/debug-artifact-libraries.xml
2025-11-20 10:16:49,959 - Knowledge - INFO - Found code-base-name: android_tv_frontend
2025-11-20 10:16:50,178 - Knowledge - INFO - Code base not found for android_tv_frontend. Joining with Knowledge base_path: True.
2025-11-20 10:16:50,353 - Knowledge - INFO - /app/data/tataelxsimockapisolutions5451/313/b861537/mytv-ott-hello-world-android-tv-91585-319
2025-11-20 10:16:50,535 - Knowledge - INFO - process ingested knowledge for /app/data/tataelxsimockapisolutions5451/313/b861537/mytv-ott-hello-world-android-tv-91585-319/android_tv_frontend/utilities/build/intermediates/incremental/lintAnalyzeDebugAndroidTest/debug-artifact-libraries.xml
2025-11-20 10:16:50,737 - Knowledge - INFO - Found code-base-name: android_tv_frontend
2025-11-20 10:16:50,918 - Knowledge - INFO - Code base not found for android_tv_frontend. Joining with Knowledge base_path: True.
2025-11-20 10:16:51,088 - Knowledge - INFO - /app/data/tataelxsimockapisolutions5451/313/b861537/mytv-ott-hello-world-android-tv-91585-319
2025-11-20 10:16:51,283 - Knowledge - INFO - process ingested knowledge for /app/data/tataelxsimockapisolutions5451/313/b861537/mytv-ott-hello-world-android-tv-91585-319/android_tv_frontend/utilities/build/reports/lint-results-debug.html
2025-11-20 10:16:51,451 - Knowledge - INFO - Found code-base-name: android_tv_frontend
2025-11-20 10:16:51,613 - Knowledge - INFO - Code base not found for android_tv_frontend. Joining with Knowledge base_path: True.
2025-11-20 10:16:51,759 - Knowledge - INFO - /app/data/tataelxsimockapisolutions5451/313/b861537/mytv-ott-hello-world-android-tv-91585-319
2025-11-20 10:16:51,939 - Knowledge - INFO - process ingested knowledge for /app/data/tataelxsimockapisolutions5451/313/b861537/mytv-ott-hello-world-android-tv-91585-319/android_tv_frontend/app/src/main/res/drawable/thumb_2.xml
2025-11-20 10:16:52,148 - Knowledge - INFO - Found code-base-name: android_tv_frontend
2025-11-20 10:16:52,308 - Knowledge - INFO - Code base not found for android_tv_frontend. Joining with Knowledge base_path: True.
2025-11-20 10:16:52,484 - Knowledge - INFO - /app/data/tataelxsimockapisolutions5451/313/b861537/mytv-ott-hello-world-android-tv-91585-319
2025-11-20 10:16:52,689 - Knowledge - INFO - process ingested knowledge for /app/data/tataelxsimockapisolutions5451/313/b861537/mytv-ott-hello-world-android-tv-91585-319/android_tv_frontend/app/src/main/res/layout/activity_login.xml
2025-11-20 10:16:52,868 - Knowledge - INFO - Found code-base-name: android_tv_frontend
2025-11-20 10:16:53,074 - Knowledge - INFO - Code base not found for android_tv_frontend. Joining with Knowledge base_path: True.
2025-11-20 10:16:53,226 - Knowledge - INFO - /app/data/tataelxsimockapisolutions5451/313/b861537/mytv-ott-hello-world-android-tv-91585-319
2025-11-20 10:16:53,411 - Knowledge - INFO - process ingested knowledge for /app/data/tataelxsimockapisolutions5451/313/b861537/mytv-ott-hello-world-android-tv-91585-319/android_tv_frontend/list/build/intermediates/incremental/lintAnalyzeDebugAndroidTest/debug-artifact-libraries.xml
2025-11-20 10:16:53,579 - Knowledge - INFO - Found code-base-name: android_tv_frontend
2025-11-20 10:16:53,766 - Knowledge - INFO - Code base not found for android_tv_frontend. Joining with Knowledge base_path: True.
2025-11-20 10:16:53,944 - Knowledge - INFO - /app/data/tataelxsimockapisolutions5451/313/b861537/mytv-ott-hello-world-android-tv-91585-319
2025-11-20 10:16:54,169 - Knowledge - INFO - process ingested knowledge for /app/data/tataelxsimockapisolutions5451/313/b861537/mytv-ott-hello-world-android-tv-91585-319/android_tv_frontend/list/build/reports/lint-results-debug.html
2025-11-20 10:16:54,341 - Knowledge - INFO - Found code-base-name: android_tv_frontend
2025-11-20 10:16:54,524 - Knowledge - INFO - Code base not found for android_tv_frontend. Joining with Knowledge base_path: True.
2025-11-20 10:16:54,703 - Knowledge - INFO - /app/data/tataelxsimockapisolutions5451/313/b861537/mytv-ott-hello-world-android-tv-91585-319
2025-11-20 10:16:54,905 - Knowledge - INFO - process ingested knowledge for /app/data/tataelxsimockapisolutions5451/313/b861537/mytv-ott-hello-world-android-tv-91585-319/android_tv_frontend/app/src/main/java/com/example/tv/ui/home/HomeViewModel.kt
2025-11-20 10:16:55,059 - Knowledge - INFO - Found code-base-name: android_tv_frontend
2025-11-20 10:16:55,247 - Knowledge - INFO - Code base not found for android_tv_frontend. Joining with Knowledge base_path: True.
2025-11-20 10:16:55,421 - Knowledge - INFO - /app/data/tataelxsimockapisolutions5451/313/b861537/mytv-ott-hello-world-android-tv-91585-319
2025-11-20 10:16:55,635 - Knowledge - INFO - process ingested knowledge for /app/data/tataelxsimockapisolutions5451/313/b861537/mytv-ott-hello-world-android-tv-91585-319/android_tv_frontend/utilities/build/intermediates/unit_test_lint_model/debug/generateDebugUnitTestLintModel/debug-artifact-libraries.xml
2025-11-20 10:16:55,829 - Knowledge - INFO - Found code-base-name: android_tv_frontend
2025-11-20 10:16:56,020 - Knowledge - INFO - Code base not found for android_tv_frontend. Joining with Knowledge base_path: True.
2025-11-20 10:16:56,231 - Knowledge - INFO - /app/data/tataelxsimockapisolutions5451/313/b861537/mytv-ott-hello-world-android-tv-91585-319
2025-11-20 10:16:56,394 - Knowledge - INFO - process ingested knowledge for /app/data/tataelxsimockapisolutions5451/313/b861537/mytv-ott-hello-world-android-tv-91585-319/android_tv_frontend/move_apk.sh
2025-11-20 10:16:56,577 - Knowledge - INFO - Found code-base-name: android_tv_frontend
2025-11-20 10:16:56,746 - Knowledge - INFO - Code base not found for android_tv_frontend. Joining with Knowledge base_path: True.
2025-11-20 10:16:56,928 - Knowledge - INFO - /app/data/tataelxsimockapisolutions5451/313/b861537/mytv-ott-hello-world-android-tv-91585-319
2025-11-20 10:16:57,098 - Knowledge - INFO - process ingested knowledge for /app/data/tataelxsimockapisolutions5451/313/b861537/mytv-ott-hello-world-android-tv-91585-319/android_tv_frontend/app/src/main/res/values/missing_dimens.xml
2025-11-20 10:16:57,299 - Knowledge - INFO - Found code-base-name: android_tv_frontend
2025-11-20 10:16:57,539 - Knowledge - INFO - Code base not found for android_tv_frontend. Joining with Knowledge base_path: True.
2025-11-20 10:16:57,738 - Knowledge - INFO - /app/data/tataelxsimockapisolutions5451/313/b861537/mytv-ott-hello-world-android-tv-91585-319
2025-11-20 10:16:57,959 - Knowledge - INFO - process ingested knowledge for /app/data/tataelxsimockapisolutions5451/313/b861537/mytv-ott-hello-world-android-tv-91585-319/android_tv_frontend/app/src/main/java/com/example/tv/data/api/dto/Mappers.kt
2025-11-20 10:16:58,135 - Knowledge - INFO - Found code-base-name: android_tv_frontend
2025-11-20 10:16:58,317 - Knowledge - INFO - Code base not found for android_tv_frontend. Joining with Knowledge base_path: True.
2025-11-20 10:16:58,505 - Knowledge - INFO - /app/data/tataelxsimockapisolutions5451/313/b861537/mytv-ott-hello-world-android-tv-91585-319
2025-11-20 10:16:58,665 - Knowledge - INFO - process ingested knowledge for /app/data/tataelxsimockapisolutions5451/313/b861537/mytv-ott-hello-world-android-tv-91585-319/android_tv_frontend/app/src/main/res/drawable/ic_launcher_foreground.xml
2025-11-20 10:16:58,829 - Knowledge - INFO - Found code-base-name: android_tv_frontend
2025-11-20 10:16:59,043 - Knowledge - INFO - Code base not found for android_tv_frontend. Joining with Knowledge base_path: True.
2025-11-20 10:16:59,255 - Knowledge - INFO - /app/data/tataelxsimockapisolutions5451/313/b861537/mytv-ott-hello-world-android-tv-91585-319
2025-11-20 10:16:59,431 - Knowledge - INFO - process ingested knowledge for /app/data/tataelxsimockapisolutions5451/313/b861537/mytv-ott-hello-world-android-tv-91585-319/android_tv_frontend/utilities/build/intermediates/annotation_processor_list/releaseUnitTest/javaPreCompileReleaseUnitTest/annotationProcessors.json
2025-11-20 10:16:59,595 - Knowledge - INFO - Found code-base-name: android_tv_frontend
2025-11-20 10:16:59,750 - Knowledge - INFO - Code base not found for android_tv_frontend. Joining with Knowledge base_path: True.
2025-11-20 10:16:59,935 - Knowledge - INFO - /app/data/tataelxsimockapisolutions5451/313/b861537/mytv-ott-hello-world-android-tv-91585-319
2025-11-20 10:17:00,111 - Knowledge - INFO - process ingested knowledge for /app/data/tataelxsimockapisolutions5451/313/b861537/mytv-ott-hello-world-android-tv-91585-319/android_tv_frontend/list/build/intermediates/annotation_processor_list/release/javaPreCompileRelease/annotationProcessors.json
2025-11-20 10:17:00,279 - Knowledge - INFO - Found code-base-name: android_tv_frontend
2025-11-20 10:17:00,469 - Knowledge - INFO - Code base not found for android_tv_frontend. Joining with Knowledge base_path: True.
2025-11-20 10:17:00,682 - Knowledge - INFO - /app/data/tataelxsimockapisolutions5451/313/b861537/mytv-ott-hello-world-android-tv-91585-319
2025-11-20 10:17:00,867 - Knowledge - INFO - process ingested knowledge for /app/data/tataelxsimockapisolutions5451/313/b861537/mytv-ott-hello-world-android-tv-91585-319/android_tv_frontend/app/src/main/java/com/example/tv/data/api/dto/ShowDto.kt
2025-11-20 10:17:01,104 - Knowledge - INFO - Found code-base-name: android_tv_frontend
2025-11-20 10:17:01,303 - Knowledge - INFO - Code base not found for android_tv_frontend. Joining with Knowledge base_path: True.
2025-11-20 10:17:01,465 - Knowledge - INFO - /app/data/tataelxsimockapisolutions5451/313/b861537/mytv-ott-hello-world-android-tv-91585-319
2025-11-20 10:17:01,638 - Knowledge - INFO - process ingested knowledge for /app/data/tataelxsimockapisolutions5451/313/b861537/mytv-ott-hello-world-android-tv-91585-319/android_tv_frontend/list/build/intermediates/annotation_processor_list/releaseUnitTest/javaPreCompileReleaseUnitTest/annotationProcessors.json
2025-11-20 10:17:01,810 - Knowledge - INFO - Found code-base-name: android_tv_frontend
2025-11-20 10:17:02,031 - Knowledge - INFO - Code base not found for android_tv_frontend. Joining with Knowledge base_path: True.
2025-11-20 10:17:02,250 - Knowledge - INFO - /app/data/tataelxsimockapisolutions5451/313/b861537/mytv-ott-hello-world-android-tv-91585-319
2025-11-20 10:17:02,439 - Knowledge - INFO - process ingested knowledge for /app/data/tataelxsimockapisolutions5451/313/b861537/mytv-ott-hello-world-android-tv-91585-319/android_tv_frontend/app/proguard-rules.pro
2025-11-20 10:17:02,601 - Knowledge - INFO - Found code-base-name: android_tv_frontend
2025-11-20 10:17:02,776 - Knowledge - INFO - Code base not found for android_tv_frontend. Joining with Knowledge base_path: True.
2025-11-20 10:17:02,973 - Knowledge - INFO - /app/data/tataelxsimockapisolutions5451/313/b861537/mytv-ott-hello-world-android-tv-91585-319
2025-11-20 10:17:03,145 - Knowledge - INFO - process ingested knowledge for /app/data/tataelxsimockapisolutions5451/313/b861537/mytv-ott-hello-world-android-tv-91585-319/android_tv_frontend/app/src/main/java/com/example/tv/data/api/ApiModels.kt
2025-11-20 10:17:03,340 - Knowledge - INFO - Found code-base-name: android_tv_frontend
2025-11-20 10:17:03,507 - Knowledge - INFO - Code base not found for android_tv_frontend. Joining with Knowledge base_path: True.
2025-11-20 10:17:03,728 - Knowledge - INFO - /app/data/tataelxsimockapisolutions5451/313/b861537/mytv-ott-hello-world-android-tv-91585-319
2025-11-20 10:17:03,913 - Knowledge - INFO - process ingested knowledge for /app/data/tataelxsimockapisolutions5451/313/b861537/mytv-ott-hello-world-android-tv-91585-319/android_tv_frontend/utilities/build/intermediates/annotation_processor_list/release/javaPreCompileRelease/annotationProcessors.json
2025-11-20 10:17:04,077 - Knowledge - INFO - Found code-base-name: android_tv_frontend
2025-11-20 10:17:04,261 - Knowledge - INFO - Code base not found for android_tv_frontend. Joining with Knowledge base_path: True.
2025-11-20 10:17:04,456 - Knowledge - INFO - /app/data/tataelxsimockapisolutions5451/313/b861537/mytv-ott-hello-world-android-tv-91585-319
2025-11-20 10:17:04,657 - Knowledge - INFO - process ingested knowledge for /app/data/tataelxsimockapisolutions5451/313/b861537/mytv-ott-hello-world-android-tv-91585-319/android_tv_frontend/utilities/build/intermediates/lint-cache/lintAnalyzeDebug/maven.google/androidx/annotation/group-index.xml
2025-11-20 10:17:04,854 - Knowledge - INFO - Found code-base-name: android_tv_frontend
2025-11-20 10:17:05,012 - Knowledge - INFO - Code base not found for android_tv_frontend. Joining with Knowledge base_path: True.
2025-11-20 10:17:05,174 - Knowledge - INFO - /app/data/tataelxsimockapisolutions5451/313/b861537/mytv-ott-hello-world-android-tv-91585-319
2025-11-20 10:17:05,362 - Knowledge - INFO - process ingested knowledge for /app/data/tataelxsimockapisolutions5451/313/b861537/mytv-ott-hello-world-android-tv-91585-319/android_tv_frontend/list/build/intermediates/lint-cache/lintAnalyzeDebug/maven.google/androidx/annotation/group-index.xml
2025-11-20 10:17:05,554 - Knowledge - INFO - Found code-base-name: android_tv_frontend
2025-11-20 10:17:05,774 - Knowledge - INFO - Code base not found for android_tv_frontend. Joining with Knowledge base_path: True.
2025-11-20 10:17:05,964 - Knowledge - INFO - /app/data/tataelxsimockapisolutions5451/313/b861537/mytv-ott-hello-world-android-tv-91585-319
2025-11-20 10:17:06,169 - Knowledge - INFO - process ingested knowledge for /app/data/tataelxsimockapisolutions5451/313/b861537/mytv-ott-hello-world-android-tv-91585-319/android_tv_frontend/app/src/main/res/layout/view_action_button.xml
2025-11-20 10:17:06,362 - Knowledge - INFO - Found code-base-name: android_tv_frontend
2025-11-20 10:17:06,521 - Knowledge - INFO - Code base not found for android_tv_frontend. Joining with Knowledge base_path: True.
2025-11-20 10:17:06,661 - Knowledge - INFO - /app/data/tataelxsimockapisolutions5451/313/b861537/mytv-ott-hello-world-android-tv-91585-319
2025-11-20 10:17:06,862 - Knowledge - INFO - process ingested knowledge for /app/data/tataelxsimockapisolutions5451/313/b861537/mytv-ott-hello-world-android-tv-91585-319/android_tv_frontend/app/src/main/res/drawable/tag_status.xml
2025-11-20 10:17:07,060 - Knowledge - INFO - Found code-base-name: android_tv_frontend
2025-11-20 10:17:07,264 - Knowledge - INFO - Code base not found for android_tv_frontend. Joining with Knowledge base_path: True.
2025-11-20 10:17:07,462 - Knowledge - INFO - /app/data/tataelxsimockapisolutions5451/313/b861537/mytv-ott-hello-world-android-tv-91585-319
2025-11-20 10:17:07,655 - Knowledge - INFO - process ingested knowledge for /app/data/tataelxsimockapisolutions5451/313/b861537/mytv-ott-hello-world-android-tv-91585-319/android_tv_frontend/list/src/main/kotlin/org/example/list/LinkedList.kt
2025-11-20 10:17:07,849 - Knowledge - INFO - Found code-base-name: android_tv_frontend
2025-11-20 10:17:08,047 - Knowledge - INFO - Code base not found for android_tv_frontend. Joining with Knowledge base_path: True.
2025-11-20 10:17:08,262 - Knowledge - INFO - /app/data/tataelxsimockapisolutions5451/313/b861537/mytv-ott-hello-world-android-tv-91585-319
2025-11-20 10:17:08,461 - Knowledge - INFO - process ingested knowledge for /app/data/tataelxsimockapisolutions5451/313/b861537/mytv-ott-hello-world-android-tv-91585-319/android_tv_frontend/tasks.gradle
2025-11-20 10:17:08,659 - Knowledge - INFO - Found code-base-name: android_tv_frontend
2025-11-20 10:17:08,809 - Knowledge - INFO - Code base not found for android_tv_frontend. Joining with Knowledge base_path: True.
2025-11-20 10:17:08,990 - Knowledge - INFO - /app/data/tataelxsimockapisolutions5451/313/b861537/mytv-ott-hello-world-android-tv-91585-319
2025-11-20 10:17:09,144 - Knowledge - INFO - process ingested knowledge for /app/data/tataelxsimockapisolutions5451/313/b861537/mytv-ott-hello-world-android-tv-91585-319/android_tv_frontend/app/src/main/res/drawable/banner_tv.xml
2025-11-20 10:17:09,304 - Knowledge - INFO - Found code-base-name: android_tv_frontend
2025-11-20 10:17:09,495 - Knowledge - INFO - Code base not found for android_tv_frontend. Joining with Knowledge base_path: True.
2025-11-20 10:17:09,660 - Knowledge - INFO - /app/data/tataelxsimockapisolutions5451/313/b861537/mytv-ott-hello-world-android-tv-91585-319
2025-11-20 10:17:09,822 - Knowledge - INFO - process ingested knowledge for /app/data/tataelxsimockapisolutions5451/313/b861537/mytv-ott-hello-world-android-tv-91585-319/android_tv_frontend/app/src/main/res/layout/view_thumb_card.xml
2025-11-20 10:17:10,044 - Knowledge - INFO - Found code-base-name: android_tv_frontend
2025-11-20 10:17:10,234 - Knowledge - INFO - Code base not found for android_tv_frontend. Joining with Knowledge base_path: True.
2025-11-20 10:17:10,435 - Knowledge - INFO - /app/data/tataelxsimockapisolutions5451/313/b861537/mytv-ott-hello-world-android-tv-91585-319
2025-11-20 10:17:10,607 - Knowledge - INFO - process ingested knowledge for /app/data/tataelxsimockapisolutions5451/313/b861537/mytv-ott-hello-world-android-tv-91585-319/android_tv_frontend/list/build/intermediates/incremental/lintAnalyzeDebugAndroidTest/debug-artifact-dependencies.xml
2025-11-20 10:17:10,839 - Knowledge - INFO - Found code-base-name: android_tv_frontend
2025-11-20 10:17:11,005 - Knowledge - INFO - Code base not found for android_tv_frontend. Joining with Knowledge base_path: True.
2025-11-20 10:17:11,181 - Knowledge - INFO - /app/data/tataelxsimockapisolutions5451/313/b861537/mytv-ott-hello-world-android-tv-91585-319
2025-11-20 10:17:11,355 - Knowledge - INFO - process ingested knowledge for /app/data/tataelxsimockapisolutions5451/313/b861537/mytv-ott-hello-world-android-tv-91585-319/android_tv_frontend/utilities/build/intermediates/unit_test_lint_model/debug/generateDebugUnitTestLintModel/module.xml
2025-11-20 10:17:11,529 - Knowledge - INFO - Found code-base-name: android_tv_frontend
2025-11-20 10:17:11,773 - Knowledge - INFO - Code base not found for android_tv_frontend. Joining with Knowledge base_path: True.
2025-11-20 10:17:11,929 - Knowledge - INFO - /app/data/tataelxsimockapisolutions5451/313/b861537/mytv-ott-hello-world-android-tv-91585-319
2025-11-20 10:17:12,125 - Knowledge - INFO - process ingested knowledge for /app/data/tataelxsimockapisolutions5451/313/b861537/mytv-ott-hello-world-android-tv-91585-319/android_tv_frontend/list/build/intermediates/incremental/lintAnalyzeDebugUnitTest/debug.xml
2025-11-20 10:17:12,304 - Knowledge - INFO - Found code-base-name: android_tv_frontend
2025-11-20 10:17:12,450 - Knowledge - INFO - Code base not found for android_tv_frontend. Joining with Knowledge base_path: True.
2025-11-20 10:17:12,630 - Knowledge - INFO - /app/data/tataelxsimockapisolutions5451/313/b861537/mytv-ott-hello-world-android-tv-91585-319
2025-11-20 10:17:12,826 - Knowledge - INFO - process ingested knowledge for /app/data/tataelxsimockapisolutions5451/313/b861537/mytv-ott-hello-world-android-tv-91585-319/android_tv_frontend/utilities/build/intermediates/unit_test_lint_model/debug/generateDebugUnitTestLintModel/debug-artifact-dependencies.xml
2025-11-20 10:17:12,991 - Knowledge - INFO - Found code-base-name: android_tv_frontend
2025-11-20 10:17:13,179 - Knowledge - INFO - Code base not found for android_tv_frontend. Joining with Knowledge base_path: True.
2025-11-20 10:17:13,363 - Knowledge - INFO - /app/data/tataelxsimockapisolutions5451/313/b861537/mytv-ott-hello-world-android-tv-91585-319
2025-11-20 10:17:13,541 - Knowledge - INFO - process ingested knowledge for /app/data/tataelxsimockapisolutions5451/313/b861537/mytv-ott-hello-world-android-tv-91585-319/android_tv_frontend/list/build/intermediates/incremental/lintAnalyzeDebugAndroidTest/module.xml
2025-11-20 10:17:13,737 - Knowledge - INFO - Found code-base-name: android_tv_frontend
2025-11-20 10:17:13,923 - Knowledge - INFO - Code base not found for android_tv_frontend. Joining with Knowledge base_path: True.
2025-11-20 10:17:14,084 - Knowledge - INFO - /app/data/tataelxsimockapisolutions5451/313/b861537/mytv-ott-hello-world-android-tv-91585-319
2025-11-20 10:17:14,287 - Knowledge - INFO - process ingested knowledge for /app/data/tataelxsimockapisolutions5451/313/b861537/mytv-ott-hello-world-android-tv-91585-319/android_tv_frontend/app/src/main/res/drawable/ic_favorite.xml
2025-11-20 10:17:14,482 - Knowledge - INFO - Found code-base-name: android_tv_frontend
2025-11-20 10:17:14,662 - Knowledge - INFO - Code base not found for android_tv_frontend. Joining with Knowledge base_path: True.
2025-11-20 10:17:14,843 - Knowledge - INFO - /app/data/tataelxsimockapisolutions5451/313/b861537/mytv-ott-hello-world-android-tv-91585-319
2025-11-20 10:17:15,027 - Knowledge - INFO - process ingested knowledge for /app/data/tataelxsimockapisolutions5451/313/b861537/mytv-ott-hello-world-android-tv-91585-319/android_tv_frontend/utilities/build/intermediates/incremental/lintAnalyzeDebugUnitTest/debug.xml
2025-11-20 10:17:15,197 - Knowledge - INFO - Found code-base-name: android_tv_frontend
2025-11-20 10:17:15,412 - Knowledge - INFO - Code base not found for android_tv_frontend. Joining with Knowledge base_path: True.
2025-11-20 10:17:15,575 - Knowledge - INFO - /app/data/tataelxsimockapisolutions5451/313/b861537/mytv-ott-hello-world-android-tv-91585-319
2025-11-20 10:17:15,728 - Knowledge - INFO - process ingested knowledge for /app/data/tataelxsimockapisolutions5451/313/b861537/mytv-ott-hello-world-android-tv-91585-319/android_tv_frontend/list/build/intermediates/unit_test_lint_model/debug/generateDebugUnitTestLintModel/module.xml
2025-11-20 10:17:15,894 - Knowledge - INFO - Found code-base-name: android_tv_frontend
2025-11-20 10:17:16,051 - Knowledge - INFO - Code base not found for android_tv_frontend. Joining with Knowledge base_path: True.
2025-11-20 10:17:16,215 - Knowledge - INFO - /app/data/tataelxsimockapisolutions5451/313/b861537/mytv-ott-hello-world-android-tv-91585-319
2025-11-20 10:17:16,400 - Knowledge - INFO - process ingested knowledge for /app/data/tataelxsimockapisolutions5451/313/b861537/mytv-ott-hello-world-android-tv-91585-319/android_tv_frontend/utilities/build/intermediates/incremental/lintAnalyzeDebugAndroidTest/module.xml
2025-11-20 10:17:16,627 - Knowledge - INFO - Found code-base-name: android_tv_frontend
2025-11-20 10:17:16,786 - Knowledge - INFO - Code base not found for android_tv_frontend. Joining with Knowledge base_path: True.
2025-11-20 10:17:17,019 - Knowledge - INFO - /app/data/tataelxsimockapisolutions5451/313/b861537/mytv-ott-hello-world-android-tv-91585-319
2025-11-20 10:17:17,227 - Knowledge - INFO - process ingested knowledge for /app/data/tataelxsimockapisolutions5451/313/b861537/mytv-ott-hello-world-android-tv-91585-319/android_tv_frontend/app/src/main/res/drawable/bg_content_info_gradient.xml
2025-11-20 10:17:17,406 - Knowledge - INFO - Found code-base-name: android_tv_frontend
2025-11-20 10:17:17,604 - Knowledge - INFO - Code base not found for android_tv_frontend. Joining with Knowledge base_path: True.
2025-11-20 10:17:17,838 - Knowledge - INFO - /app/data/tataelxsimockapisolutions5451/313/b861537/mytv-ott-hello-world-android-tv-91585-319
2025-11-20 10:17:18,033 - Knowledge - INFO - process ingested knowledge for /app/data/tataelxsimockapisolutions5451/313/b861537/mytv-ott-hello-world-android-tv-91585-319/android_tv_frontend/list/build/intermediates/unit_test_lint_model/debug/generateDebugUnitTestLintModel/debug-artifact-dependencies.xml
2025-11-20 10:17:18,245 - Knowledge - INFO - Found code-base-name: android_tv_frontend
2025-11-20 10:17:18,413 - Knowledge - INFO - Code base not found for android_tv_frontend. Joining with Knowledge base_path: True.
2025-11-20 10:17:18,608 - Knowledge - INFO - /app/data/tataelxsimockapisolutions5451/313/b861537/mytv-ott-hello-world-android-tv-91585-319
2025-11-20 10:17:18,775 - Knowledge - INFO - process ingested knowledge for /app/data/tataelxsimockapisolutions5451/313/b861537/mytv-ott-hello-world-android-tv-91585-319/android_tv_frontend/utilities/build/intermediates/incremental/lintAnalyzeDebugAndroidTest/debug-artifact-dependencies.xml
2025-11-20 10:17:18,965 - Knowledge - INFO - Found code-base-name: android_tv_frontend
2025-11-20 10:17:19,154 - Knowledge - INFO - Code base not found for android_tv_frontend. Joining with Knowledge base_path: True.
2025-11-20 10:17:19,340 - Knowledge - INFO - /app/data/tataelxsimockapisolutions5451/313/b861537/mytv-ott-hello-world-android-tv-91585-319
2025-11-20 10:17:19,549 - Knowledge - INFO - process ingested knowledge for /app/data/tataelxsimockapisolutions5451/313/b861537/mytv-ott-hello-world-android-tv-91585-319/android_tv_frontend/list/build/intermediates/lint_report_lint_model/debug/generateDebugLintReportModel/debug.xml
2025-11-20 10:17:19,751 - Knowledge - INFO - Found code-base-name: android_tv_frontend
2025-11-20 10:17:19,957 - Knowledge - INFO - Code base not found for android_tv_frontend. Joining with Knowledge base_path: True.
2025-11-20 10:17:20,203 - Knowledge - INFO - /app/data/tataelxsimockapisolutions5451/313/b861537/mytv-ott-hello-world-android-tv-91585-319
2025-11-20 10:17:20,387 - Knowledge - INFO - process ingested knowledge for /app/data/tataelxsimockapisolutions5451/313/b861537/mytv-ott-hello-world-android-tv-91585-319/android_tv_frontend/utilities/build/intermediates/incremental/lintAnalyzeDebug/debug.xml
2025-11-20 10:17:20,555 - Knowledge - INFO - Found code-base-name: android_tv_frontend
2025-11-20 10:17:20,763 - Knowledge - INFO - Code base not found for android_tv_frontend. Joining with Knowledge base_path: True.
2025-11-20 10:17:20,928 - Knowledge - INFO - /app/data/tataelxsimockapisolutions5451/313/b861537/mytv-ott-hello-world-android-tv-91585-319
2025-11-20 10:17:21,116 - Knowledge - INFO - process ingested knowledge for /app/data/tataelxsimockapisolutions5451/313/b861537/mytv-ott-hello-world-android-tv-91585-319/android_tv_frontend/app/src/main/res/drawable/pill_button_background.xml
2025-11-20 10:17:21,324 - Knowledge - INFO - Found code-base-name: android_tv_frontend
2025-11-20 10:17:21,555 - Knowledge - INFO - Code base not found for android_tv_frontend. Joining with Knowledge base_path: True.
2025-11-20 10:17:21,742 - Knowledge - INFO - /app/data/tataelxsimockapisolutions5451/313/b861537/mytv-ott-hello-world-android-tv-91585-319
2025-11-20 10:17:21,912 - Knowledge - INFO - process ingested knowledge for /app/data/tataelxsimockapisolutions5451/313/b861537/mytv-ott-hello-world-android-tv-91585-319/android_tv_frontend/list/build/intermediates/incremental/lintAnalyzeDebug/debug.xml
2025-11-20 10:17:22,105 - Knowledge - INFO - Found code-base-name: android_tv_frontend
2025-11-20 10:17:22,331 - Knowledge - INFO - Code base not found for android_tv_frontend. Joining with Knowledge base_path: True.
2025-11-20 10:17:22,488 - Knowledge - INFO - /app/data/tataelxsimockapisolutions5451/313/b861537/mytv-ott-hello-world-android-tv-91585-319
2025-11-20 10:17:22,683 - Knowledge - INFO - process ingested knowledge for /app/data/tataelxsimockapisolutions5451/313/b861537/mytv-ott-hello-world-android-tv-91585-319/android_tv_frontend/app/src/main/res/values/missing_nord_colors.xml
2025-11-20 10:17:22,888 - Knowledge - INFO - Found code-base-name: android_tv_frontend
2025-11-20 10:17:23,072 - Knowledge - INFO - Code base not found for android_tv_frontend. Joining with Knowledge base_path: True.
2025-11-20 10:17:23,239 - Knowledge - INFO - /app/data/tataelxsimockapisolutions5451/313/b861537/mytv-ott-hello-world-android-tv-91585-319
2025-11-20 10:17:23,425 - Knowledge - INFO - process ingested knowledge for /app/data/tataelxsimockapisolutions5451/313/b861537/mytv-ott-hello-world-android-tv-91585-319/android_tv_frontend/utilities/build/intermediates/lint_report_lint_model/debug/generateDebugLintReportModel/debug.xml
2025-11-20 10:17:23,636 - Knowledge - INFO - Found code-base-name: android_tv_frontend
2025-11-20 10:17:23,828 - Knowledge - INFO - Code base not found for android_tv_frontend. Joining with Knowledge base_path: True.
2025-11-20 10:17:24,009 - Knowledge - INFO - /app/data/tataelxsimockapisolutions5451/313/b861537/mytv-ott-hello-world-android-tv-91585-319
2025-11-20 10:17:24,240 - Knowledge - INFO - process ingested knowledge for /app/data/tataelxsimockapisolutions5451/313/b861537/mytv-ott-hello-world-android-tv-91585-319/android_tv_frontend/list/build/intermediates/android_test_lint_model/debug/generateDebugAndroidTestLintModel/debug-artifact-libraries.xml
2025-11-20 10:17:24,415 - Knowledge - INFO - Found code-base-name: android_tv_frontend
2025-11-20 10:17:24,592 - Knowledge - INFO - Code base not found for android_tv_frontend. Joining with Knowledge base_path: True.
2025-11-20 10:17:24,752 - Knowledge - INFO - /app/data/tataelxsimockapisolutions5451/313/b861537/mytv-ott-hello-world-android-tv-91585-319
2025-11-20 10:17:24,948 - Knowledge - INFO - process ingested knowledge for /app/data/tataelxsimockapisolutions5451/313/b861537/mytv-ott-hello-world-android-tv-91585-319/android_tv_frontend/list/build/intermediates/lint_model/debug/generateDebugLintModel/debug-artifact-libraries.xml
2025-11-20 10:17:25,182 - Knowledge - INFO - Found code-base-name: android_tv_frontend
2025-11-20 10:17:25,370 - Knowledge - INFO - Code base not found for android_tv_frontend. Joining with Knowledge base_path: True.
2025-11-20 10:17:25,584 - Knowledge - INFO - /app/data/tataelxsimockapisolutions5451/313/b861537/mytv-ott-hello-world-android-tv-91585-319
2025-11-20 10:17:25,816 - Knowledge - INFO - process ingested knowledge for /app/data/tataelxsimockapisolutions5451/313/b861537/mytv-ott-hello-world-android-tv-91585-319/android_tv_frontend/utilities/build/intermediates/android_test_lint_model/debug/generateDebugAndroidTestLintModel/debug-artifact-libraries.xml
2025-11-20 10:17:26,004 - Knowledge - INFO - Found code-base-name: android_tv_frontend
2025-11-20 10:17:26,211 - Knowledge - INFO - Code base not found for android_tv_frontend. Joining with Knowledge base_path: True.
2025-11-20 10:17:26,427 - Knowledge - INFO - /app/data/tataelxsimockapisolutions5451/313/b861537/mytv-ott-hello-world-android-tv-91585-319
2025-11-20 10:17:26,604 - Knowledge - INFO - process ingested knowledge for /app/data/tataelxsimockapisolutions5451/313/b861537/mytv-ott-hello-world-android-tv-91585-319/android_tv_frontend/list/build/intermediates/annotation_processor_list/debugUnitTest/javaPreCompileDebugUnitTest/annotationProcessors.json
2025-11-20 10:17:26,785 - Knowledge - INFO - Found code-base-name: android_tv_frontend
2025-11-20 10:17:26,994 - Knowledge - INFO - Code base not found for android_tv_frontend. Joining with Knowledge base_path: True.
2025-11-20 10:17:27,157 - Knowledge - INFO - /app/data/tataelxsimockapisolutions5451/313/b861537/mytv-ott-hello-world-android-tv-91585-319
2025-11-20 10:17:27,382 - Knowledge - INFO - process ingested knowledge for /app/data/tataelxsimockapisolutions5451/313/b861537/mytv-ott-hello-world-android-tv-91585-319/android_tv_frontend/app/src/main/res/drawable/ic_audio_subtitle_button.xml
2025-11-20 10:17:27,533 - Knowledge - INFO - Found code-base-name: android_tv_frontend
2025-11-20 10:17:27,695 - Knowledge - INFO - Code base not found for android_tv_frontend. Joining with Knowledge base_path: True.
2025-11-20 10:17:27,878 - Knowledge - INFO - /app/data/tataelxsimockapisolutions5451/313/b861537/mytv-ott-hello-world-android-tv-91585-319
2025-11-20 10:17:28,063 - Knowledge - INFO - process ingested knowledge for /app/data/tataelxsimockapisolutions5451/313/b861537/mytv-ott-hello-world-android-tv-91585-319/android_tv_frontend/app/src/main/res/drawable/thumb_4.xml
2025-11-20 10:17:28,233 - Knowledge - INFO - Found code-base-name: android_tv_frontend
2025-11-20 10:17:28,422 - Knowledge - INFO - Code base not found for android_tv_frontend. Joining with Knowledge base_path: True.
2025-11-20 10:17:28,584 - Knowledge - INFO - /app/data/tataelxsimockapisolutions5451/313/b861537/mytv-ott-hello-world-android-tv-91585-319
2025-11-20 10:17:28,753 - Knowledge - INFO - process ingested knowledge for /app/data/tataelxsimockapisolutions5451/313/b861537/mytv-ott-hello-world-android-tv-91585-319/android_tv_frontend/app/src/test/java/com/example/tv/ui/home/FocusMappingTest.kt
2025-11-20 10:17:28,920 - Knowledge - INFO - Found code-base-name: android_tv_frontend
2025-11-20 10:17:29,114 - Knowledge - INFO - Code base not found for android_tv_frontend. Joining with Knowledge base_path: True.
2025-11-20 10:17:29,293 - Knowledge - INFO - /app/data/tataelxsimockapisolutions5451/313/b861537/mytv-ott-hello-world-android-tv-91585-319
2025-11-20 10:17:29,467 - Knowledge - INFO - process ingested knowledge for /app/data/tataelxsimockapisolutions5451/313/b861537/mytv-ott-hello-world-android-tv-91585-319/android_tv_frontend/app/src/main/res/drawable/button_icon_background.xml
2025-11-20 10:17:29,646 - Knowledge - INFO - Found code-base-name: android_tv_frontend
2025-11-20 10:17:29,822 - Knowledge - INFO - Code base not found for android_tv_frontend. Joining with Knowledge base_path: True.
2025-11-20 10:17:29,999 - Knowledge - INFO - /app/data/tataelxsimockapisolutions5451/313/b861537/mytv-ott-hello-world-android-tv-91585-319
2025-11-20 10:17:30,162 - Knowledge - INFO - process ingested knowledge for /app/data/tataelxsimockapisolutions5451/313/b861537/mytv-ott-hello-world-android-tv-91585-319/android_tv_frontend/utilities/build/intermediates/annotation_processor_list/debug/javaPreCompileDebug/annotationProcessors.json
2025-11-20 10:17:30,380 - Knowledge - INFO - Found code-base-name: android_tv_frontend
2025-11-20 10:17:30,552 - Knowledge - INFO - Code base not found for android_tv_frontend. Joining with Knowledge base_path: True.
2025-11-20 10:17:30,745 - Knowledge - INFO - /app/data/tataelxsimockapisolutions5451/313/b861537/mytv-ott-hello-world-android-tv-91585-319
2025-11-20 10:17:30,948 - Knowledge - INFO - process ingested knowledge for /app/data/tataelxsimockapisolutions5451/313/b861537/mytv-ott-hello-world-android-tv-91585-319/android_tv_frontend/list/build/intermediates/annotation_processor_list/debug/javaPreCompileDebug/annotationProcessors.json
2025-11-20 10:17:31,110 - Knowledge - INFO - Found code-base-name: android_tv_frontend
2025-11-20 10:17:31,311 - Knowledge - INFO - Code base not found for android_tv_frontend. Joining with Knowledge base_path: True.
2025-11-20 10:17:31,475 - Knowledge - INFO - /app/data/tataelxsimockapisolutions5451/313/b861537/mytv-ott-hello-world-android-tv-91585-319
2025-11-20 10:17:31,628 - Knowledge - INFO - process ingested knowledge for /app/data/tataelxsimockapisolutions5451/313/b861537/mytv-ott-hello-world-android-tv-91585-319/android_tv_frontend/app/src/main/res/mipmap-anydpi-v26/ic_launcher_round.xml
2025-11-20 10:17:31,822 - Knowledge - INFO - Found code-base-name: android_tv_frontend
2025-11-20 10:17:31,963 - Knowledge - INFO - Code base not found for android_tv_frontend. Joining with Knowledge base_path: True.
2025-11-20 10:17:32,165 - Knowledge - INFO - /app/data/tataelxsimockapisolutions5451/313/b861537/mytv-ott-hello-world-android-tv-91585-319
2025-11-20 10:17:32,359 - Knowledge - INFO - process ingested knowledge for /app/data/tataelxsimockapisolutions5451/313/b861537/mytv-ott-hello-world-android-tv-91585-319/android_tv_frontend/app/src/main/res/layout/activity_splash.xml
2025-11-20 10:17:32,550 - Knowledge - INFO - Found code-base-name: android_tv_frontend
2025-11-20 10:17:32,763 - Knowledge - INFO - Code base not found for android_tv_frontend. Joining with Knowledge base_path: True.
2025-11-20 10:17:32,937 - Knowledge - INFO - /app/data/tataelxsimockapisolutions5451/313/b861537/mytv-ott-hello-world-android-tv-91585-319
2025-11-20 10:17:33,132 - Knowledge - INFO - process ingested knowledge for /app/data/tataelxsimockapisolutions5451/313/b861537/mytv-ott-hello-world-android-tv-91585-319/android_tv_frontend/utilities/build/intermediates/annotation_processor_list/debugUnitTest/javaPreCompileDebugUnitTest/annotationProcessors.json
2025-11-20 10:17:33,295 - Knowledge - INFO - Loaded 181 files from persisted knowledge
2025-11-20 10:17:33,481 - Knowledge - INFO - load persisted knowledge: end
2025-11-20 10:17:33,665 - Knowledge - INFO - 📁 Disk load complete in 140.90s
2025-11-20 10:17:33,830 - Knowledge - INFO - Worker kw1 created using shared MongoDB connection pool
2025-11-20 10:17:34,055 - Knowledge - INFO - knowledge worker kw1 start
2025-11-20 10:17:34,056 - Knowledge - INFO - Worker kw2 created using shared MongoDB connection pool
2025-11-20 10:17:34,245 - Knowledge - INFO - [kw1] Queue=181, InProgress=0, PendingWorkers=0/1, Completed=0/181 (0.0%)
2025-11-20 10:17:34,352 - Knowledge - INFO - knowledge worker kw2 start
2025-11-20 10:17:34,353 - Knowledge - INFO - Worker kw3 created using shared MongoDB connection pool
2025-11-20 10:17:34,483 - Knowledge - INFO - Batch sizing: calculated=12, max_allowed=25, queue=181, active_workers=0/2
2025-11-20 10:17:34,575 - Knowledge - INFO - [kw2] Queue=181, InProgress=0, PendingWorkers=0/2, Completed=0/181 (0.0%)
2025-11-20 10:17:34,657 - Knowledge - INFO - knowledge worker kw3 start
2025-11-20 10:17:34,658 - Knowledge - INFO - Worker kw4 created using shared MongoDB connection pool
2025-11-20 10:17:34,757 - Knowledge - INFO - Worker kw1 processing /app/data/tataelxsimockapisolutions5451/313/b861537/mytv-ott-hello-world-android-tv-91585-319/android_tv_frontend/app/src/main/res/values/themes.xml
2025-11-20 10:17:34,867 - Knowledge - INFO - Batch sizing: calculated=12, max_allowed=25, queue=181, active_workers=1/3
2025-11-20 10:17:34,980 - Knowledge - INFO - [kw3] Queue=169, InProgress=0, PendingWorkers=1/3, Completed=0/181 (0.0%)
2025-11-20 10:17:35,070 - Knowledge - INFO - knowledge worker kw4 start
2025-11-20 10:17:35,070 - Knowledge - INFO - Worker kw5 created using shared MongoDB connection pool
2025-11-20 10:17:35,149 - Knowledge - INFO - Fast-tracked /app/data/tataelxsimockapisolutions5451/313/b861537/mytv-ott-hello-world-android-tv-91585-319/android_tv_frontend/app/src/main/res/values/themes.xml (ext=.xml, size=3377)
2025-11-20 10:17:35,287 - Knowledge - INFO - Worker kw2 processing /app/data/tataelxsimockapisolutions5451/313/b861537/mytv-ott-hello-world-android-tv-91585-319/android_tv_frontend/list/build/intermediates/incremental/lintAnalyzeDebugAndroidTest/debug.xml
2025-11-20 10:17:35,408 - Knowledge - INFO - Batch sizing: calculated=12, max_allowed=25, queue=169, active_workers=2/4
2025-11-20 10:17:35,517 - Knowledge - INFO - [kw4] Queue=157, InProgress=0, PendingWorkers=2/4, Completed=0/181 (0.0%)
2025-11-20 10:17:35,629 - Knowledge - INFO - knowledge worker kw5 start
2025-11-20 10:17:35,629 - Knowledge - INFO - Worker kw6 created using shared MongoDB connection pool
2025-11-20 10:17:35,715 - Knowledge - INFO - Worker kw1 processing /app/data/tataelxsimockapisolutions5451/313/b861537/mytv-ott-hello-world-android-tv-91585-319/android_tv_frontend/app/src/main/java/com/example/tv/data/api/ApiService.kt
2025-11-20 10:17:35,787 - Knowledge - INFO - Fast-tracked /app/data/tataelxsimockapisolutions5451/313/b861537/mytv-ott-hello-world-android-tv-91585-319/android_tv_frontend/list/build/intermediates/incremental/lintAnalyzeDebugAndroidTest/debug.xml (ext=.xml, size=1429)
2025-11-20 10:17:35,873 - Knowledge - INFO - Worker kw3 processing /app/data/tataelxsimockapisolutions5451/313/b861537/mytv-ott-hello-world-android-tv-91585-319/android_tv_frontend/list/build/intermediates/incremental/debug/packageDebugResources/merger.xml
2025-11-20 10:17:35,954 - Knowledge - INFO - Batch sizing: calculated=12, max_allowed=25, queue=157, active_workers=3/5
2025-11-20 10:17:36,043 - Knowledge - INFO - [kw5] Queue=145, InProgress=0, PendingWorkers=3/5, Completed=0/181 (0.0%)
2025-11-20 10:17:36,161 - Knowledge - INFO - knowledge worker kw6 start
2025-11-20 10:17:36,162 - Knowledge - INFO - Worker kw7 created using shared MongoDB connection pool
2025-11-20 10:17:36,261 - Knowledge - INFO - Worker kw1 processing /app/data/tataelxsimockapisolutions5451/313/b861537/mytv-ott-hello-world-android-tv-91585-319/android_tv_frontend/app/src/main/res/drawable/bg_unfocused_state.xml
2025-11-20 10:17:36,359 - Knowledge - INFO - Worker kw2 processing /app/data/tataelxsimockapisolutions5451/313/b861537/mytv-ott-hello-world-android-tv-91585-319/android_tv_frontend/utilities/build/intermediates/lint-cache/lintAnalyzeDebug/maven.google/master-index.xml
2025-11-20 10:17:36,472 - Knowledge - INFO - Fast-tracked /app/data/tataelxsimockapisolutions5451/313/b861537/mytv-ott-hello-world-android-tv-91585-319/android_tv_frontend/list/build/intermediates/incremental/debug/packageDebugResources/merger.xml (ext=.xml, size=2224)
2025-11-20 10:17:36,562 - Knowledge - INFO - Worker kw4 processing /app/data/tataelxsimockapisolutions5451/313/b861537/mytv-ott-hello-world-android-tv-91585-319/android_tv_frontend/utilities/build/intermediates/incremental/lintAnalyzeDebugUnitTest/debug-artifact-libraries.xml
2025-11-20 10:17:36,633 - Knowledge - INFO - Batch sizing: calculated=12, max_allowed=25, queue=145, active_workers=4/6
2025-11-20 10:17:36,758 - Knowledge - INFO - [kw6] Queue=133, InProgress=0, PendingWorkers=4/6, Completed=0/181 (0.0%)
2025-11-20 10:17:36,855 - Knowledge - INFO - knowledge worker kw7 start
2025-11-20 10:17:36,855 - Knowledge - INFO - Worker kw8 created using shared MongoDB connection pool
2025-11-20 10:17:36,952 - Knowledge - INFO - Fast-tracked /app/data/tataelxsimockapisolutions5451/313/b861537/mytv-ott-hello-world-android-tv-91585-319/android_tv_frontend/app/src/main/res/drawable/bg_unfocused_state.xml (ext=.xml, size=402)
2025-11-20 10:17:37,029 - Knowledge - INFO - Fast-tracked /app/data/tataelxsimockapisolutions5451/313/b861537/mytv-ott-hello-world-android-tv-91585-319/android_tv_frontend/utilities/build/intermediates/lint-cache/lintAnalyzeDebug/maven.google/master-index.xml (ext=.xml, size=9656)
2025-11-20 10:17:37,118 - Knowledge - INFO - Worker kw3 processing /app/data/tataelxsimockapisolutions5451/313/b861537/mytv-ott-hello-world-android-tv-91585-319/android_tv_frontend/utilities/build/intermediates/incremental/debug/packageDebugResources/merger.xml
2025-11-20 10:17:37,200 - Knowledge - INFO - Fast-tracked /app/data/tataelxsimockapisolutions5451/313/b861537/mytv-ott-hello-world-android-tv-91585-319/android_tv_frontend/utilities/build/intermediates/incremental/lintAnalyzeDebugUnitTest/debug-artifact-libraries.xml (ext=.xml, size=2266)
2025-11-20 10:17:37,280 - Knowledge - INFO - Worker kw5 processing /app/data/tataelxsimockapisolutions5451/313/b861537/mytv-ott-hello-world-android-tv-91585-319/android_tv_frontend/list/build/intermediates/aapt_friendly_merged_manifests/debug/processDebugManifest/aapt/AndroidManifest.xml
2025-11-20 10:17:37,384 - Knowledge - INFO - Batch sizing: calculated=12, max_allowed=25, queue=133, active_workers=5/7
2025-11-20 10:17:37,502 - Knowledge - INFO - [kw7] Queue=121, InProgress=0, PendingWorkers=5/7, Completed=0/181 (0.0%)
2025-11-20 10:17:37,615 - Knowledge - INFO - knowledge worker kw8 start
2025-11-20 10:17:37,617 - Knowledge - INFO - Worker kw9 created using shared MongoDB connection pool
2025-11-20 10:17:37,738 - Knowledge - INFO - Worker kw1 processing /app/data/tataelxsimockapisolutions5451/313/b861537/mytv-ott-hello-world-android-tv-91585-319/android_tv_frontend/app/src/main/res/drawable/thumb_5.xml
2025-11-20 10:17:37,847 - Knowledge - INFO - Worker kw2 processing /app/data/tataelxsimockapisolutions5451/313/b861537/mytv-ott-hello-world-android-tv-91585-319/android_tv_frontend/build/reports/problems/problems-report.html
2025-11-20 10:17:37,920 - Knowledge - INFO - Fast-tracked /app/data/tataelxsimockapisolutions5451/313/b861537/mytv-ott-hello-world-android-tv-91585-319/android_tv_frontend/utilities/build/intermediates/incremental/debug/packageDebugResources/merger.xml (ext=.xml, size=2254)
2025-11-20 10:17:38,036 - Knowledge - INFO - Worker kw4 processing /app/data/tataelxsimockapisolutions5451/313/b861537/mytv-ott-hello-world-android-tv-91585-319/android_tv_frontend/app/src/main/res/values/colors.xml
2025-11-20 10:17:38,124 - Knowledge - INFO - Fast-tracked /app/data/tataelxsimockapisolutions5451/313/b861537/mytv-ott-hello-world-android-tv-91585-319/android_tv_frontend/list/build/intermediates/aapt_friendly_merged_manifests/debug/processDebugManifest/aapt/AndroidManifest.xml (ext=.xml, size=198)
2025-11-20 10:17:38,213 - Knowledge - INFO - Worker kw6 processing /app/data/tataelxsimockapisolutions5451/313/b861537/mytv-ott-hello-world-android-tv-91585-319/android_tv_frontend/list/build/intermediates/incremental/lintAnalyzeDebug/debug-artifact-dependencies.xml
2025-11-20 10:17:38,333 - Knowledge - INFO - Batch sizing: calculated=12, max_allowed=25, queue=121, active_workers=6/8
2025-11-20 10:17:38,425 - Knowledge - INFO - [kw8] Queue=109, InProgress=0, PendingWorkers=6/8, Completed=0/181 (0.0%)
2025-11-20 10:17:38,517 - Knowledge - INFO - knowledge worker kw9 start
2025-11-20 10:17:38,518 - Knowledge - INFO - Worker kw10 created using shared MongoDB connection pool
2025-11-20 10:17:38,612 - Knowledge - INFO - Fast-tracked /app/data/tataelxsimockapisolutions5451/313/b861537/mytv-ott-hello-world-android-tv-91585-319/android_tv_frontend/app/src/main/res/drawable/thumb_5.xml (ext=.xml, size=462)
2025-11-20 10:17:38,734 - Knowledge - INFO - Fast-tracked /app/data/tataelxsimockapisolutions5451/313/b861537/mytv-ott-hello-world-android-tv-91585-319/android_tv_frontend/build/reports/problems/problems-report.html (ext=.html, size=152503)
2025-11-20 10:17:38,838 - Knowledge - INFO - Worker kw3 processing /app/data/tataelxsimockapisolutions5451/313/b861537/mytv-ott-hello-world-android-tv-91585-319/android_tv_frontend/app/src/main/res/drawable/gradient_horizontal_overlay.xml
2025-11-20 10:17:38,914 - Knowledge - INFO - Fast-tracked /app/data/tataelxsimockapisolutions5451/313/b861537/mytv-ott-hello-world-android-tv-91585-319/android_tv_frontend/app/src/main/res/values/colors.xml (ext=.xml, size=471)
2025-11-20 10:17:38,994 - Knowledge - INFO - Worker kw5 processing /app/data/tataelxsimockapisolutions5451/313/b861537/mytv-ott-hello-world-android-tv-91585-319/android_tv_frontend/utilities/build/intermediates/aapt_friendly_merged_manifests/debug/processDebugManifest/aapt/AndroidManifest.xml
2025-11-20 10:17:39,106 - Knowledge - INFO - Fast-tracked /app/data/tataelxsimockapisolutions5451/313/b861537/mytv-ott-hello-world-android-tv-91585-319/android_tv_frontend/list/build/intermediates/incremental/lintAnalyzeDebug/debug-artifact-dependencies.xml (ext=.xml, size=1129)
2025-11-20 10:17:39,222 - Knowledge - INFO - Worker kw7 processing /app/data/tataelxsimockapisolutions5451/313/b861537/mytv-ott-hello-world-android-tv-91585-319/android_tv_frontend/list/build/intermediates/incremental/lintAnalyzeDebugUnitTest/debug-artifact-dependencies.xml
2025-11-20 10:17:39,341 - Knowledge - INFO - Batch sizing: calculated=12, max_allowed=25, queue=109, active_workers=7/9
2025-11-20 10:17:39,437 - Knowledge - INFO - [kw9] Queue=97, InProgress=0, PendingWorkers=7/9, Completed=0/181 (0.0%)
2025-11-20 10:17:39,538 - Knowledge - INFO - knowledge worker kw10 start
2025-11-20 10:17:39,538 - Knowledge - INFO - Worker kw11 created using shared MongoDB connection pool
2025-11-20 10:17:39,613 - Knowledge - INFO - Worker kw1 processing /app/data/tataelxsimockapisolutions5451/313/b861537/mytv-ott-hello-world-android-tv-91585-319/android_tv_frontend/utilities/build.gradle
2025-11-20 10:17:39,692 - Knowledge - INFO - Worker kw2 processing /app/data/tataelxsimockapisolutions5451/313/b861537/mytv-ott-hello-world-android-tv-91585-319/android_tv_frontend/utilities/build/intermediates/unit_test_lint_model/debug/generateDebugUnitTestLintModel/debug.xml
2025-11-20 10:17:39,798 - Knowledge - INFO - Fast-tracked /app/data/tataelxsimockapisolutions5451/313/b861537/mytv-ott-hello-world-android-tv-91585-319/android_tv_frontend/app/src/main/res/drawable/gradient_horizontal_overlay.xml (ext=.xml, size=334)
2025-11-20 10:17:39,879 - Knowledge - INFO - Worker kw4 processing /app/data/tataelxsimockapisolutions5451/313/b861537/mytv-ott-hello-world-android-tv-91585-319/android_tv_frontend/list/build/intermediates/incremental/lintAnalyzeDebugUnitTest/debug-artifact-libraries.xml
2025-11-20 10:17:39,986 - Knowledge - INFO - Fast-tracked /app/data/tataelxsimockapisolutions5451/313/b861537/mytv-ott-hello-world-android-tv-91585-319/android_tv_frontend/utilities/build/intermediates/aapt_friendly_merged_manifests/debug/processDebugManifest/aapt/AndroidManifest.xml (ext=.xml, size=203)
2025-11-20 10:17:40,057 - Knowledge - INFO - Worker kw6 processing /app/data/tataelxsimockapisolutions5451/313/b861537/mytv-ott-hello-world-android-tv-91585-319/android_tv_frontend/utilities/build/intermediates/incremental/lintAnalyzeDebugUnitTest/module.xml
2025-11-20 10:17:40,140 - Knowledge - INFO - Fast-tracked /app/data/tataelxsimockapisolutions5451/313/b861537/mytv-ott-hello-world-android-tv-91585-319/android_tv_frontend/list/build/intermediates/incremental/lintAnalyzeDebugUnitTest/debug-artifact-dependencies.xml (ext=.xml, size=1351)
2025-11-20 10:17:40,220 - Knowledge - INFO - Worker kw8 processing /app/data/tataelxsimockapisolutions5451/313/b861537/mytv-ott-hello-world-android-tv-91585-319/android_tv_frontend/app/src/main/java/com/example/tv/ui/content/ContentInfoActivity.kt
2025-11-20 10:17:40,340 - Knowledge - INFO - Batch sizing: calculated=10, max_allowed=25, queue=97, active_workers=8/10
2025-11-20 10:17:40,424 - Knowledge - INFO - [kw10] Queue=85, InProgress=0, PendingWorkers=8/10, Completed=0/181 (0.0%)
2025-11-20 10:17:40,545 - Knowledge - INFO - knowledge worker kw11 start
2025-11-20 10:17:40,545 - Knowledge - INFO - Worker kw12 created using shared MongoDB connection pool
2025-11-20 10:17:40,651 - Knowledge - INFO - Fast-tracked /app/data/tataelxsimockapisolutions5451/313/b861537/mytv-ott-hello-world-android-tv-91585-319/android_tv_frontend/utilities/build.gradle (ext=.gradle, size=547)
2025-11-20 10:17:40,734 - Knowledge - INFO - Fast-tracked /app/data/tataelxsimockapisolutions5451/313/b861537/mytv-ott-hello-world-android-tv-91585-319/android_tv_frontend/utilities/build/intermediates/unit_test_lint_model/debug/generateDebugUnitTestLintModel/debug.xml (ext=.xml, size=946)
2025-11-20 10:17:40,881 - Knowledge - INFO - Worker kw3 processing /app/data/tataelxsimockapisolutions5451/313/b861537/mytv-ott-hello-world-android-tv-91585-319/android_tv_frontend/app/src/main/res/drawable/ic_replay.xml
2025-11-20 10:17:40,968 - Knowledge - INFO - Fast-tracked /app/data/tataelxsimockapisolutions5451/313/b861537/mytv-ott-hello-world-android-tv-91585-319/android_tv_frontend/list/build/intermediates/incremental/lintAnalyzeDebugUnitTest/debug-artifact-libraries.xml (ext=.xml, size=1569)
2025-11-20 10:17:41,054 - Knowledge - INFO - Worker kw5 processing /app/data/tataelxsimockapisolutions5451/313/b861537/mytv-ott-hello-world-android-tv-91585-319/android_tv_frontend/list/build/intermediates/lint_model/debug/generateDebugLintModel/debug.xml
2025-11-20 10:17:41,138 - Knowledge - INFO - Fast-tracked /app/data/tataelxsimockapisolutions5451/313/b861537/mytv-ott-hello-world-android-tv-91585-319/android_tv_frontend/utilities/build/intermediates/incremental/lintAnalyzeDebugUnitTest/module.xml (ext=.xml, size=670)
2025-11-20 10:17:41,229 - Knowledge - INFO - Worker kw7 processing /app/data/tataelxsimockapisolutions5451/313/b861537/mytv-ott-hello-world-android-tv-91585-319/android_tv_frontend/app/src/main/res/values/ic_launcher_background.xml
2025-11-20 10:17:41,340 - Knowledge - INFO - Worker kw8 processing /app/data/tataelxsimockapisolutions5451/313/b861537/mytv-ott-hello-world-android-tv-91585-319/android_tv_frontend/app/src/main/java/com/example/tv/ui/login/LoginActivity.kt
2025-11-20 10:17:41,452 - Knowledge - INFO - Worker kw9 processing /app/data/tataelxsimockapisolutions5451/313/b861537/mytv-ott-hello-world-android-tv-91585-319/android_tv_frontend/list/build/intermediates/incremental/mergeDebugShaders/merger.xml
2025-11-20 10:17:41,559 - Knowledge - INFO - Batch sizing: calculated=10, max_allowed=25, queue=85, active_workers=9/11
2025-11-20 10:17:41,666 - Knowledge - INFO - [kw11] Queue=75, InProgress=0, PendingWorkers=9/11, Completed=0/181 (0.0%)
2025-11-20 10:17:41,753 - Knowledge - INFO - knowledge worker kw12 start
2025-11-20 10:17:41,753 - Knowledge - INFO - Worker kw13 created using shared MongoDB connection pool
2025-11-20 10:17:41,832 - Knowledge - INFO - Worker kw1 processing /app/data/tataelxsimockapisolutions5451/313/b861537/mytv-ott-hello-world-android-tv-91585-319/android_tv_frontend/app/src/main/res/drawable/tv_focus_ripple.xml
2025-11-20 10:17:41,951 - Knowledge - INFO - Worker kw2 processing /app/data/tataelxsimockapisolutions5451/313/b861537/mytv-ott-hello-world-android-tv-91585-319/android_tv_frontend/list/build/intermediates/incremental/release/packageReleaseResources/merger.xml
2025-11-20 10:17:42,027 - Knowledge - INFO - Fast-tracked /app/data/tataelxsimockapisolutions5451/313/b861537/mytv-ott-hello-world-android-tv-91585-319/android_tv_frontend/app/src/main/res/drawable/ic_replay.xml (ext=.xml, size=430)
2025-11-20 10:17:42,099 - Knowledge - INFO - Worker kw4 processing /app/data/tataelxsimockapisolutions5451/313/b861537/mytv-ott-hello-world-android-tv-91585-319/android_tv_frontend/app/src/main/res/drawable/thumb_1.xml
2025-11-20 10:17:42,190 - Knowledge - INFO - Fast-tracked /app/data/tataelxsimockapisolutions5451/313/b861537/mytv-ott-hello-world-android-tv-91585-319/android_tv_frontend/list/build/intermediates/lint_model/debug/generateDebugLintModel/debug.xml (ext=.xml, size=1605)
2025-11-20 10:17:42,277 - Knowledge - INFO - Worker kw6 processing /app/data/tataelxsimockapisolutions5451/313/b861537/mytv-ott-hello-world-android-tv-91585-319/android_tv_frontend/settings.gradle
2025-11-20 10:17:42,367 - Knowledge - INFO - Fast-tracked /app/data/tataelxsimockapisolutions5451/313/b861537/mytv-ott-hello-world-android-tv-91585-319/android_tv_frontend/app/src/main/res/values/ic_launcher_background.xml (ext=.xml, size=121)
2025-11-20 10:17:42,464 - Knowledge - INFO - Worker kw8 processing /app/data/tataelxsimockapisolutions5451/313/b861537/mytv-ott-hello-world-android-tv-91585-319/android_tv_frontend/app/src/main/res/drawable/card_bg.xml
2025-11-20 10:17:42,552 - Knowledge - INFO - Fast-tracked /app/data/tataelxsimockapisolutions5451/313/b861537/mytv-ott-hello-world-android-tv-91585-319/android_tv_frontend/list/build/intermediates/incremental/mergeDebugShaders/merger.xml (ext=.xml, size=598)
2025-11-20 10:17:42,619 - Knowledge - INFO - Worker kw10 processing /app/data/tataelxsimockapisolutions5451/313/b861537/mytv-ott-hello-world-android-tv-91585-319/android_tv_frontend/list/build/reports/lint-results-debug.xml
2025-11-20 10:17:42,743 - Knowledge - INFO - Batch sizing: calculated=10, max_allowed=25, queue=75, active_workers=10/12
2025-11-20 10:17:42,836 - Knowledge - INFO - [kw12] Queue=65, InProgress=0, PendingWorkers=10/12, Completed=0/181 (0.0%)
2025-11-20 10:17:42,911 - Knowledge - INFO - knowledge worker kw13 start
2025-11-20 10:17:42,912 - Knowledge - INFO - Worker kw14 created using shared MongoDB connection pool
2025-11-20 10:17:43,000 - Knowledge - INFO - Fast-tracked /app/data/tataelxsimockapisolutions5451/313/b861537/mytv-ott-hello-world-android-tv-91585-319/android_tv_frontend/app/src/main/res/drawable/tv_focus_ripple.xml (ext=.xml, size=457)
2025-11-20 10:17:43,080 - Knowledge - INFO - Fast-tracked /app/data/tataelxsimockapisolutions5451/313/b861537/mytv-ott-hello-world-android-tv-91585-319/android_tv_frontend/list/build/intermediates/incremental/release/packageReleaseResources/merger.xml (ext=.xml, size=2160)
2025-11-20 10:17:43,158 - Knowledge - INFO - Worker kw3 processing /app/data/tataelxsimockapisolutions5451/313/b861537/mytv-ott-hello-world-android-tv-91585-319/android_tv_frontend/app/src/main/res/drawable/bg_focus_state.xml
2025-11-20 10:17:43,239 - Knowledge - INFO - Fast-tracked /app/data/tataelxsimockapisolutions5451/313/b861537/mytv-ott-hello-world-android-tv-91585-319/android_tv_frontend/app/src/main/res/drawable/thumb_1.xml (ext=.xml, size=461)
2025-11-20 10:17:43,322 - Knowledge - INFO - Worker kw5 processing /app/data/tataelxsimockapisolutions5451/313/b861537/mytv-ott-hello-world-android-tv-91585-319/android_tv_frontend/app/src/main/res/values/ids.xml
2025-11-20 10:17:43,447 - Knowledge - INFO - Fast-tracked /app/data/tataelxsimockapisolutions5451/313/b861537/mytv-ott-hello-world-android-tv-91585-319/android_tv_frontend/settings.gradle (ext=.gradle, size=96)
2025-11-20 10:17:43,552 - Knowledge - INFO - Worker kw7 processing /app/data/tataelxsimockapisolutions5451/313/b861537/mytv-ott-hello-world-android-tv-91585-319/android_tv_frontend/list/build/intermediates/lint_report_lint_model/debug/generateDebugLintReportModel/module.xml
2025-11-20 10:17:43,629 - Knowledge - INFO - Fast-tracked /app/data/tataelxsimockapisolutions5451/313/b861537/mytv-ott-hello-world-android-tv-91585-319/android_tv_frontend/app/src/main/res/drawable/card_bg.xml (ext=.xml, size=1094)
2025-11-20 10:17:43,708 - Knowledge - INFO - Worker kw9 processing /app/data/tataelxsimockapisolutions5451/313/b861537/mytv-ott-hello-world-android-tv-91585-319/android_tv_frontend/build.sh
2025-11-20 10:17:43,826 - Knowledge - INFO - Fast-tracked /app/data/tataelxsimockapisolutions5451/313/b861537/mytv-ott-hello-world-android-tv-91585-319/android_tv_frontend/list/build/reports/lint-results-debug.xml (ext=.xml, size=2869)
2025-11-20 10:17:43,946 - Knowledge - INFO - Worker kw11 processing /app/data/tataelxsimockapisolutions5451/313/b861537/mytv-ott-hello-world-android-tv-91585-319/android_tv_frontend/build.gradle
2025-11-20 10:17:44,042 - Knowledge - INFO - Batch sizing: calculated=10, max_allowed=25, queue=65, active_workers=11/13
2025-11-20 10:17:44,169 - Knowledge - INFO - [kw13] Queue=55, InProgress=0, PendingWorkers=11/13, Completed=0/181 (0.0%)
2025-11-20 10:17:44,249 - Knowledge - INFO - knowledge worker kw14 start
2025-11-20 10:17:44,250 - Knowledge - INFO - Worker kw15 created using shared MongoDB connection pool
2025-11-20 10:17:44,331 - Knowledge - INFO - Worker kw1 processing /app/data/tataelxsimockapisolutions5451/313/b861537/mytv-ott-hello-world-android-tv-91585-319/android_tv_frontend/list/build.gradle
2025-11-20 10:17:44,433 - Knowledge - INFO - Worker kw2 processing /app/data/tataelxsimockapisolutions5451/313/b861537/mytv-ott-hello-world-android-tv-91585-319/android_tv_frontend/app/src/main/res/drawable/tag_age_rating.xml
2025-11-20 10:17:44,533 - Knowledge - INFO - Fast-tracked /app/data/tataelxsimockapisolutions5451/313/b861537/mytv-ott-hello-world-android-tv-91585-319/android_tv_frontend/app/src/main/res/drawable/bg_focus_state.xml (ext=.xml, size=388)
2025-11-20 10:17:44,647 - Knowledge - INFO - Worker kw4 processing /app/data/tataelxsimockapisolutions5451/313/b861537/mytv-ott-hello-world-android-tv-91585-319/android_tv_frontend/app/src/main/res/drawable/ic_block.xml
2025-11-20 10:17:44,757 - Knowledge - INFO - Fast-tracked /app/data/tataelxsimockapisolutions5451/313/b861537/mytv-ott-hello-world-android-tv-91585-319/android_tv_frontend/app/src/main/res/values/ids.xml (ext=.xml, size=52)
2025-11-20 10:17:44,846 - Knowledge - INFO - Worker kw6 processing /app/data/tataelxsimockapisolutions5451/313/b861537/mytv-ott-hello-world-android-tv-91585-319/android_tv_frontend/list/build/intermediates/lint_report_lint_model/debug/generateDebugLintReportModel/debug-artifact-dependencies.xml
2025-11-20 10:17:44,925 - Knowledge - INFO - Fast-tracked /app/data/tataelxsimockapisolutions5451/313/b861537/mytv-ott-hello-world-android-tv-91585-319/android_tv_frontend/list/build/intermediates/lint_report_lint_model/debug/generateDebugLintReportModel/module.xml (ext=.xml, size=655)
2025-11-20 10:17:45,002 - Knowledge - INFO - Worker kw8 processing /app/data/tataelxsimockapisolutions5451/313/b861537/mytv-ott-hello-world-android-tv-91585-319/android_tv_frontend/comm_and_push.sh
2025-11-20 10:17:45,080 - Knowledge - INFO - Fast-tracked /app/data/tataelxsimockapisolutions5451/313/b861537/mytv-ott-hello-world-android-tv-91585-319/android_tv_frontend/build.sh (ext=.sh, size=1181)
2025-11-20 10:17:45,160 - Knowledge - INFO - Worker kw10 processing /app/data/tataelxsimockapisolutions5451/313/b861537/mytv-ott-hello-world-android-tv-91585-319/android_tv_frontend/app/src/main/res/layout/activity_main.xml
2025-11-20 10:17:45,259 - Knowledge - INFO - Fast-tracked /app/data/tataelxsimockapisolutions5451/313/b861537/mytv-ott-hello-world-android-tv-91585-319/android_tv_frontend/build.gradle (ext=.gradle, size=314)
2025-11-20 10:17:45,358 - Knowledge - INFO - Worker kw12 processing /app/data/tataelxsimockapisolutions5451/313/b861537/mytv-ott-hello-world-android-tv-91585-319/android_tv_frontend/app/src/main/res/layout/activity_login.xml
2025-11-20 10:17:45,460 - Knowledge - INFO - Batch sizing: calculated=10, max_allowed=25, queue=55, active_workers=12/14
2025-11-20 10:17:45,541 - Knowledge - INFO - [kw14] Queue=45, InProgress=0, PendingWorkers=12/14, Completed=0/181 (0.0%)
2025-11-20 10:17:45,647 - Knowledge - INFO - knowledge worker kw15 start
2025-11-20 10:17:45,648 - Knowledge - INFO - Worker kw16 created using shared MongoDB connection pool
2025-11-20 10:17:45,729 - Knowledge - INFO - Fast-tracked /app/data/tataelxsimockapisolutions5451/313/b861537/mytv-ott-hello-world-android-tv-91585-319/android_tv_frontend/list/build.gradle (ext=.gradle, size=517)
2025-11-20 10:17:45,810 - Knowledge - INFO - Fast-tracked /app/data/tataelxsimockapisolutions5451/313/b861537/mytv-ott-hello-world-android-tv-91585-319/android_tv_frontend/app/src/main/res/drawable/tag_age_rating.xml (ext=.xml, size=297)
2025-11-20 10:17:45,914 - Knowledge - INFO - Worker kw3 processing /app/data/tataelxsimockapisolutions5451/313/b861537/mytv-ott-hello-world-android-tv-91585-319/android_tv_frontend/app/src/main/res/drawable/ic_audio_subtitle.xml
2025-11-20 10:17:45,992 - Knowledge - INFO - Fast-tracked /app/data/tataelxsimockapisolutions5451/313/b861537/mytv-ott-hello-world-android-tv-91585-319/android_tv_frontend/app/src/main/res/drawable/ic_block.xml (ext=.xml, size=581)
2025-11-20 10:17:46,071 - Knowledge - INFO - Worker kw5 processing /app/data/tataelxsimockapisolutions5451/313/b861537/mytv-ott-hello-world-android-tv-91585-319/android_tv_frontend/utilities/build/intermediates/android_test_lint_model/debug/generateDebugAndroidTestLintModel/debug.xml
2025-11-20 10:17:46,184 - Knowledge - INFO - Fast-tracked /app/data/tataelxsimockapisolutions5451/313/b861537/mytv-ott-hello-world-android-tv-91585-319/android_tv_frontend/list/build/intermediates/lint_report_lint_model/debug/generateDebugLintReportModel/debug-artifact-dependencies.xml (ext=.xml, size=1129)
2025-11-20 10:17:46,284 - Knowledge - INFO - Worker kw7 processing /app/data/tataelxsimockapisolutions5451/313/b861537/mytv-ott-hello-world-android-tv-91585-319/android_tv_frontend/utilities/build/intermediates/incremental/lintAnalyzeDebug/module.xml
2025-11-20 10:17:46,356 - Knowledge - INFO - Fast-tracked /app/data/tataelxsimockapisolutions5451/313/b861537/mytv-ott-hello-world-android-tv-91585-319/android_tv_frontend/comm_and_push.sh (ext=.sh, size=42)
2025-11-20 10:17:46,460 - Knowledge - INFO - Worker kw9 processing /app/data/tataelxsimockapisolutions5451/313/b861537/mytv-ott-hello-world-android-tv-91585-319/android_tv_frontend/ANDROID_PROJECT_ROOT.md
2025-11-20 10:17:46,548 - Knowledge - INFO - Fast-tracked /app/data/tataelxsimockapisolutions5451/313/b861537/mytv-ott-hello-world-android-tv-91585-319/android_tv_frontend/app/src/main/res/layout/activity_main.xml (ext=.xml, size=1854)
2025-11-20 10:17:46,624 - Knowledge - INFO - Worker kw11 processing /app/data/tataelxsimockapisolutions5451/313/b861537/mytv-ott-hello-world-android-tv-91585-319/android_tv_frontend/build.gradle.kts
2025-11-20 10:17:46,709 - Knowledge - INFO - Fast-tracked /app/data/tataelxsimockapisolutions5451/313/b861537/mytv-ott-hello-world-android-tv-91585-319/android_tv_frontend/app/src/main/res/layout/activity_login.xml (ext=.xml, size=6660)
2025-11-20 10:17:46,831 - Knowledge - INFO - Worker kw13 processing /app/data/tataelxsimockapisolutions5451/313/b861537/mytv-ott-hello-world-android-tv-91585-319/android_tv_frontend/list/build/intermediates/annotation_processor_list/release/javaPreCompileRelease/annotationProcessors.json
2025-11-20 10:17:46,931 - Knowledge - INFO - Batch sizing: calculated=10, max_allowed=25, queue=45, active_workers=13/15
2025-11-20 10:17:47,042 - Knowledge - INFO - [kw15] Queue=35, InProgress=0, PendingWorkers=13/15, Completed=0/181 (0.0%)
2025-11-20 10:17:47,161 - Knowledge - INFO - knowledge worker kw16 start
2025-11-20 10:17:47,161 - Knowledge - INFO - Worker kw17 created using shared MongoDB connection pool
2025-11-20 10:17:47,264 - Knowledge - INFO - Worker kw1 processing /app/data/tataelxsimockapisolutions5451/313/b861537/mytv-ott-hello-world-android-tv-91585-319/android_tv_frontend/utilities/src/main/kotlin/org/example/utilities/StringUtils.kt
2025-11-20 10:17:47,371 - Knowledge - INFO - Worker kw2 processing /app/data/tataelxsimockapisolutions5451/313/b861537/mytv-ott-hello-world-android-tv-91585-319/android_tv_frontend/install.sh
2025-11-20 10:17:47,458 - Knowledge - INFO - Fast-tracked /app/data/tataelxsimockapisolutions5451/313/b861537/mytv-ott-hello-world-android-tv-91585-319/android_tv_frontend/app/src/main/res/drawable/ic_audio_subtitle.xml (ext=.xml, size=485)
2025-11-20 10:17:47,545 - Knowledge - INFO - Worker kw4 processing /app/data/tataelxsimockapisolutions5451/313/b861537/mytv-ott-hello-world-android-tv-91585-319/android_tv_frontend/app/src/main/res/drawable/sub_prime.xml
2025-11-20 10:17:47,637 - Knowledge - INFO - Fast-tracked /app/data/tataelxsimockapisolutions5451/313/b861537/mytv-ott-hello-world-android-tv-91585-319/android_tv_frontend/utilities/build/intermediates/android_test_lint_model/debug/generateDebugAndroidTestLintModel/debug.xml (ext=.xml, size=1367)
2025-11-20 10:17:47,744 - Knowledge - INFO - Worker kw6 processing /app/data/tataelxsimockapisolutions5451/313/b861537/mytv-ott-hello-world-android-tv-91585-319/android_tv_frontend/list/consumer-rules.pro
2025-11-20 10:17:47,819 - Knowledge - INFO - Fast-tracked /app/data/tataelxsimockapisolutions5451/313/b861537/mytv-ott-hello-world-android-tv-91585-319/android_tv_frontend/utilities/build/intermediates/incremental/lintAnalyzeDebug/module.xml (ext=.xml, size=670)
2025-11-20 10:17:47,907 - Knowledge - INFO - Worker kw8 processing /app/data/tataelxsimockapisolutions5451/313/b861537/mytv-ott-hello-world-android-tv-91585-319/android_tv_frontend/app/src/main/java/com/example/tv/ui/home/HomeActivity.kt
2025-11-20 10:17:47,989 - Knowledge - INFO - Fast-tracked /app/data/tataelxsimockapisolutions5451/313/b861537/mytv-ott-hello-world-android-tv-91585-319/android_tv_frontend/ANDROID_PROJECT_ROOT.md (ext=.md, size=345)
2025-11-20 10:17:48,104 - Knowledge - INFO - Worker kw10 processing /app/data/tataelxsimockapisolutions5451/313/b861537/mytv-ott-hello-world-android-tv-91585-319/android_tv_frontend/utilities/build/reports/lint-results-debug.xml
2025-11-20 10:17:48,193 - Knowledge - INFO - Fast-tracked /app/data/tataelxsimockapisolutions5451/313/b861537/mytv-ott-hello-world-android-tv-91585-319/android_tv_frontend/build.gradle.kts (ext=.kts, size=386)
2025-11-20 10:17:48,276 - Knowledge - INFO - Worker kw12 processing /app/data/tataelxsimockapisolutions5451/313/b861537/mytv-ott-hello-world-android-tv-91585-319/android_tv_frontend/list/build/intermediates/incremental/lintAnalyzeDebugAndroidTest/debug-artifact-libraries.xml
2025-11-20 10:17:48,387 - Knowledge - INFO - Fast-tracked /app/data/tataelxsimockapisolutions5451/313/b861537/mytv-ott-hello-world-android-tv-91585-319/android_tv_frontend/list/build/intermediates/annotation_processor_list/release/javaPreCompileRelease/annotationProcessors.json (ext=.json, size=2)
2025-11-20 10:17:48,468 - Knowledge - INFO - Worker kw14 processing /app/data/tataelxsimockapisolutions5451/313/b861537/mytv-ott-hello-world-android-tv-91585-319/android_tv_frontend/list/src/main/kotlin/org/example/list/LinkedList.kt
2025-11-20 10:17:48,581 - Knowledge - INFO - Batch sizing: calculated=10, max_allowed=25, queue=35, active_workers=14/16
2025-11-20 10:17:48,656 - Knowledge - INFO - [kw16] Queue=25, InProgress=0, PendingWorkers=14/16, Completed=0/181 (0.0%)
2025-11-20 10:17:48,757 - Knowledge - INFO - knowledge worker kw17 start
2025-11-20 10:17:48,757 - Knowledge - INFO - Worker kw18 created using shared MongoDB connection pool
2025-11-20 10:17:48,849 - Knowledge - INFO - Fast-tracked /app/data/tataelxsimockapisolutions5451/313/b861537/mytv-ott-hello-world-android-tv-91585-319/android_tv_frontend/utilities/src/main/kotlin/org/example/utilities/StringUtils.kt (ext=.kt, size=268)
2025-11-20 10:17:48,926 - Knowledge - INFO - Fast-tracked /app/data/tataelxsimockapisolutions5451/313/b861537/mytv-ott-hello-world-android-tv-91585-319/android_tv_frontend/install.sh (ext=.sh, size=492)
2025-11-20 10:17:49,042 - Knowledge - INFO - Worker kw3 processing /app/data/tataelxsimockapisolutions5451/313/b861537/mytv-ott-hello-world-android-tv-91585-319/android_tv_frontend/app/src/main/res/values/strings.xml
2025-11-20 10:17:49,174 - Knowledge - INFO - Fast-tracked /app/data/tataelxsimockapisolutions5451/313/b861537/mytv-ott-hello-world-android-tv-91585-319/android_tv_frontend/app/src/main/res/drawable/sub_prime.xml (ext=.xml, size=493)
2025-11-20 10:17:49,255 - Knowledge - INFO - Worker kw5 processing /app/data/tataelxsimockapisolutions5451/313/b861537/mytv-ott-hello-world-android-tv-91585-319/android_tv_frontend/app/src/main/res/layout/view_rail.xml
2025-11-20 10:17:49,356 - Knowledge - INFO - Fast-tracked /app/data/tataelxsimockapisolutions5451/313/b861537/mytv-ott-hello-world-android-tv-91585-319/android_tv_frontend/list/consumer-rules.pro (ext=.pro, size=20)
2025-11-20 10:17:49,470 - Knowledge - INFO - Worker kw7 processing /app/data/tataelxsimockapisolutions5451/313/b861537/mytv-ott-hello-world-android-tv-91585-319/android_tv_frontend/utilities/build/intermediates/incremental/lintAnalyzeDebugUnitTest/debug-artifact-dependencies.xml
2025-11-20 10:17:49,559 - Knowledge - INFO - Worker kw8 processing /app/data/tataelxsimockapisolutions5451/313/b861537/mytv-ott-hello-world-android-tv-91585-319/android_tv_frontend/app/src/main/res/drawable/thumb_3.xml
2025-11-20 10:17:49,642 - Knowledge - INFO - Worker kw9 processing /app/data/tataelxsimockapisolutions5451/313/b861537/mytv-ott-hello-world-android-tv-91585-319/android_tv_frontend/utilities/build/intermediates/incremental/mergeDebugShaders/merger.xml
2025-11-20 10:17:49,730 - Knowledge - INFO - Fast-tracked /app/data/tataelxsimockapisolutions5451/313/b861537/mytv-ott-hello-world-android-tv-91585-319/android_tv_frontend/utilities/build/reports/lint-results-debug.xml (ext=.xml, size=2879)
2025-11-20 10:17:49,816 - Knowledge - INFO - Worker kw11 processing /app/data/tataelxsimockapisolutions5451/313/b861537/mytv-ott-hello-world-android-tv-91585-319/android_tv_frontend/app/src/main/res/color/loader_blue_color.xml
2025-11-20 10:17:49,897 - Knowledge - INFO - Fast-tracked /app/data/tataelxsimockapisolutions5451/313/b861537/mytv-ott-hello-world-android-tv-91585-319/android_tv_frontend/list/build/intermediates/incremental/lintAnalyzeDebugAndroidTest/debug-artifact-libraries.xml (ext=.xml, size=1569)
2025-11-20 10:17:49,987 - Knowledge - INFO - Worker kw13 processing /app/data/tataelxsimockapisolutions5451/313/b861537/mytv-ott-hello-world-android-tv-91585-319/android_tv_frontend/app/src/main/java/com/example/tv/data/api/dto/ShowDto.kt
2025-11-20 10:17:50,098 - Knowledge - INFO - Fast-tracked /app/data/tataelxsimockapisolutions5451/313/b861537/mytv-ott-hello-world-android-tv-91585-319/android_tv_frontend/list/src/main/kotlin/org/example/list/LinkedList.kt (ext=.kt, size=1777)
2025-11-20 10:17:50,189 - Knowledge - INFO - Worker kw15 processing /app/data/tataelxsimockapisolutions5451/313/b861537/mytv-ott-hello-world-android-tv-91585-319/android_tv_frontend/utilities/build/intermediates/incremental/lintAnalyzeDebugUnitTest/debug.xml
2025-11-20 10:17:50,306 - Knowledge - INFO - Batch sizing: calculated=10, max_allowed=25, queue=25, active_workers=15/17
2025-11-20 10:17:50,421 - Knowledge - INFO - [kw17] Queue=15, InProgress=0, PendingWorkers=15/17, Completed=0/181 (0.0%)
2025-11-20 10:17:50,508 - Knowledge - INFO - knowledge worker kw18 start
2025-11-20 10:17:50,509 - Knowledge - INFO - Worker kw19 created using shared MongoDB connection pool
2025-11-20 10:17:50,593 - Knowledge - INFO - Worker kw1 processing /app/data/tataelxsimockapisolutions5451/313/b861537/mytv-ott-hello-world-android-tv-91585-319/android_tv_frontend/app/src/main/res/values/missing_theme_resources.xml
2025-11-20 10:17:50,666 - Knowledge - INFO - Worker kw2 processing /app/data/tataelxsimockapisolutions5451/313/b861537/mytv-ott-hello-world-android-tv-91585-319/android_tv_frontend/list/build/intermediates/lint-cache/lintAnalyzeDebug/maven.google/master-index.xml
2025-11-20 10:17:50,764 - Knowledge - INFO - Fast-tracked /app/data/tataelxsimockapisolutions5451/313/b861537/mytv-ott-hello-world-android-tv-91585-319/android_tv_frontend/app/src/main/res/values/strings.xml (ext=.xml, size=2011)
2025-11-20 10:17:50,908 - Knowledge - INFO - Worker kw4 processing /app/data/tataelxsimockapisolutions5451/313/b861537/mytv-ott-hello-world-android-tv-91585-319/android_tv_frontend/list/build/intermediates/aapt_friendly_merged_manifests/debug/processDebugManifest/aapt/output-metadata.json
2025-11-20 10:17:51,014 - Knowledge - INFO - Fast-tracked /app/data/tataelxsimockapisolutions5451/313/b861537/mytv-ott-hello-world-android-tv-91585-319/android_tv_frontend/app/src/main/res/layout/view_rail.xml (ext=.xml, size=1506)
2025-11-20 10:17:51,106 - Knowledge - INFO - Worker kw6 processing /app/data/tataelxsimockapisolutions5451/313/b861537/mytv-ott-hello-world-android-tv-91585-319/android_tv_frontend/utilities/build/intermediates/incremental/lintAnalyzeDebug/debug-artifact-dependencies.xml
2025-11-20 10:17:51,229 - Knowledge - INFO - Fast-tracked /app/data/tataelxsimockapisolutions5451/313/b861537/mytv-ott-hello-world-android-tv-91585-319/android_tv_frontend/utilities/build/intermediates/incremental/lintAnalyzeDebugUnitTest/debug-artifact-dependencies.xml (ext=.xml, size=1603)
2025-11-20 10:17:51,341 - Knowledge - INFO - Fast-tracked /app/data/tataelxsimockapisolutions5451/313/b861537/mytv-ott-hello-world-android-tv-91585-319/android_tv_frontend/app/src/main/res/drawable/thumb_3.xml (ext=.xml, size=463)
2025-11-20 10:17:51,457 - Knowledge - INFO - Fast-tracked /app/data/tataelxsimockapisolutions5451/313/b861537/mytv-ott-hello-world-android-tv-91585-319/android_tv_frontend/utilities/build/intermediates/incremental/mergeDebugShaders/merger.xml (ext=.xml, size=608)
2025-11-20 10:17:51,574 - Knowledge - INFO - Worker kw10 processing /app/data/tataelxsimockapisolutions5451/313/b861537/mytv-ott-hello-world-android-tv-91585-319/android_tv_frontend/utilities/build/intermediates/android_test_lint_model/debug/generateDebugAndroidTestLintModel/module.xml
2025-11-20 10:17:51,659 - Knowledge - INFO - Fast-tracked /app/data/tataelxsimockapisolutions5451/313/b861537/mytv-ott-hello-world-android-tv-91585-319/android_tv_frontend/app/src/main/res/color/loader_blue_color.xml (ext=.xml, size=229)
2025-11-20 10:17:51,770 - Knowledge - INFO - Worker kw12 processing /app/data/tataelxsimockapisolutions5451/313/b861537/mytv-ott-hello-world-android-tv-91585-319/android_tv_frontend/list/build/reports/lint-results-debug.html
2025-11-20 10:17:51,890 - Knowledge - INFO - Fast-tracked /app/data/tataelxsimockapisolutions5451/313/b861537/mytv-ott-hello-world-android-tv-91585-319/android_tv_frontend/app/src/main/java/com/example/tv/data/api/dto/ShowDto.kt (ext=.kt, size=247)
2025-11-20 10:17:51,995 - Knowledge - INFO - Worker kw14 processing /app/data/tataelxsimockapisolutions5451/313/b861537/mytv-ott-hello-world-android-tv-91585-319/android_tv_frontend/tasks.gradle
2025-11-20 10:17:52,079 - Knowledge - INFO - Fast-tracked /app/data/tataelxsimockapisolutions5451/313/b861537/mytv-ott-hello-world-android-tv-91585-319/android_tv_frontend/utilities/build/intermediates/incremental/lintAnalyzeDebugUnitTest/debug.xml (ext=.xml, size=1018)
2025-11-20 10:17:52,184 - Knowledge - INFO - Worker kw16 processing /app/data/tataelxsimockapisolutions5451/313/b861537/mytv-ott-hello-world-android-tv-91585-319/android_tv_frontend/app/src/main/res/values/missing_nord_colors.xml
2025-11-20 10:17:52,264 - Knowledge - INFO - Batch sizing: calculated=10, max_allowed=25, queue=15, active_workers=16/18
2025-11-20 10:17:52,384 - Knowledge - INFO - [kw18] Queue=5, InProgress=0, PendingWorkers=16/18, Completed=0/181 (0.0%)
2025-11-20 10:17:52,465 - Knowledge - INFO - knowledge worker kw19 start
2025-11-20 10:17:52,465 - Knowledge - INFO - Worker kw20 created using shared MongoDB connection pool
2025-11-20 10:17:52,556 - Knowledge - INFO - Fast-tracked /app/data/tataelxsimockapisolutions5451/313/b861537/mytv-ott-hello-world-android-tv-91585-319/android_tv_frontend/app/src/main/res/values/missing_theme_resources.xml (ext=.xml, size=711)
2025-11-20 10:17:52,628 - Knowledge - INFO - Fast-tracked /app/data/tataelxsimockapisolutions5451/313/b861537/mytv-ott-hello-world-android-tv-91585-319/android_tv_frontend/list/build/intermediates/lint-cache/lintAnalyzeDebug/maven.google/master-index.xml (ext=.xml, size=9656)
2025-11-20 10:17:52,739 - Knowledge - INFO - Worker kw3 processing /app/data/tataelxsimockapisolutions5451/313/b861537/mytv-ott-hello-world-android-tv-91585-319/android_tv_frontend/utilities/build/intermediates/incremental/lintAnalyzeDebug/debug-artifact-libraries.xml
2025-11-20 10:17:52,859 - Knowledge - INFO - Fast-tracked /app/data/tataelxsimockapisolutions5451/313/b861537/mytv-ott-hello-world-android-tv-91585-319/android_tv_frontend/list/build/intermediates/aapt_friendly_merged_manifests/debug/processDebugManifest/aapt/output-metadata.json (ext=.json, size=347)
2025-11-20 10:17:52,967 - Knowledge - INFO - Worker kw5 processing /app/data/tataelxsimockapisolutions5451/313/b861537/mytv-ott-hello-world-android-tv-91585-319/android_tv_frontend/app/src/main/AndroidManifest.xml
2025-11-20 10:17:53,063 - Knowledge - INFO - Fast-tracked /app/data/tataelxsimockapisolutions5451/313/b861537/mytv-ott-hello-world-android-tv-91585-319/android_tv_frontend/utilities/build/intermediates/incremental/lintAnalyzeDebug/debug-artifact-dependencies.xml (ext=.xml, size=1351)
2025-11-20 10:17:53,141 - Knowledge - INFO - Worker kw7 processing /app/data/tataelxsimockapisolutions5451/313/b861537/mytv-ott-hello-world-android-tv-91585-319/android_tv_frontend/app/src/main/res/values/nord_additional_colors.xml
2025-11-20 10:17:53,255 - Knowledge - INFO - Worker kw8 processing /app/data/tataelxsimockapisolutions5451/313/b861537/mytv-ott-hello-world-android-tv-91585-319/android_tv_frontend/app/src/main/res/drawable/sub_disney.xml
2025-11-20 10:17:53,334 - Knowledge - INFO - Worker kw9 processing /app/data/tataelxsimockapisolutions5451/313/b861537/mytv-ott-hello-world-android-tv-91585-319/android_tv_frontend/reset_branch.sh
2025-11-20 10:17:53,457 - Knowledge - INFO - Fast-tracked /app/data/tataelxsimockapisolutions5451/313/b861537/mytv-ott-hello-world-android-tv-91585-319/android_tv_frontend/utilities/build/intermediates/android_test_lint_model/debug/generateDebugAndroidTestLintModel/module.xml (ext=.xml, size=670)
2025-11-20 10:17:53,547 - Knowledge - INFO - Worker kw11 processing /app/data/tataelxsimockapisolutions5451/313/b861537/mytv-ott-hello-world-android-tv-91585-319/android_tv_frontend/README.md
2025-11-20 10:17:53,638 - Knowledge - INFO - Worker kw12 processing /app/data/tataelxsimockapisolutions5451/313/b861537/mytv-ott-hello-world-android-tv-91585-319/android_tv_frontend/app/src/main/java/com/example/tv/ui/home/HomeViewModel.kt
2025-11-20 10:17:53,748 - Knowledge - INFO - Worker kw13 processing /app/data/tataelxsimockapisolutions5451/313/b861537/mytv-ott-hello-world-android-tv-91585-319/android_tv_frontend/list/build/intermediates/annotation_processor_list/releaseUnitTest/javaPreCompileReleaseUnitTest/annotationProcessors.json
2025-11-20 10:17:53,846 - Knowledge - INFO - Fast-tracked /app/data/tataelxsimockapisolutions5451/313/b861537/mytv-ott-hello-world-android-tv-91585-319/android_tv_frontend/tasks.gradle (ext=.gradle, size=723)
2025-11-20 10:17:53,930 - Knowledge - INFO - Worker kw15 processing /app/data/tataelxsimockapisolutions5451/313/b861537/mytv-ott-hello-world-android-tv-91585-319/android_tv_frontend/list/build/intermediates/unit_test_lint_model/debug/generateDebugUnitTestLintModel/module.xml
2025-11-20 10:17:54,043 - Knowledge - INFO - Fast-tracked /app/data/tataelxsimockapisolutions5451/313/b861537/mytv-ott-hello-world-android-tv-91585-319/android_tv_frontend/app/src/main/res/values/missing_nord_colors.xml (ext=.xml, size=638)
2025-11-20 10:17:54,142 - Knowledge - INFO - Worker kw17 processing /app/data/tataelxsimockapisolutions5451/313/b861537/mytv-ott-hello-world-android-tv-91585-319/android_tv_frontend/utilities/build/intermediates/annotation_processor_list/debug/javaPreCompileDebug/annotationProcessors.json
2025-11-20 10:17:54,232 - Knowledge - INFO - Batch sizing: calculated=5, max_allowed=25, queue=5, active_workers=17/19
2025-11-20 10:17:54,421 - Knowledge - INFO - knowledge worker kw20 start
2025-11-20 10:17:54,525 - Knowledge - INFO - Worker kw1 processing /app/data/tataelxsimockapisolutions5451/313/b861537/mytv-ott-hello-world-android-tv-91585-319/android_tv_frontend/app/src/main/java/com/example/tv/ui/home/ImageCacheUtils.kt
2025-11-20 10:17:54,623 - Knowledge - INFO - Worker kw2 processing /app/data/tataelxsimockapisolutions5451/313/b861537/mytv-ott-hello-world-android-tv-91585-319/android_tv_frontend/app/src/main/java/com/example/tv/ui/SplashActivity.kt
2025-11-20 10:17:54,775 - Knowledge - INFO - Fast-tracked /app/data/tataelxsimockapisolutions5451/313/b861537/mytv-ott-hello-world-android-tv-91585-319/android_tv_frontend/utilities/build/intermediates/incremental/lintAnalyzeDebug/debug-artifact-libraries.xml (ext=.xml, size=1755)
2025-11-20 10:17:54,910 - Knowledge - INFO - Worker kw4 processing /app/data/tataelxsimockapisolutions5451/313/b861537/mytv-ott-hello-world-android-tv-91585-319/android_tv_frontend/utilities/build/intermediates/aapt_friendly_merged_manifests/debug/processDebugManifest/aapt/output-metadata.json
2025-11-20 10:17:55,026 - Knowledge - INFO - Fast-tracked /app/data/tataelxsimockapisolutions5451/313/b861537/mytv-ott-hello-world-android-tv-91585-319/android_tv_frontend/app/src/main/AndroidManifest.xml (ext=.xml, size=2111)
2025-11-20 10:17:55,123 - Knowledge - INFO - Worker kw6 processing /app/data/tataelxsimockapisolutions5451/313/b861537/mytv-ott-hello-world-android-tv-91585-319/android_tv_frontend/list/build/intermediates/incremental/lintAnalyzeDebugUnitTest/module.xml
2025-11-20 10:17:55,274 - Knowledge - INFO - Fast-tracked /app/data/tataelxsimockapisolutions5451/313/b861537/mytv-ott-hello-world-android-tv-91585-319/android_tv_frontend/app/src/main/res/values/nord_additional_colors.xml (ext=.xml, size=219)
2025-11-20 10:17:55,399 - Knowledge - INFO - Fast-tracked /app/data/tataelxsimockapisolutions5451/313/b861537/mytv-ott-hello-world-android-tv-91585-319/android_tv_frontend/app/src/main/res/drawable/sub_disney.xml (ext=.xml, size=471)
2025-11-20 10:17:55,529 - Knowledge - INFO - Fast-tracked /app/data/tataelxsimockapisolutions5451/313/b861537/mytv-ott-hello-world-android-tv-91585-319/android_tv_frontend/reset_branch.sh (ext=.sh, size=980)
2025-11-20 10:17:55,672 - Knowledge - INFO - Worker kw10 processing /app/data/tataelxsimockapisolutions5451/313/b861537/mytv-ott-hello-world-android-tv-91585-319/android_tv_frontend/list/build/intermediates/android_test_lint_model/debug/generateDebugAndroidTestLintModel/debug-artifact-dependencies.xml
2025-11-20 10:17:55,780 - Knowledge - INFO - Fast-tracked /app/data/tataelxsimockapisolutions5451/313/b861537/mytv-ott-hello-world-android-tv-91585-319/android_tv_frontend/README.md (ext=.md, size=368)
2025-11-20 10:17:55,920 - Knowledge - INFO - Worker kw12 processing /app/data/tataelxsimockapisolutions5451/313/b861537/mytv-ott-hello-world-android-tv-91585-319/android_tv_frontend/utilities/build/intermediates/unit_test_lint_model/debug/generateDebugUnitTestLintModel/debug-artifact-libraries.xml
2025-11-20 10:17:56,016 - Knowledge - INFO - Fast-tracked /app/data/tataelxsimockapisolutions5451/313/b861537/mytv-ott-hello-world-android-tv-91585-319/android_tv_frontend/list/build/intermediates/annotation_processor_list/releaseUnitTest/javaPreCompileReleaseUnitTest/annotationProcessors.json (ext=.json, size=2)
2025-11-20 10:17:56,113 - Knowledge - INFO - Worker kw14 processing /app/data/tataelxsimockapisolutions5451/313/b861537/mytv-ott-hello-world-android-tv-91585-319/android_tv_frontend/app/src/main/res/drawable/banner_tv.xml
2025-11-20 10:17:56,263 - Knowledge - INFO - Fast-tracked /app/data/tataelxsimockapisolutions5451/313/b861537/mytv-ott-hello-world-android-tv-91585-319/android_tv_frontend/list/build/intermediates/unit_test_lint_model/debug/generateDebugUnitTestLintModel/module.xml (ext=.xml, size=655)
2025-11-20 10:17:56,366 - Knowledge - INFO - Worker kw16 processing /app/data/tataelxsimockapisolutions5451/313/b861537/mytv-ott-hello-world-android-tv-91585-319/android_tv_frontend/utilities/build/intermediates/lint_report_lint_model/debug/generateDebugLintReportModel/debug.xml
2025-11-20 10:17:56,461 - Knowledge - INFO - Fast-tracked /app/data/tataelxsimockapisolutions5451/313/b861537/mytv-ott-hello-world-android-tv-91585-319/android_tv_frontend/utilities/build/intermediates/annotation_processor_list/debug/javaPreCompileDebug/annotationProcessors.json (ext=.json, size=2)
2025-11-20 10:17:56,761 - Knowledge - INFO - Fast-tracked /app/data/tataelxsimockapisolutions5451/313/b861537/mytv-ott-hello-world-android-tv-91585-319/android_tv_frontend/app/src/main/java/com/example/tv/ui/home/ImageCacheUtils.kt (ext=.kt, size=1699)
2025-11-20 10:17:56,855 - Knowledge - INFO - Fast-tracked /app/data/tataelxsimockapisolutions5451/313/b861537/mytv-ott-hello-world-android-tv-91585-319/android_tv_frontend/app/src/main/java/com/example/tv/ui/SplashActivity.kt (ext=.kt, size=1463)
2025-11-20 10:17:56,944 - Knowledge - INFO - Worker kw3 processing /app/data/tataelxsimockapisolutions5451/313/b861537/mytv-ott-hello-world-android-tv-91585-319/android_tv_frontend/list/build/intermediates/lint_report_lint_model/debug/generateDebugLintReportModel/debug-artifact-libraries.xml
2025-11-20 10:17:57,046 - Knowledge - INFO - Fast-tracked /app/data/tataelxsimockapisolutions5451/313/b861537/mytv-ott-hello-world-android-tv-91585-319/android_tv_frontend/utilities/build/intermediates/aapt_friendly_merged_manifests/debug/processDebugManifest/aapt/output-metadata.json (ext=.json, size=352)
2025-11-20 10:17:57,130 - Knowledge - INFO - Worker kw5 processing /app/data/tataelxsimockapisolutions5451/313/b861537/mytv-ott-hello-world-android-tv-91585-319/android_tv_frontend/settings.gradle.kts
2025-11-20 10:17:57,227 - Knowledge - INFO - Fast-tracked /app/data/tataelxsimockapisolutions5451/313/b861537/mytv-ott-hello-world-android-tv-91585-319/android_tv_frontend/list/build/intermediates/incremental/lintAnalyzeDebugUnitTest/module.xml (ext=.xml, size=655)
2025-11-20 10:17:57,306 - Knowledge - INFO - Worker kw7 processing /app/data/tataelxsimockapisolutions5451/313/b861537/mytv-ott-hello-world-android-tv-91585-319/android_tv_frontend/app/src/main/java/com/example/tv/TVApp.kt
2025-11-20 10:17:57,399 - Knowledge - INFO - Worker kw8 processing /app/data/tataelxsimockapisolutions5451/313/b861537/mytv-ott-hello-world-android-tv-91585-319/android_tv_frontend/utilities/build/intermediates/merged_manifest/debug/processDebugManifest/AndroidManifest.xml
2025-11-20 10:17:57,508 - Knowledge - INFO - Worker kw9 processing /app/data/tataelxsimockapisolutions5451/313/b861537/mytv-ott-hello-world-android-tv-91585-319/android_tv_frontend/app/src/main/res/font/reddit_sans.xml
2025-11-20 10:17:57,624 - Knowledge - INFO - Fast-tracked /app/data/tataelxsimockapisolutions5451/313/b861537/mytv-ott-hello-world-android-tv-91585-319/android_tv_frontend/list/build/intermediates/android_test_lint_model/debug/generateDebugAndroidTestLintModel/debug-artifact-dependencies.xml (ext=.xml, size=1351)
2025-11-20 10:17:57,739 - Knowledge - INFO - Worker kw11 processing /app/data/tataelxsimockapisolutions5451/313/b861537/mytv-ott-hello-world-android-tv-91585-319/android_tv_frontend/app/src/main/res/xml/leanback_launcher.xml
2025-11-20 10:17:57,849 - Knowledge - INFO - Fast-tracked /app/data/tataelxsimockapisolutions5451/313/b861537/mytv-ott-hello-world-android-tv-91585-319/android_tv_frontend/utilities/build/intermediates/unit_test_lint_model/debug/generateDebugUnitTestLintModel/debug-artifact-libraries.xml (ext=.xml, size=2266)
2025-11-20 10:17:57,929 - Knowledge - INFO - Worker kw13 processing /app/data/tataelxsimockapisolutions5451/313/b861537/mytv-ott-hello-world-android-tv-91585-319/android_tv_frontend/app/proguard-rules.pro
2025-11-20 10:17:58,041 - Knowledge - INFO - Fast-tracked /app/data/tataelxsimockapisolutions5451/313/b861537/mytv-ott-hello-world-android-tv-91585-319/android_tv_frontend/app/src/main/res/drawable/banner_tv.xml (ext=.xml, size=1157)
2025-11-20 10:17:58,120 - Knowledge - INFO - Worker kw15 processing /app/data/tataelxsimockapisolutions5451/313/b861537/mytv-ott-hello-world-android-tv-91585-319/android_tv_frontend/utilities/build/intermediates/incremental/lintAnalyzeDebugAndroidTest/module.xml
2025-11-20 10:17:58,215 - Knowledge - INFO - Fast-tracked /app/data/tataelxsimockapisolutions5451/313/b861537/mytv-ott-hello-world-android-tv-91585-319/android_tv_frontend/utilities/build/intermediates/lint_report_lint_model/debug/generateDebugLintReportModel/debug.xml (ext=.xml, size=1615)
2025-11-20 10:17:58,304 - Knowledge - INFO - Worker kw17 processing /app/data/tataelxsimockapisolutions5451/313/b861537/mytv-ott-hello-world-android-tv-91585-319/android_tv_frontend/list/build/intermediates/annotation_processor_list/debug/javaPreCompileDebug/annotationProcessors.json
2025-11-20 10:17:58,414 - Knowledge - INFO - Worker kw1 processing /app/data/tataelxsimockapisolutions5451/313/b861537/mytv-ott-hello-world-android-tv-91585-319/android_tv_frontend/app/src/main/res/values/more_nord_colors.xml
2025-11-20 10:17:58,497 - Knowledge - INFO - Worker kw2 processing /app/data/tataelxsimockapisolutions5451/313/b861537/mytv-ott-hello-world-android-tv-91585-319/android_tv_frontend/utilities/build/intermediates/incremental/lintAnalyzeDebugAndroidTest/debug.xml
2025-11-20 10:17:58,616 - Knowledge - INFO - Fast-tracked /app/data/tataelxsimockapisolutions5451/313/b861537/mytv-ott-hello-world-android-tv-91585-319/android_tv_frontend/list/build/intermediates/lint_report_lint_model/debug/generateDebugLintReportModel/debug-artifact-libraries.xml (ext=.xml, size=882)
2025-11-20 10:17:58,692 - Knowledge - INFO - Worker kw4 processing /app/data/tataelxsimockapisolutions5451/313/b861537/mytv-ott-hello-world-android-tv-91585-319/android_tv_frontend/app/src/main/res/layout/activity_content_info.xml
2025-11-20 10:17:58,777 - Knowledge - INFO - Fast-tracked /app/data/tataelxsimockapisolutions5451/313/b861537/mytv-ott-hello-world-android-tv-91585-319/android_tv_frontend/settings.gradle.kts (ext=.kts, size=379)
2025-11-20 10:17:58,876 - Knowledge - INFO - Worker kw6 processing /app/data/tataelxsimockapisolutions5451/313/b861537/mytv-ott-hello-world-android-tv-91585-319/android_tv_frontend/app/src/main/res/values/project_root_hint.xml
2025-11-20 10:17:58,973 - Knowledge - INFO - Fast-tracked /app/data/tataelxsimockapisolutions5451/313/b861537/mytv-ott-hello-world-android-tv-91585-319/android_tv_frontend/app/src/main/java/com/example/tv/TVApp.kt (ext=.kt, size=312)
2025-11-20 10:17:59,052 - Knowledge - INFO - Fast-tracked /app/data/tataelxsimockapisolutions5451/313/b861537/mytv-ott-hello-world-android-tv-91585-319/android_tv_frontend/utilities/build/intermediates/merged_manifest/debug/processDebugManifest/AndroidManifest.xml (ext=.xml, size=203)
2025-11-20 10:17:59,144 - Knowledge - INFO - Fast-tracked /app/data/tataelxsimockapisolutions5451/313/b861537/mytv-ott-hello-world-android-tv-91585-319/android_tv_frontend/app/src/main/res/font/reddit_sans.xml (ext=.xml, size=441)
2025-11-20 10:17:59,226 - Knowledge - INFO - Worker kw10 processing /app/data/tataelxsimockapisolutions5451/313/b861537/mytv-ott-hello-world-android-tv-91585-319/android_tv_frontend/list/build/intermediates/lint_model/debug/generateDebugLintModel/module.xml
2025-11-20 10:17:59,337 - Knowledge - INFO - Fast-tracked /app/data/tataelxsimockapisolutions5451/313/b861537/mytv-ott-hello-world-android-tv-91585-319/android_tv_frontend/app/src/main/res/xml/leanback_launcher.xml (ext=.xml, size=202)
2025-11-20 10:17:59,416 - Knowledge - INFO - Worker kw12 processing /app/data/tataelxsimockapisolutions5451/313/b861537/mytv-ott-hello-world-android-tv-91585-319/android_tv_frontend/move_apk.sh
2025-11-20 10:17:59,523 - Knowledge - INFO - Fast-tracked /app/data/tataelxsimockapisolutions5451/313/b861537/mytv-ott-hello-world-android-tv-91585-319/android_tv_frontend/app/proguard-rules.pro (ext=.pro, size=620)
2025-11-20 10:17:59,609 - Knowledge - INFO - Worker kw14 processing /app/data/tataelxsimockapisolutions5451/313/b861537/mytv-ott-hello-world-android-tv-91585-319/android_tv_frontend/app/src/main/res/layout/view_thumb_card.xml
2025-11-20 10:17:59,691 - Knowledge - INFO - Fast-tracked /app/data/tataelxsimockapisolutions5451/313/b861537/mytv-ott-hello-world-android-tv-91585-319/android_tv_frontend/utilities/build/intermediates/incremental/lintAnalyzeDebugAndroidTest/module.xml (ext=.xml, size=670)
2025-11-20 10:17:59,807 - Knowledge - INFO - Worker kw16 processing /app/data/tataelxsimockapisolutions5451/313/b861537/mytv-ott-hello-world-android-tv-91585-319/android_tv_frontend/list/build/intermediates/android_test_lint_model/debug/generateDebugAndroidTestLintModel/debug-artifact-libraries.xml
2025-11-20 10:17:59,907 - Knowledge - INFO - Fast-tracked /app/data/tataelxsimockapisolutions5451/313/b861537/mytv-ott-hello-world-android-tv-91585-319/android_tv_frontend/list/build/intermediates/annotation_processor_list/debug/javaPreCompileDebug/annotationProcessors.json (ext=.json, size=2)
2025-11-20 10:17:59,997 - Knowledge - INFO - Fast-tracked /app/data/tataelxsimockapisolutions5451/313/b861537/mytv-ott-hello-world-android-tv-91585-319/android_tv_frontend/app/src/main/res/values/more_nord_colors.xml (ext=.xml, size=230)
2025-11-20 10:18:00,082 - Knowledge - INFO - Fast-tracked /app/data/tataelxsimockapisolutions5451/313/b861537/mytv-ott-hello-world-android-tv-91585-319/android_tv_frontend/utilities/build/intermediates/incremental/lintAnalyzeDebugAndroidTest/debug.xml (ext=.xml, size=1439)
2025-11-20 10:18:00,158 - Knowledge - INFO - Worker kw3 processing /app/data/tataelxsimockapisolutions5451/313/b861537/mytv-ott-hello-world-android-tv-91585-319/android_tv_frontend/app/src/main/res/drawable/sub_net.xml
2025-11-20 10:18:00,247 - Knowledge - INFO - Fast-tracked /app/data/tataelxsimockapisolutions5451/313/b861537/mytv-ott-hello-world-android-tv-91585-319/android_tv_frontend/app/src/main/res/layout/activity_content_info.xml (ext=.xml, size=16261)
2025-11-20 10:18:00,347 - Knowledge - INFO - Worker kw5 processing /app/data/tataelxsimockapisolutions5451/313/b861537/mytv-ott-hello-world-android-tv-91585-319/android_tv_frontend/utilities/build/intermediates/lint_report_lint_model/debug/generateDebugLintReportModel/debug-artifact-dependencies.xml
2025-11-20 10:18:00,429 - Knowledge - INFO - Fast-tracked /app/data/tataelxsimockapisolutions5451/313/b861537/mytv-ott-hello-world-android-tv-91585-319/android_tv_frontend/app/src/main/res/values/project_root_hint.xml (ext=.xml, size=254)
2025-11-20 10:18:00,559 - Knowledge - INFO - Worker kw7 processing /app/data/tataelxsimockapisolutions5451/313/b861537/mytv-ott-hello-world-android-tv-91585-319/android_tv_frontend/utilities/build/intermediates/incremental/mergeDebugJniLibFolders/merger.xml
2025-11-20 10:18:00,638 - Knowledge - INFO - Worker kw8 processing /app/data/tataelxsimockapisolutions5451/313/b861537/mytv-ott-hello-world-android-tv-91585-319/android_tv_frontend/app/src/main/res/drawable/thumb_6.xml
2025-11-20 10:18:00,753 - Knowledge - INFO - Worker kw9 processing /app/data/tataelxsimockapisolutions5451/313/b861537/mytv-ott-hello-world-android-tv-91585-319/android_tv_frontend/utilities/src/main/kotlin/org/example/utilities/JoinUtils.kt
2025-11-20 10:18:00,844 - Knowledge - INFO - Fast-tracked /app/data/tataelxsimockapisolutions5451/313/b861537/mytv-ott-hello-world-android-tv-91585-319/android_tv_frontend/list/build/intermediates/lint_model/debug/generateDebugLintModel/module.xml (ext=.xml, size=655)
2025-11-20 10:18:00,941 - Knowledge - INFO - Worker kw11 processing /app/data/tataelxsimockapisolutions5451/313/b861537/mytv-ott-hello-world-android-tv-91585-319/android_tv_frontend/app/src/main/res/layout/activity_home.xml
2025-11-20 10:18:01,060 - Knowledge - INFO - Fast-tracked /app/data/tataelxsimockapisolutions5451/313/b861537/mytv-ott-hello-world-android-tv-91585-319/android_tv_frontend/move_apk.sh (ext=.sh, size=233)
2025-11-20 10:18:01,141 - Knowledge - INFO - Worker kw13 processing /app/data/tataelxsimockapisolutions5451/313/b861537/mytv-ott-hello-world-android-tv-91585-319/android_tv_frontend/app/src/main/java/com/example/tv/data/api/ApiModels.kt
2025-11-20 10:18:01,259 - Knowledge - INFO - Fast-tracked /app/data/tataelxsimockapisolutions5451/313/b861537/mytv-ott-hello-world-android-tv-91585-319/android_tv_frontend/app/src/main/res/layout/view_thumb_card.xml (ext=.xml, size=2359)
2025-11-20 10:18:01,372 - Knowledge - INFO - Worker kw15 processing /app/data/tataelxsimockapisolutions5451/313/b861537/mytv-ott-hello-world-android-tv-91585-319/android_tv_frontend/app/src/main/res/drawable/bg_content_info_gradient.xml
2025-11-20 10:18:01,459 - Knowledge - INFO - Fast-tracked /app/data/tataelxsimockapisolutions5451/313/b861537/mytv-ott-hello-world-android-tv-91585-319/android_tv_frontend/list/build/intermediates/android_test_lint_model/debug/generateDebugAndroidTestLintModel/debug-artifact-libraries.xml (ext=.xml, size=1569)
2025-11-20 10:18:01,573 - Knowledge - INFO - Worker kw17 processing /app/data/tataelxsimockapisolutions5451/313/b861537/mytv-ott-hello-world-android-tv-91585-319/android_tv_frontend/app/src/main/res/mipmap-anydpi-v26/ic_launcher_round.xml
2025-11-20 10:18:01,651 - Knowledge - INFO - Worker kw1 processing /app/data/tataelxsimockapisolutions5451/313/b861537/mytv-ott-hello-world-android-tv-91585-319/android_tv_frontend/utilities/build/intermediates/incremental/release/packageReleaseResources/merger.xml
2025-11-20 10:18:01,745 - Knowledge - INFO - Worker kw2 processing /app/data/tataelxsimockapisolutions5451/313/b861537/mytv-ott-hello-world-android-tv-91585-319/android_tv_frontend/app/src/main/res/mipmap-anydpi-v26/ic_launcher.xml
2025-11-20 10:18:01,861 - Knowledge - INFO - Fast-tracked /app/data/tataelxsimockapisolutions5451/313/b861537/mytv-ott-hello-world-android-tv-91585-319/android_tv_frontend/app/src/main/res/drawable/sub_net.xml (ext=.xml, size=540)
2025-11-20 10:18:01,924 - Knowledge - INFO - Worker kw4 processing /app/data/tataelxsimockapisolutions5451/313/b861537/mytv-ott-hello-world-android-tv-91585-319/android_tv_frontend/app/src/main/res/values/dimens.xml
2025-11-20 10:18:02,038 - Knowledge - INFO - Fast-tracked /app/data/tataelxsimockapisolutions5451/313/b861537/mytv-ott-hello-world-android-tv-91585-319/android_tv_frontend/utilities/build/intermediates/lint_report_lint_model/debug/generateDebugLintReportModel/debug-artifact-dependencies.xml (ext=.xml, size=1333)
2025-11-20 10:18:02,153 - Knowledge - INFO - Worker kw6 processing /app/data/tataelxsimockapisolutions5451/313/b861537/mytv-ott-hello-world-android-tv-91585-319/android_tv_frontend/utilities/build/intermediates/incremental/packageDebugAssets/merger.xml
2025-11-20 10:18:02,294 - Knowledge - INFO - Fast-tracked /app/data/tataelxsimockapisolutions5451/313/b861537/mytv-ott-hello-world-android-tv-91585-319/android_tv_frontend/utilities/build/intermediates/incremental/mergeDebugJniLibFolders/merger.xml (ext=.xml, size=608)
2025-11-20 10:18:02,413 - Knowledge - INFO - Fast-tracked /app/data/tataelxsimockapisolutions5451/313/b861537/mytv-ott-hello-world-android-tv-91585-319/android_tv_frontend/app/src/main/res/drawable/thumb_6.xml (ext=.xml, size=485)
2025-11-20 10:18:02,503 - Knowledge - INFO - Fast-tracked /app/data/tataelxsimockapisolutions5451/313/b861537/mytv-ott-hello-world-android-tv-91585-319/android_tv_frontend/utilities/src/main/kotlin/org/example/utilities/JoinUtils.kt (ext=.kt, size=432)
2025-11-20 10:18:02,591 - Knowledge - INFO - Worker kw10 processing /app/data/tataelxsimockapisolutions5451/313/b861537/mytv-ott-hello-world-android-tv-91585-319/android_tv_frontend/app/src/main/java/com/example/tv/data/api/NetworkConfig.kt
2025-11-20 10:18:02,679 - Knowledge - INFO - Fast-tracked /app/data/tataelxsimockapisolutions5451/313/b861537/mytv-ott-hello-world-android-tv-91585-319/android_tv_frontend/app/src/main/res/layout/activity_home.xml (ext=.xml, size=7736)
2025-11-20 10:18:02,801 - Knowledge - INFO - Worker kw12 processing /app/data/tataelxsimockapisolutions5451/313/b861537/mytv-ott-hello-world-android-tv-91585-319/android_tv_frontend/app/src/main/res/values/missing_dimens.xml
2025-11-20 10:18:02,893 - Knowledge - INFO - Fast-tracked /app/data/tataelxsimockapisolutions5451/313/b861537/mytv-ott-hello-world-android-tv-91585-319/android_tv_frontend/app/src/main/java/com/example/tv/data/api/ApiModels.kt (ext=.kt, size=746)
2025-11-20 10:18:02,979 - Knowledge - INFO - Worker kw14 processing /app/data/tataelxsimockapisolutions5451/313/b861537/mytv-ott-hello-world-android-tv-91585-319/android_tv_frontend/list/build/intermediates/incremental/lintAnalyzeDebugAndroidTest/debug-artifact-dependencies.xml
2025-11-20 10:18:03,086 - Knowledge - INFO - Fast-tracked /app/data/tataelxsimockapisolutions5451/313/b861537/mytv-ott-hello-world-android-tv-91585-319/android_tv_frontend/app/src/main/res/drawable/bg_content_info_gradient.xml (ext=.xml, size=402)
2025-11-20 10:18:03,195 - Knowledge - INFO - Worker kw16 processing /app/data/tataelxsimockapisolutions5451/313/b861537/mytv-ott-hello-world-android-tv-91585-319/android_tv_frontend/list/build/intermediates/lint_model/debug/generateDebugLintModel/debug-artifact-libraries.xml
2025-11-20 10:18:03,288 - Knowledge - INFO - Fast-tracked /app/data/tataelxsimockapisolutions5451/313/b861537/mytv-ott-hello-world-android-tv-91585-319/android_tv_frontend/app/src/main/res/mipmap-anydpi-v26/ic_launcher_round.xml (ext=.xml, size=268)
2025-11-20 10:18:03,395 - Knowledge - INFO - Fast-tracked /app/data/tataelxsimockapisolutions5451/313/b861537/mytv-ott-hello-world-android-tv-91585-319/android_tv_frontend/utilities/build/intermediates/incremental/release/packageReleaseResources/merger.xml (ext=.xml, size=2190)
2025-11-20 10:18:03,478 - Knowledge - INFO - Fast-tracked /app/data/tataelxsimockapisolutions5451/313/b861537/mytv-ott-hello-world-android-tv-91585-319/android_tv_frontend/app/src/main/res/mipmap-anydpi-v26/ic_launcher.xml (ext=.xml, size=338)
2025-11-20 10:18:03,588 - Knowledge - INFO - Worker kw3 processing /app/data/tataelxsimockapisolutions5451/313/b861537/mytv-ott-hello-world-android-tv-91585-319/android_tv_frontend/list/build/intermediates/incremental/lintAnalyzeDebug/debug-artifact-libraries.xml
2025-11-20 10:18:03,693 - Knowledge - INFO - Fast-tracked /app/data/tataelxsimockapisolutions5451/313/b861537/mytv-ott-hello-world-android-tv-91585-319/android_tv_frontend/app/src/main/res/values/dimens.xml (ext=.xml, size=241)
2025-11-20 10:18:03,811 - Knowledge - INFO - Worker kw5 processing /app/data/tataelxsimockapisolutions5451/313/b861537/mytv-ott-hello-world-android-tv-91585-319/android_tv_frontend/list/build/intermediates/incremental/packageDebugAssets/merger.xml
2025-11-20 10:18:03,926 - Knowledge - INFO - Fast-tracked /app/data/tataelxsimockapisolutions5451/313/b861537/mytv-ott-hello-world-android-tv-91585-319/android_tv_frontend/utilities/build/intermediates/incremental/packageDebugAssets/merger.xml (ext=.xml, size=927)
2025-11-20 10:18:04,024 - Knowledge - INFO - Worker kw7 processing /app/data/tataelxsimockapisolutions5451/313/b861537/mytv-ott-hello-world-android-tv-91585-319/android_tv_frontend/ANDROID_PROJECT_ROOT_README.md
2025-11-20 10:18:04,105 - Knowledge - INFO - Worker kw8 processing /app/data/tataelxsimockapisolutions5451/313/b861537/mytv-ott-hello-world-android-tv-91585-319/android_tv_frontend/list/build/intermediates/merged_manifest/debug/processDebugManifest/AndroidManifest.xml
2025-11-20 10:18:04,225 - Knowledge - INFO - Worker kw9 processing /app/data/tataelxsimockapisolutions5451/313/b861537/mytv-ott-hello-world-android-tv-91585-319/android_tv_frontend/utilities/build/intermediates/android_test_lint_model/debug/generateDebugAndroidTestLintModel/debug-artifact-dependencies.xml
2025-11-20 10:18:04,338 - Knowledge - INFO - Fast-tracked /app/data/tataelxsimockapisolutions5451/313/b861537/mytv-ott-hello-world-android-tv-91585-319/android_tv_frontend/app/src/main/java/com/example/tv/data/api/NetworkConfig.kt (ext=.kt, size=644)
2025-11-20 10:18:04,415 - Knowledge - INFO - Worker kw11 processing /app/data/tataelxsimockapisolutions5451/313/b861537/mytv-ott-hello-world-android-tv-91585-319/android_tv_frontend/list/build/intermediates/unit_test_lint_model/debug/generateDebugUnitTestLintModel/debug-artifact-libraries.xml
2025-11-20 10:18:04,497 - Knowledge - INFO - Fast-tracked /app/data/tataelxsimockapisolutions5451/313/b861537/mytv-ott-hello-world-android-tv-91585-319/android_tv_frontend/app/src/main/res/values/missing_dimens.xml (ext=.xml, size=271)
2025-11-20 10:18:04,573 - Knowledge - INFO - Worker kw13 processing /app/data/tataelxsimockapisolutions5451/313/b861537/mytv-ott-hello-world-android-tv-91585-319/android_tv_frontend/utilities/build/intermediates/annotation_processor_list/release/javaPreCompileRelease/annotationProcessors.json
2025-11-20 10:18:04,692 - Knowledge - INFO - Fast-tracked /app/data/tataelxsimockapisolutions5451/313/b861537/mytv-ott-hello-world-android-tv-91585-319/android_tv_frontend/list/build/intermediates/incremental/lintAnalyzeDebugAndroidTest/debug-artifact-dependencies.xml (ext=.xml, size=1351)
2025-11-20 10:18:04,791 - Knowledge - INFO - Worker kw15 processing /app/data/tataelxsimockapisolutions5451/313/b861537/mytv-ott-hello-world-android-tv-91585-319/android_tv_frontend/list/build/intermediates/unit_test_lint_model/debug/generateDebugUnitTestLintModel/debug-artifact-dependencies.xml
2025-11-20 10:18:04,881 - Knowledge - INFO - Fast-tracked /app/data/tataelxsimockapisolutions5451/313/b861537/mytv-ott-hello-world-android-tv-91585-319/android_tv_frontend/list/build/intermediates/lint_model/debug/generateDebugLintModel/debug-artifact-libraries.xml (ext=.xml, size=882)
2025-11-20 10:18:04,978 - Knowledge - INFO - Worker kw17 processing /app/data/tataelxsimockapisolutions5451/313/b861537/mytv-ott-hello-world-android-tv-91585-319/android_tv_frontend/app/src/main/res/layout/activity_splash.xml
2025-11-20 10:18:05,159 - Knowledge - INFO - Worker kw2 processing /app/data/tataelxsimockapisolutions5451/313/b861537/mytv-ott-hello-world-android-tv-91585-319/android_tv_frontend/list/build/intermediates/unit_test_lint_model/debug/generateDebugUnitTestLintModel/debug.xml
2025-11-20 10:18:05,278 - Knowledge - INFO - Fast-tracked /app/data/tataelxsimockapisolutions5451/313/b861537/mytv-ott-hello-world-android-tv-91585-319/android_tv_frontend/list/build/intermediates/incremental/lintAnalyzeDebug/debug-artifact-libraries.xml (ext=.xml, size=882)
2025-11-20 10:18:05,389 - Knowledge - INFO - Worker kw4 processing /app/data/tataelxsimockapisolutions5451/313/b861537/mytv-ott-hello-world-android-tv-91585-319/android_tv_frontend/list/build/intermediates/android_test_lint_model/debug/generateDebugAndroidTestLintModel/debug.xml
2025-11-20 10:18:05,505 - Knowledge - INFO - Fast-tracked /app/data/tataelxsimockapisolutions5451/313/b861537/mytv-ott-hello-world-android-tv-91585-319/android_tv_frontend/list/build/intermediates/incremental/packageDebugAssets/merger.xml (ext=.xml, size=912)
2025-11-20 10:18:05,591 - Knowledge - INFO - Worker kw6 processing /app/data/tataelxsimockapisolutions5451/313/b861537/mytv-ott-hello-world-android-tv-91585-319/android_tv_frontend/utilities/build/intermediates/lint_report_lint_model/debug/generateDebugLintReportModel/module.xml
2025-11-20 10:18:05,696 - Knowledge - INFO - Fast-tracked /app/data/tataelxsimockapisolutions5451/313/b861537/mytv-ott-hello-world-android-tv-91585-319/android_tv_frontend/ANDROID_PROJECT_ROOT_README.md (ext=.md, size=216)
2025-11-20 10:18:05,823 - Knowledge - INFO - Fast-tracked /app/data/tataelxsimockapisolutions5451/313/b861537/mytv-ott-hello-world-android-tv-91585-319/android_tv_frontend/list/build/intermediates/merged_manifest/debug/processDebugManifest/AndroidManifest.xml (ext=.xml, size=198)
2025-11-20 10:18:05,938 - Knowledge - INFO - Fast-tracked /app/data/tataelxsimockapisolutions5451/313/b861537/mytv-ott-hello-world-android-tv-91585-319/android_tv_frontend/utilities/build/intermediates/android_test_lint_model/debug/generateDebugAndroidTestLintModel/debug-artifact-dependencies.xml (ext=.xml, size=1603)
2025-11-20 10:18:06,027 - Knowledge - INFO - Worker kw10 processing /app/data/tataelxsimockapisolutions5451/313/b861537/mytv-ott-hello-world-android-tv-91585-319/android_tv_frontend/app/build.gradle
2025-11-20 10:18:06,295 - Knowledge - INFO - Fast-tracked /app/data/tataelxsimockapisolutions5451/313/b861537/mytv-ott-hello-world-android-tv-91585-319/android_tv_frontend/list/build/intermediates/unit_test_lint_model/debug/generateDebugUnitTestLintModel/debug-artifact-libraries.xml (ext=.xml, size=1569)
2025-11-20 10:18:06,400 - Knowledge - INFO - Worker kw12 processing /app/data/tataelxsimockapisolutions5451/313/b861537/mytv-ott-hello-world-android-tv-91585-319/android_tv_frontend/app/src/main/java/com/example/tv/data/api/dto/Mappers.kt
2025-11-20 10:18:06,481 - Knowledge - INFO - Fast-tracked /app/data/tataelxsimockapisolutions5451/313/b861537/mytv-ott-hello-world-android-tv-91585-319/android_tv_frontend/utilities/build/intermediates/annotation_processor_list/release/javaPreCompileRelease/annotationProcessors.json (ext=.json, size=2)
2025-11-20 10:18:06,577 - Knowledge - INFO - Worker kw14 processing /app/data/tataelxsimockapisolutions5451/313/b861537/mytv-ott-hello-world-android-tv-91585-319/android_tv_frontend/utilities/build/intermediates/unit_test_lint_model/debug/generateDebugUnitTestLintModel/module.xml
2025-11-20 10:18:06,675 - Knowledge - INFO - Fast-tracked /app/data/tataelxsimockapisolutions5451/313/b861537/mytv-ott-hello-world-android-tv-91585-319/android_tv_frontend/list/build/intermediates/unit_test_lint_model/debug/generateDebugUnitTestLintModel/debug-artifact-dependencies.xml (ext=.xml, size=1351)
2025-11-20 10:18:06,760 - Knowledge - INFO - Worker kw16 processing /app/data/tataelxsimockapisolutions5451/313/b861537/mytv-ott-hello-world-android-tv-91585-319/android_tv_frontend/utilities/build/intermediates/android_test_lint_model/debug/generateDebugAndroidTestLintModel/debug-artifact-libraries.xml
2025-11-20 10:18:06,832 - Knowledge - INFO - Fast-tracked /app/data/tataelxsimockapisolutions5451/313/b861537/mytv-ott-hello-world-android-tv-91585-319/android_tv_frontend/app/src/main/res/layout/activity_splash.xml (ext=.xml, size=751)
2025-11-20 10:18:06,952 - Knowledge - INFO - Fast-tracked /app/data/tataelxsimockapisolutions5451/313/b861537/mytv-ott-hello-world-android-tv-91585-319/android_tv_frontend/list/build/intermediates/unit_test_lint_model/debug/generateDebugUnitTestLintModel/debug.xml (ext=.xml, size=941)
2025-11-20 10:18:07,043 - Knowledge - INFO - Worker kw3 processing /app/data/tataelxsimockapisolutions5451/313/b861537/mytv-ott-hello-world-android-tv-91585-319/android_tv_frontend/utilities/build/intermediates/lint_report_lint_model/debug/generateDebugLintReportModel/debug-artifact-libraries.xml
2025-11-20 10:18:07,135 - Knowledge - INFO - Fast-tracked /app/data/tataelxsimockapisolutions5451/313/b861537/mytv-ott-hello-world-android-tv-91585-319/android_tv_frontend/list/build/intermediates/android_test_lint_model/debug/generateDebugAndroidTestLintModel/debug.xml (ext=.xml, size=1357)
2025-11-20 10:18:07,222 - Knowledge - INFO - Worker kw5 processing /app/data/tataelxsimockapisolutions5451/313/b861537/mytv-ott-hello-world-android-tv-91585-319/android_tv_frontend/utilities/consumer-rules.pro
2025-11-20 10:18:07,316 - Knowledge - INFO - Fast-tracked /app/data/tataelxsimockapisolutions5451/313/b861537/mytv-ott-hello-world-android-tv-91585-319/android_tv_frontend/utilities/build/intermediates/lint_report_lint_model/debug/generateDebugLintReportModel/module.xml (ext=.xml, size=670)
2025-11-20 10:18:07,405 - Knowledge - INFO - Worker kw7 processing /app/data/tataelxsimockapisolutions5451/313/b861537/mytv-ott-hello-world-android-tv-91585-319/android_tv_frontend/list/build/intermediates/incremental/mergeDebugJniLibFolders/merger.xml
2025-11-20 10:18:07,488 - Knowledge - INFO - Worker kw8 processing /app/data/tataelxsimockapisolutions5451/313/b861537/mytv-ott-hello-world-android-tv-91585-319/android_tv_frontend/app/src/main/res/values/text_appearances.xml
2025-11-20 10:18:07,593 - Knowledge - INFO - Worker kw9 processing /app/data/tataelxsimockapisolutions5451/313/b861537/mytv-ott-hello-world-android-tv-91585-319/android_tv_frontend/list/build/intermediates/lint_model/debug/generateDebugLintModel/debug-artifact-dependencies.xml
2025-11-20 10:18:07,670 - Knowledge - INFO - Worker kw10 processing /app/data/tataelxsimockapisolutions5451/313/b861537/mytv-ott-hello-world-android-tv-91585-319/android_tv_frontend/utilities/src/main/kotlin/org/example/utilities/SplitUtils.kt
2025-11-20 10:18:07,750 - Knowledge - INFO - Worker kw11 processing /app/data/tataelxsimockapisolutions5451/313/b861537/mytv-ott-hello-world-android-tv-91585-319/android_tv_frontend/utilities/build/intermediates/incremental/lintAnalyzeDebugAndroidTest/debug-artifact-libraries.xml
2025-11-20 10:18:07,853 - Knowledge - INFO - Fast-tracked /app/data/tataelxsimockapisolutions5451/313/b861537/mytv-ott-hello-world-android-tv-91585-319/android_tv_frontend/app/src/main/java/com/example/tv/data/api/dto/Mappers.kt (ext=.kt, size=312)
2025-11-20 10:18:07,963 - Knowledge - INFO - Worker kw13 processing /app/data/tataelxsimockapisolutions5451/313/b861537/mytv-ott-hello-world-android-tv-91585-319/android_tv_frontend/utilities/build/intermediates/lint-cache/lintAnalyzeDebug/maven.google/androidx/annotation/group-index.xml
2025-11-20 10:18:08,047 - Knowledge - INFO - Fast-tracked /app/data/tataelxsimockapisolutions5451/313/b861537/mytv-ott-hello-world-android-tv-91585-319/android_tv_frontend/utilities/build/intermediates/unit_test_lint_model/debug/generateDebugUnitTestLintModel/module.xml (ext=.xml, size=670)
2025-11-20 10:18:08,166 - Knowledge - INFO - Worker kw15 processing /app/data/tataelxsimockapisolutions5451/313/b861537/mytv-ott-hello-world-android-tv-91585-319/android_tv_frontend/utilities/build/intermediates/incremental/lintAnalyzeDebugAndroidTest/debug-artifact-dependencies.xml
2025-11-20 10:18:08,259 - Knowledge - INFO - Fast-tracked /app/data/tataelxsimockapisolutions5451/313/b861537/mytv-ott-hello-world-android-tv-91585-319/android_tv_frontend/utilities/build/intermediates/android_test_lint_model/debug/generateDebugAndroidTestLintModel/debug-artifact-libraries.xml (ext=.xml, size=2266)
2025-11-20 10:18:08,366 - Knowledge - INFO - Worker kw17 processing /app/data/tataelxsimockapisolutions5451/313/b861537/mytv-ott-hello-world-android-tv-91585-319/android_tv_frontend/utilities/build/intermediates/annotation_processor_list/debugUnitTest/javaPreCompileDebugUnitTest/annotationProcessors.json
2025-11-20 10:18:08,443 - Knowledge - INFO - Processing batch of 12 files
2025-11-20 10:18:08,560 - Knowledge - INFO - Fast-tracked /app/data/tataelxsimockapisolutions5451/313/b861537/mytv-ott-hello-world-android-tv-91585-319/android_tv_frontend/utilities/build/intermediates/lint_report_lint_model/debug/generateDebugLintReportModel/debug-artifact-libraries.xml (ext=.xml, size=946)
2025-11-20 10:18:08,660 - Knowledge - INFO - Worker kw4 processing /app/data/tataelxsimockapisolutions5451/313/b861537/mytv-ott-hello-world-android-tv-91585-319/android_tv_frontend/app/src/main/java/com/example/tv/data/CategoryRepository.kt
2025-11-20 10:18:08,773 - Knowledge - INFO - Fast-tracked /app/data/tataelxsimockapisolutions5451/313/b861537/mytv-ott-hello-world-android-tv-91585-319/android_tv_frontend/utilities/consumer-rules.pro (ext=.pro, size=20)
2025-11-20 10:18:08,873 - Knowledge - INFO - Worker kw6 processing /app/data/tataelxsimockapisolutions5451/313/b861537/mytv-ott-hello-world-android-tv-91585-319/android_tv_frontend/app/src/main/res/drawable/ic_record.xml
2025-11-20 10:18:09,001 - Knowledge - INFO - Fast-tracked /app/data/tataelxsimockapisolutions5451/313/b861537/mytv-ott-hello-world-android-tv-91585-319/android_tv_frontend/list/build/intermediates/incremental/mergeDebugJniLibFolders/merger.xml (ext=.xml, size=598)
2025-11-20 10:18:09,085 - Knowledge - INFO - Fast-tracked /app/data/tataelxsimockapisolutions5451/313/b861537/mytv-ott-hello-world-android-tv-91585-319/android_tv_frontend/app/src/main/res/values/text_appearances.xml (ext=.xml, size=670)
2025-11-20 10:18:09,184 - Knowledge - INFO - Fast-tracked /app/data/tataelxsimockapisolutions5451/313/b861537/mytv-ott-hello-world-android-tv-91585-319/android_tv_frontend/list/build/intermediates/lint_model/debug/generateDebugLintModel/debug-artifact-dependencies.xml (ext=.xml, size=1129)
2025-11-20 10:18:09,297 - Knowledge - INFO - Fast-tracked /app/data/tataelxsimockapisolutions5451/313/b861537/mytv-ott-hello-world-android-tv-91585-319/android_tv_frontend/utilities/src/main/kotlin/org/example/utilities/SplitUtils.kt (ext=.kt, size=936)
2025-11-20 10:18:09,375 - Knowledge - INFO - Fast-tracked /app/data/tataelxsimockapisolutions5451/313/b861537/mytv-ott-hello-world-android-tv-91585-319/android_tv_frontend/utilities/build/intermediates/incremental/lintAnalyzeDebugAndroidTest/debug-artifact-libraries.xml (ext=.xml, size=2266)
2025-11-20 10:18:09,470 - Knowledge - INFO - Worker kw12 processing /app/data/tataelxsimockapisolutions5451/313/b861537/mytv-ott-hello-world-android-tv-91585-319/android_tv_frontend/app/src/main/res/drawable/ic_launcher_foreground.xml
2025-11-20 10:18:09,592 - Knowledge - INFO - Fast-tracked /app/data/tataelxsimockapisolutions5451/313/b861537/mytv-ott-hello-world-android-tv-91585-319/android_tv_frontend/utilities/build/intermediates/lint-cache/lintAnalyzeDebug/maven.google/androidx/annotation/group-index.xml (ext=.xml, size=5344)
2025-11-20 10:18:09,681 - Knowledge - INFO - Worker kw14 processing /app/data/tataelxsimockapisolutions5451/313/b861537/mytv-ott-hello-world-android-tv-91585-319/android_tv_frontend/list/build/intermediates/incremental/lintAnalyzeDebugUnitTest/debug.xml
2025-11-20 10:18:09,751 - Knowledge - INFO - Fast-tracked /app/data/tataelxsimockapisolutions5451/313/b861537/mytv-ott-hello-world-android-tv-91585-319/android_tv_frontend/utilities/build/intermediates/incremental/lintAnalyzeDebugAndroidTest/debug-artifact-dependencies.xml (ext=.xml, size=1603)
2025-11-20 10:18:09,870 - Knowledge - INFO - Worker kw16 processing /app/data/tataelxsimockapisolutions5451/313/b861537/mytv-ott-hello-world-android-tv-91585-319/android_tv_frontend/list/build/intermediates/annotation_processor_list/debugUnitTest/javaPreCompileDebugUnitTest/annotationProcessors.json
2025-11-20 10:18:09,985 - Knowledge - INFO - Fast-tracked /app/data/tataelxsimockapisolutions5451/313/b861537/mytv-ott-hello-world-android-tv-91585-319/android_tv_frontend/utilities/build/intermediates/annotation_processor_list/debugUnitTest/javaPreCompileDebugUnitTest/annotationProcessors.json (ext=.json, size=2)
2025-11-20 10:18:10,072 - Knowledge - INFO - process ingested knowledge for /app/data/tataelxsimockapisolutions5451/313/b861537/mytv-ott-hello-world-android-tv-91585-319/android_tv_frontend/list/build/intermediates/incremental/lintAnalyzeDebugAndroidTest/debug.xml
2025-11-20 10:18:10,194 - Knowledge - INFO - Processing batch of 12 files
2025-11-20 10:18:10,286 - Knowledge - INFO - Fast-tracked /app/data/tataelxsimockapisolutions5451/313/b861537/mytv-ott-hello-world-android-tv-91585-319/android_tv_frontend/app/src/main/java/com/example/tv/data/CategoryRepository.kt (small file (2359 bytes))
2025-11-20 10:18:10,408 - Knowledge - INFO - Worker kw5 processing /app/data/tataelxsimockapisolutions5451/313/b861537/mytv-ott-hello-world-android-tv-91585-319/android_tv_frontend/app/src/main/res/drawable/ic_bell.xml
2025-11-20 10:18:10,496 - Knowledge - INFO - Fast-tracked /app/data/tataelxsimockapisolutions5451/313/b861537/mytv-ott-hello-world-android-tv-91585-319/android_tv_frontend/app/src/main/res/drawable/ic_record.xml (ext=.xml, size=592)
2025-11-20 10:18:10,584 - Knowledge - INFO - Worker kw7 processing /app/data/tataelxsimockapisolutions5451/313/b861537/mytv-ott-hello-world-android-tv-91585-319/android_tv_frontend/app/src/main/res/drawable/sub_hbo.xml
2025-11-20 10:18:10,700 - Knowledge - INFO - Worker kw8 processing /app/data/tataelxsimockapisolutions5451/313/b861537/mytv-ott-hello-world-android-tv-91585-319/android_tv_frontend/app/src/main/res/values/theme_expressive_loader_overlay.xml
2025-11-20 10:18:10,791 - Knowledge - INFO - Worker kw9 processing /app/data/tataelxsimockapisolutions5451/313/b861537/mytv-ott-hello-world-android-tv-91585-319/android_tv_frontend/list/build/intermediates/android_test_lint_model/debug/generateDebugAndroidTestLintModel/module.xml
2025-11-20 10:18:10,907 - Knowledge - INFO - Worker kw10 processing /app/data/tataelxsimockapisolutions5451/313/b861537/mytv-ott-hello-world-android-tv-91585-319/android_tv_frontend/app/src/main/java/com/example/tv/MainActivity.kt
2025-11-20 10:18:11,024 - Knowledge - INFO - Worker kw11 processing /app/data/tataelxsimockapisolutions5451/313/b861537/mytv-ott-hello-world-android-tv-91585-319/android_tv_frontend/utilities/build/reports/lint-results-debug.html
2025-11-20 10:18:11,104 - Knowledge - INFO - Fast-tracked /app/data/tataelxsimockapisolutions5451/313/b861537/mytv-ott-hello-world-android-tv-91585-319/android_tv_frontend/app/src/main/res/drawable/ic_launcher_foreground.xml (ext=.xml, size=821)
2025-11-20 10:18:11,210 - Knowledge - INFO - Worker kw13 processing /app/data/tataelxsimockapisolutions5451/313/b861537/mytv-ott-hello-world-android-tv-91585-319/android_tv_frontend/list/build/intermediates/lint-cache/lintAnalyzeDebug/maven.google/androidx/annotation/group-index.xml
2025-11-20 10:18:11,305 - Knowledge - INFO - Fast-tracked /app/data/tataelxsimockapisolutions5451/313/b861537/mytv-ott-hello-world-android-tv-91585-319/android_tv_frontend/list/build/intermediates/incremental/lintAnalyzeDebugUnitTest/debug.xml (ext=.xml, size=1013)
2025-11-20 10:18:11,377 - Knowledge - INFO - Worker kw15 processing /app/data/tataelxsimockapisolutions5451/313/b861537/mytv-ott-hello-world-android-tv-91585-319/android_tv_frontend/list/build/intermediates/lint_report_lint_model/debug/generateDebugLintReportModel/debug.xml
2025-11-20 10:18:11,472 - Knowledge - INFO - Fast-tracked /app/data/tataelxsimockapisolutions5451/313/b861537/mytv-ott-hello-world-android-tv-91585-319/android_tv_frontend/list/build/intermediates/annotation_processor_list/debugUnitTest/javaPreCompileDebugUnitTest/annotationProcessors.json (ext=.json, size=2)
2025-11-20 10:18:11,553 - Knowledge - INFO - Processing batch of 5 files
2025-11-20 10:18:11,654 - Knowledge - INFO - process ingested knowledge for /app/data/tataelxsimockapisolutions5451/313/b861537/mytv-ott-hello-world-android-tv-91585-319/android_tv_frontend/utilities/build/intermediates/lint-cache/lintAnalyzeDebug/maven.google/master-index.xml
2025-11-20 10:18:11,758 - Knowledge - INFO - process ingested knowledge for /app/data/tataelxsimockapisolutions5451/313/b861537/mytv-ott-hello-world-android-tv-91585-319/android_tv_frontend/list/build/intermediates/incremental/debug/packageDebugResources/merger.xml
2025-11-20 10:18:11,831 - Knowledge - INFO - [LLM_CALL] Completed: ApiService.kt:chunk1, Duration: 6747ms, PromptTokens: 2776, CompletionTokens: 497, Cost: $0.00048
2025-11-20 10:18:11,942 - Knowledge - INFO - Fast-tracked /app/data/tataelxsimockapisolutions5451/313/b861537/mytv-ott-hello-world-android-tv-91585-319/android_tv_frontend/app/src/main/res/drawable/ic_bell.xml (ext=.xml, size=486)
2025-11-20 10:18:12,031 - Knowledge - INFO - Worker kw6 processing /app/data/tataelxsimockapisolutions5451/313/b861537/mytv-ott-hello-world-android-tv-91585-319/android_tv_frontend/list/build/intermediates/incremental/lintAnalyzeDebug/module.xml
2025-11-20 10:18:12,117 - Knowledge - INFO - Fast-tracked /app/data/tataelxsimockapisolutions5451/313/b861537/mytv-ott-hello-world-android-tv-91585-319/android_tv_frontend/app/src/main/res/drawable/sub_hbo.xml (ext=.xml, size=689)
2025-11-20 10:18:12,187 - Knowledge - INFO - Fast-tracked /app/data/tataelxsimockapisolutions5451/313/b861537/mytv-ott-hello-world-android-tv-91585-319/android_tv_frontend/app/src/main/res/values/theme_expressive_loader_overlay.xml (ext=.xml, size=458)
2025-11-20 10:18:12,282 - Knowledge - INFO - Fast-tracked /app/data/tataelxsimockapisolutions5451/313/b861537/mytv-ott-hello-world-android-tv-91585-319/android_tv_frontend/list/build/intermediates/android_test_lint_model/debug/generateDebugAndroidTestLintModel/module.xml (ext=.xml, size=655)
2025-11-20 10:18:12,379 - Knowledge - INFO - Fast-tracked /app/data/tataelxsimockapisolutions5451/313/b861537/mytv-ott-hello-world-android-tv-91585-319/android_tv_frontend/app/src/main/java/com/example/tv/MainActivity.kt (ext=.kt, size=1768)
2025-11-20 10:18:12,485 - Knowledge - INFO - Worker kw11 processing /app/data/tataelxsimockapisolutions5451/313/b861537/mytv-ott-hello-world-android-tv-91585-319/android_tv_frontend/app/src/main/res/drawable/thumb_2.xml
2025-11-20 10:18:12,558 - Knowledge - INFO - Worker kw12 processing /app/data/tataelxsimockapisolutions5451/313/b861537/mytv-ott-hello-world-android-tv-91585-319/android_tv_frontend/utilities/build/intermediates/annotation_processor_list/releaseUnitTest/javaPreCompileReleaseUnitTest/annotationProcessors.json
2025-11-20 10:18:12,655 - Knowledge - INFO - Fast-tracked /app/data/tataelxsimockapisolutions5451/313/b861537/mytv-ott-hello-world-android-tv-91585-319/android_tv_frontend/list/build/intermediates/lint-cache/lintAnalyzeDebug/maven.google/androidx/annotation/group-index.xml (ext=.xml, size=5344)
2025-11-20 10:18:12,761 - Knowledge - INFO - Worker kw14 processing /app/data/tataelxsimockapisolutions5451/313/b861537/mytv-ott-hello-world-android-tv-91585-319/android_tv_frontend/utilities/build/intermediates/unit_test_lint_model/debug/generateDebugUnitTestLintModel/debug-artifact-dependencies.xml
2025-11-20 10:18:12,847 - Knowledge - INFO - Fast-tracked /app/data/tataelxsimockapisolutions5451/313/b861537/mytv-ott-hello-world-android-tv-91585-319/android_tv_frontend/list/build/intermediates/lint_report_lint_model/debug/generateDebugLintReportModel/debug.xml (ext=.xml, size=1605)
2025-11-20 10:18:12,953 - Knowledge - INFO - Worker kw16 processing /app/data/tataelxsimockapisolutions5451/313/b861537/mytv-ott-hello-world-android-tv-91585-319/android_tv_frontend/app/src/main/res/drawable/ic_audio_subtitle_button.xml
2025-11-20 10:18:13,028 - Knowledge - INFO - process ingested knowledge for /app/data/tataelxsimockapisolutions5451/313/b861537/mytv-ott-hello-world-android-tv-91585-319/android_tv_frontend/utilities/build/intermediates/annotation_processor_list/debug/javaPreCompileDebug/annotationProcessors.json
2025-11-20 10:18:13,140 - Knowledge - INFO - process ingested knowledge for /app/data/tataelxsimockapisolutions5451/313/b861537/mytv-ott-hello-world-android-tv-91585-319/android_tv_frontend/build/reports/problems/problems-report.html
2025-11-20 10:18:13,262 - Knowledge - INFO - process ingested knowledge for /app/data/tataelxsimockapisolutions5451/313/b861537/mytv-ott-hello-world-android-tv-91585-319/android_tv_frontend/utilities/build/intermediates/incremental/debug/packageDebugResources/merger.xml
2025-11-20 10:18:13,369 - Knowledge - INFO - done ingest for /app/data/tataelxsimockapisolutions5451/313/b861537/mytv-ott-hello-world-android-tv-91585-319/android_tv_frontend/app/src/main/java/com/example/tv/data/api/ApiService.kt
2025-11-20 10:18:13,370 - Knowledge - INFO - Processing batch of 12 files
2025-11-20 10:18:13,464 - Knowledge - INFO - Processing batch of 12 files
2025-11-20 10:18:13,564 - Knowledge - INFO - Fast-tracked /app/data/tataelxsimockapisolutions5451/313/b861537/mytv-ott-hello-world-android-tv-91585-319/android_tv_frontend/list/build/intermediates/incremental/lintAnalyzeDebug/module.xml (ext=.xml, size=655)
2025-11-20 10:18:13,647 - Knowledge - INFO - Worker kw7 processing /app/data/tataelxsimockapisolutions5451/313/b861537/mytv-ott-hello-world-android-tv-91585-319/android_tv_frontend/README_PROJECT_ROOT.md
2025-11-20 10:18:13,818 - Knowledge - INFO - Processing batch of 10 files
2025-11-20 10:18:13,915 - Knowledge - INFO - Fast-tracked /app/data/tataelxsimockapisolutions5451/313/b861537/mytv-ott-hello-world-android-tv-91585-319/android_tv_frontend/app/build.gradle (small file (2959 bytes))
2025-11-20 10:18:14,034 - Knowledge - INFO - Fast-tracked /app/data/tataelxsimockapisolutions5451/313/b861537/mytv-ott-hello-world-android-tv-91585-319/android_tv_frontend/app/src/main/res/drawable/thumb_2.xml (ext=.xml, size=411)
2025-11-20 10:18:14,146 - Knowledge - INFO - Fast-tracked /app/data/tataelxsimockapisolutions5451/313/b861537/mytv-ott-hello-world-android-tv-91585-319/android_tv_frontend/utilities/build/intermediates/annotation_processor_list/releaseUnitTest/javaPreCompileReleaseUnitTest/annotationProcessors.json (ext=.json, size=2)
2025-11-20 10:18:14,253 - Knowledge - INFO - Worker kw13 processing /app/data/tataelxsimockapisolutions5451/313/b861537/mytv-ott-hello-world-android-tv-91585-319/android_tv_frontend/app/src/main/res/layout/view_action_button.xml
2025-11-20 10:18:14,331 - Knowledge - INFO - Fast-tracked /app/data/tataelxsimockapisolutions5451/313/b861537/mytv-ott-hello-world-android-tv-91585-319/android_tv_frontend/utilities/build/intermediates/unit_test_lint_model/debug/generateDebugUnitTestLintModel/debug-artifact-dependencies.xml (ext=.xml, size=1603)
2025-11-20 10:18:14,424 - Knowledge - INFO - Worker kw15 processing /app/data/tataelxsimockapisolutions5451/313/b861537/mytv-ott-hello-world-android-tv-91585-319/android_tv_frontend/utilities/build/intermediates/incremental/lintAnalyzeDebug/debug.xml
2025-11-20 10:18:14,516 - Knowledge - INFO - Fast-tracked /app/data/tataelxsimockapisolutions5451/313/b861537/mytv-ott-hello-world-android-tv-91585-319/android_tv_frontend/app/src/main/res/drawable/ic_audio_subtitle_button.xml (ext=.xml, size=492)
2025-11-20 10:18:14,616 - Knowledge - INFO - process ingested knowledge for /app/data/tataelxsimockapisolutions5451/313/b861537/mytv-ott-hello-world-android-tv-91585-319/android_tv_frontend/list/build/intermediates/annotation_processor_list/debug/javaPreCompileDebug/annotationProcessors.json
2025-11-20 10:18:14,720 - Knowledge - INFO - process ingested knowledge for /app/data/tataelxsimockapisolutions5451/313/b861537/mytv-ott-hello-world-android-tv-91585-319/android_tv_frontend/utilities/build/intermediates/unit_test_lint_model/debug/generateDebugUnitTestLintModel/debug.xml
2025-11-20 10:18:14,819 - Knowledge - INFO - process ingested knowledge for /app/data/tataelxsimockapisolutions5451/313/b861537/mytv-ott-hello-world-android-tv-91585-319/android_tv_frontend/app/src/main/res/drawable/gradient_horizontal_overlay.xml
2025-11-20 10:18:14,944 - Knowledge - INFO - Processing batch of 12 files
2025-11-20 10:18:15,037 - Knowledge - INFO - process ingested knowledge for /app/data/tataelxsimockapisolutions5451/313/b861537/mytv-ott-hello-world-android-tv-91585-319/android_tv_frontend/utilities/build/intermediates/incremental/lintAnalyzeDebugUnitTest/debug-artifact-libraries.xml
2025-11-20 10:18:15,118 - Knowledge - INFO - process ingested knowledge for /app/data/tataelxsimockapisolutions5451/313/b861537/mytv-ott-hello-world-android-tv-91585-319/android_tv_frontend/list/build/intermediates/aapt_friendly_merged_manifests/debug/processDebugManifest/aapt/AndroidManifest.xml
2025-11-20 10:18:15,209 - Knowledge - INFO - Processing batch of 12 files
2025-11-20 10:18:15,323 - Knowledge - INFO - Fast-tracked /app/data/tataelxsimockapisolutions5451/313/b861537/mytv-ott-hello-world-android-tv-91585-319/android_tv_frontend/README_PROJECT_ROOT.md (ext=.md, size=326)
2025-11-20 10:18:15,406 - Knowledge - INFO - process ingested knowledge for /app/data/tataelxsimockapisolutions5451/313/b861537/mytv-ott-hello-world-android-tv-91585-319/android_tv_frontend/list/build/intermediates/incremental/mergeDebugShaders/merger.xml
2025-11-20 10:18:15,489 - Knowledge - INFO - Processing batch of 10 files
2025-11-20 10:18:15,772 - Knowledge - INFO - Fast-tracked /app/data/tataelxsimockapisolutions5451/313/b861537/mytv-ott-hello-world-android-tv-91585-319/android_tv_frontend/app/src/main/res/layout/view_action_button.xml (ext=.xml, size=1853)
2025-11-20 10:18:15,854 - Knowledge - INFO - Worker kw14 processing /app/data/tataelxsimockapisolutions5451/313/b861537/mytv-ott-hello-world-android-tv-91585-319/android_tv_frontend/list/build/intermediates/incremental/lintAnalyzeDebugAndroidTest/module.xml
2025-11-20 10:18:15,942 - Knowledge - INFO - Fast-tracked /app/data/tataelxsimockapisolutions5451/313/b861537/mytv-ott-hello-world-android-tv-91585-319/android_tv_frontend/utilities/build/intermediates/incremental/lintAnalyzeDebug/debug.xml (ext=.xml, size=1687)
2025-11-20 10:18:16,036 - Knowledge - INFO - Worker kw16 processing /app/data/tataelxsimockapisolutions5451/313/b861537/mytv-ott-hello-world-android-tv-91585-319/android_tv_frontend/app/src/main/res/drawable/thumb_4.xml
2025-11-20 10:18:16,155 - Knowledge - INFO - process ingested knowledge for /app/data/tataelxsimockapisolutions5451/313/b861537/mytv-ott-hello-world-android-tv-91585-319/android_tv_frontend/app/src/main/res/mipmap-anydpi-v26/ic_launcher_round.xml
2025-11-20 10:18:16,259 - Knowledge - INFO - process ingested knowledge for /app/data/tataelxsimockapisolutions5451/313/b861537/mytv-ott-hello-world-android-tv-91585-319/android_tv_frontend/list/build/intermediates/incremental/release/packageReleaseResources/merger.xml
2025-11-20 10:18:16,387 - Knowledge - INFO - process ingested knowledge for /app/data/tataelxsimockapisolutions5451/313/b861537/mytv-ott-hello-world-android-tv-91585-319/android_tv_frontend/app/src/main/res/drawable/ic_replay.xml
2025-11-20 10:18:16,491 - Knowledge - INFO - process ingested knowledge for /app/data/tataelxsimockapisolutions5451/313/b861537/mytv-ott-hello-world-android-tv-91585-319/android_tv_frontend/app/src/main/res/values/themes.xml
2025-11-20 10:18:16,592 - Knowledge - INFO - process ingested knowledge for /app/data/tataelxsimockapisolutions5451/313/b861537/mytv-ott-hello-world-android-tv-91585-319/android_tv_frontend/app/src/main/res/values/colors.xml
2025-11-20 10:18:16,684 - Knowledge - INFO - process ingested knowledge for /app/data/tataelxsimockapisolutions5451/313/b861537/mytv-ott-hello-world-android-tv-91585-319/android_tv_frontend/utilities/build/intermediates/aapt_friendly_merged_manifests/debug/processDebugManifest/aapt/AndroidManifest.xml
2025-11-20 10:18:16,804 - Knowledge - INFO - process ingested knowledge for /app/data/tataelxsimockapisolutions5451/313/b861537/mytv-ott-hello-world-android-tv-91585-319/android_tv_frontend/list/build/intermediates/incremental/lintAnalyzeDebug/debug-artifact-dependencies.xml
2025-11-20 10:18:16,881 - Knowledge - INFO - Processing batch of 12 files
2025-11-20 10:18:16,970 - Knowledge - INFO - process ingested knowledge for /app/data/tataelxsimockapisolutions5451/313/b861537/mytv-ott-hello-world-android-tv-91585-319/android_tv_frontend/build.sh
2025-11-20 10:18:17,064 - Knowledge - INFO - process ingested knowledge for /app/data/tataelxsimockapisolutions5451/313/b861537/mytv-ott-hello-world-android-tv-91585-319/android_tv_frontend/list/build/reports/lint-results-debug.xml
2025-11-20 10:18:17,147 - Knowledge - INFO - Worker kw13 processing /app/data/tataelxsimockapisolutions5451/313/b861537/mytv-ott-hello-world-android-tv-91585-319/android_tv_frontend/app/src/main/res/drawable/tag_status.xml
2025-11-20 10:18:17,230 - Knowledge - INFO - Fast-tracked /app/data/tataelxsimockapisolutions5451/313/b861537/mytv-ott-hello-world-android-tv-91585-319/android_tv_frontend/list/build/intermediates/incremental/lintAnalyzeDebugAndroidTest/module.xml (ext=.xml, size=655)
2025-11-20 10:18:17,325 - Knowledge - INFO - Worker kw15 processing /app/data/tataelxsimockapisolutions5451/313/b861537/mytv-ott-hello-world-android-tv-91585-319/android_tv_frontend/app/src/main/res/drawable/pill_button_background.xml
2025-11-20 10:18:17,406 - Knowledge - INFO - Fast-tracked /app/data/tataelxsimockapisolutions5451/313/b861537/mytv-ott-hello-world-android-tv-91585-319/android_tv_frontend/app/src/main/res/drawable/thumb_4.xml (ext=.xml, size=542)
2025-11-20 10:18:17,493 - Knowledge - INFO - process ingested knowledge for /app/data/tataelxsimockapisolutions5451/313/b861537/mytv-ott-hello-world-android-tv-91585-319/android_tv_frontend/app/src/main/res/layout/activity_splash.xml
2025-11-20 10:18:17,608 - Knowledge - INFO - process ingested knowledge for /app/data/tataelxsimockapisolutions5451/313/b861537/mytv-ott-hello-world-android-tv-91585-319/android_tv_frontend/app/src/main/res/drawable/tag_age_rating.xml
2025-11-20 10:18:17,713 - Knowledge - INFO - process ingested knowledge for /app/data/tataelxsimockapisolutions5451/313/b861537/mytv-ott-hello-world-android-tv-91585-319/android_tv_frontend/app/src/main/res/drawable/bg_focus_state.xml
2025-11-20 10:18:17,785 - Knowledge - INFO - process ingested knowledge for /app/data/tataelxsimockapisolutions5451/313/b861537/mytv-ott-hello-world-android-tv-91585-319/android_tv_frontend/app/src/main/java/com/example/tv/data/api/ApiService.kt
2025-11-20 10:18:17,862 - Knowledge - INFO - Fast-tracked /app/data/tataelxsimockapisolutions5451/313/b861537/mytv-ott-hello-world-android-tv-91585-319/android_tv_frontend/app/src/main/java/com/example/tv/ui/home/HomeViewModel.kt (small file (2772 bytes))
2025-11-20 10:18:17,892 - Knowledge - INFO - process ingested knowledge for /app/data/tataelxsimockapisolutions5451/313/b861537/mytv-ott-hello-world-android-tv-91585-319/android_tv_frontend/list/build/intermediates/incremental/lintAnalyzeDebugUnitTest/debug-artifact-libraries.xml
2025-11-20 10:18:17,968 - Knowledge - INFO - process ingested knowledge for /app/data/tataelxsimockapisolutions5451/313/b861537/mytv-ott-hello-world-android-tv-91585-319/android_tv_frontend/list/build/intermediates/lint_model/debug/generateDebugLintModel/debug.xml
2025-11-20 10:18:18,068 - Knowledge - INFO - process ingested knowledge for /app/data/tataelxsimockapisolutions5451/313/b861537/mytv-ott-hello-world-android-tv-91585-319/android_tv_frontend/utilities/build/intermediates/incremental/lintAnalyzeDebugUnitTest/module.xml
2025-11-20 10:18:18,160 - Knowledge - INFO - process ingested knowledge for /app/data/tataelxsimockapisolutions5451/313/b861537/mytv-ott-hello-world-android-tv-91585-319/android_tv_frontend/list/build/intermediates/incremental/lintAnalyzeDebugUnitTest/debug-artifact-dependencies.xml
2025-11-20 10:18:18,284 - Knowledge - INFO - process ingested knowledge for /app/data/tataelxsimockapisolutions5451/313/b861537/mytv-ott-hello-world-android-tv-91585-319/android_tv_frontend/ANDROID_PROJECT_ROOT.md
2025-11-20 10:18:18,362 - Knowledge - INFO - process ingested knowledge for /app/data/tataelxsimockapisolutions5451/313/b861537/mytv-ott-hello-world-android-tv-91585-319/android_tv_frontend/app/src/main/res/layout/activity_main.xml
2025-11-20 10:18:18,505 - Knowledge - INFO - Fast-tracked /app/data/tataelxsimockapisolutions5451/313/b861537/mytv-ott-hello-world-android-tv-91585-319/android_tv_frontend/app/src/main/res/drawable/tag_status.xml (ext=.xml, size=220)
2025-11-20 10:18:18,595 - Knowledge - INFO - Worker kw14 processing /app/data/tataelxsimockapisolutions5451/313/b861537/mytv-ott-hello-world-android-tv-91585-319/android_tv_frontend/app/src/main/res/drawable/ic_favorite.xml
2025-11-20 10:18:18,687 - Knowledge - INFO - Fast-tracked /app/data/tataelxsimockapisolutions5451/313/b861537/mytv-ott-hello-world-android-tv-91585-319/android_tv_frontend/app/src/main/res/drawable/pill_button_background.xml (ext=.xml, size=1022)
2025-11-20 10:18:18,764 - Knowledge - INFO - Worker kw16 processing /app/data/tataelxsimockapisolutions5451/313/b861537/mytv-ott-hello-world-android-tv-91585-319/android_tv_frontend/app/src/test/java/com/example/tv/ui/home/FocusMappingTest.kt
2025-11-20 10:18:18,859 - Knowledge - INFO - process ingested knowledge for /app/data/tataelxsimockapisolutions5451/313/b861537/mytv-ott-hello-world-android-tv-91585-319/android_tv_frontend/utilities/build/intermediates/annotation_processor_list/debugUnitTest/javaPreCompileDebugUnitTest/annotationProcessors.json
2025-11-20 10:18:18,961 - Knowledge - INFO - process ingested knowledge for /app/data/tataelxsimockapisolutions5451/313/b861537/mytv-ott-hello-world-android-tv-91585-319/android_tv_frontend/install.sh
2025-11-20 10:18:19,070 - Knowledge - INFO - process ingested knowledge for /app/data/tataelxsimockapisolutions5451/313/b861537/mytv-ott-hello-world-android-tv-91585-319/android_tv_frontend/app/src/main/res/drawable/ic_audio_subtitle.xml
2025-11-20 10:18:19,180 - Knowledge - INFO - process ingested knowledge for /app/data/tataelxsimockapisolutions5451/313/b861537/mytv-ott-hello-world-android-tv-91585-319/android_tv_frontend/app/src/main/res/drawable/bg_unfocused_state.xml
2025-11-20 10:18:19,425 - Knowledge - INFO - process ingested knowledge for /app/data/tataelxsimockapisolutions5451/313/b861537/mytv-ott-hello-world-android-tv-91585-319/android_tv_frontend/app/src/main/res/drawable/thumb_1.xml
2025-11-20 10:18:19,547 - Knowledge - INFO - process ingested knowledge for /app/data/tataelxsimockapisolutions5451/313/b861537/mytv-ott-hello-world-android-tv-91585-319/android_tv_frontend/app/src/main/res/values/ids.xml
2025-11-20 10:18:19,641 - Knowledge - INFO - process ingested knowledge for /app/data/tataelxsimockapisolutions5451/313/b861537/mytv-ott-hello-world-android-tv-91585-319/android_tv_frontend/settings.gradle
2025-11-20 10:18:19,736 - Knowledge - INFO - process ingested knowledge for /app/data/tataelxsimockapisolutions5451/313/b861537/mytv-ott-hello-world-android-tv-91585-319/android_tv_frontend/app/src/main/res/values/ic_launcher_background.xml
2025-11-20 10:18:19,848 - Knowledge - INFO - process ingested knowledge for /app/data/tataelxsimockapisolutions5451/313/b861537/mytv-ott-hello-world-android-tv-91585-319/android_tv_frontend/utilities/build/intermediates/incremental/mergeDebugShaders/merger.xml
2025-11-20 10:18:19,975 - Knowledge - INFO - process ingested knowledge for /app/data/tataelxsimockapisolutions5451/313/b861537/mytv-ott-hello-world-android-tv-91585-319/android_tv_frontend/utilities/build/reports/lint-results-debug.xml
2025-11-20 10:18:20,095 - Knowledge - INFO - Processing batch of 10 files
2025-11-20 10:18:20,201 - Knowledge - INFO - Fast-tracked /app/data/tataelxsimockapisolutions5451/313/b861537/mytv-ott-hello-world-android-tv-91585-319/android_tv_frontend/app/src/main/res/drawable/ic_favorite.xml (ext=.xml, size=489)
2025-11-20 10:18:20,296 - Knowledge - INFO - Worker kw15 processing /app/data/tataelxsimockapisolutions5451/313/b861537/mytv-ott-hello-world-android-tv-91585-319/android_tv_frontend/list/build/intermediates/incremental/lintAnalyzeDebug/debug.xml
2025-11-20 10:18:20,377 - Knowledge - INFO - Fast-tracked /app/data/tataelxsimockapisolutions5451/313/b861537/mytv-ott-hello-world-android-tv-91585-319/android_tv_frontend/app/src/test/java/com/example/tv/ui/home/FocusMappingTest.kt (ext=.kt, size=2294)
2025-11-20 10:18:20,843 - Knowledge - INFO - [LLM_CALL] Completed: lint-results-debug.html:chunk1, Duration: 5160ms, PromptTokens: 25202, CompletionTokens: 103, Cost: $0.00256
2025-11-20 10:18:21,345 - Knowledge - INFO - process ingested knowledge for /app/data/tataelxsimockapisolutions5451/313/b861537/mytv-ott-hello-world-android-tv-91585-319/android_tv_frontend/app/src/main/res/values/strings.xml
2025-11-20 10:18:21,347 - Knowledge - INFO - process ingested knowledge for /app/data/tataelxsimockapisolutions5451/313/b861537/mytv-ott-hello-world-android-tv-91585-319/android_tv_frontend/app/src/main/res/drawable/ic_block.xml
2025-11-20 10:18:21,347 - Knowledge - INFO - process ingested knowledge for /app/data/tataelxsimockapisolutions5451/313/b861537/mytv-ott-hello-world-android-tv-91585-319/android_tv_frontend/list/build/intermediates/lint_report_lint_model/debug/generateDebugLintReportModel/debug-artifact-dependencies.xml
2025-11-20 10:18:21,352 - Knowledge - INFO - process ingested knowledge for /app/data/tataelxsimockapisolutions5451/313/b861537/mytv-ott-hello-world-android-tv-91585-319/android_tv_frontend/reset_branch.sh
2025-11-20 10:18:21,353 - Knowledge - INFO - process ingested knowledge for /app/data/tataelxsimockapisolutions5451/313/b861537/mytv-ott-hello-world-android-tv-91585-319/android_tv_frontend/list/build/intermediates/lint-cache/lintAnalyzeDebug/maven.google/master-index.xml
2025-11-20 10:18:21,353 - Knowledge - INFO - process ingested knowledge for /app/data/tataelxsimockapisolutions5451/313/b861537/mytv-ott-hello-world-android-tv-91585-319/android_tv_frontend/app/src/main/res/drawable/thumb_5.xml
2025-11-20 10:18:21,359 - Knowledge - INFO - process ingested knowledge for /app/data/tataelxsimockapisolutions5451/313/b861537/mytv-ott-hello-world-android-tv-91585-319/android_tv_frontend/list/build/intermediates/lint_report_lint_model/debug/generateDebugLintReportModel/module.xml
2025-11-20 10:18:21,360 - Knowledge - INFO - process ingested knowledge for /app/data/tataelxsimockapisolutions5451/313/b861537/mytv-ott-hello-world-android-tv-91585-319/android_tv_frontend/utilities/build/intermediates/android_test_lint_model/debug/generateDebugAndroidTestLintModel/module.xml
2025-11-20 10:18:21,361 - Knowledge - INFO - process ingested knowledge for /app/data/tataelxsimockapisolutions5451/313/b861537/mytv-ott-hello-world-android-tv-91585-319/android_tv_frontend/utilities/build/intermediates/android_test_lint_model/debug/generateDebugAndroidTestLintModel/debug.xml
2025-11-20 10:18:21,443 - Knowledge - INFO - process ingested knowledge for /app/data/tataelxsimockapisolutions5451/313/b861537/mytv-ott-hello-world-android-tv-91585-319/android_tv_frontend/list/build/intermediates/annotation_processor_list/release/javaPreCompileRelease/annotationProcessors.json
2025-11-20 10:18:21,662 - Knowledge - INFO - Fast-tracked /app/data/tataelxsimockapisolutions5451/313/b861537/mytv-ott-hello-world-android-tv-91585-319/android_tv_frontend/list/build/intermediates/incremental/lintAnalyzeDebug/debug.xml (ext=.xml, size=1677)
2025-11-20 10:18:21,743 - Knowledge - INFO - Worker kw16 processing /app/data/tataelxsimockapisolutions5451/313/b861537/mytv-ott-hello-world-android-tv-91585-319/android_tv_frontend/app/src/main/res/drawable/button_icon_background.xml
2025-11-20 10:18:21,856 - Knowledge - INFO - done ingest for /app/data/tataelxsimockapisolutions5451/313/b861537/mytv-ott-hello-world-android-tv-91585-319/android_tv_frontend/utilities/build/reports/lint-results-debug.html
2025-11-20 10:18:22,136 - Knowledge - INFO - done ingest for /app/data/tataelxsimockapisolutions5451/313/b861537/mytv-ott-hello-world-android-tv-91585-319/android_tv_frontend/list/build/reports/lint-results-debug.html
2025-11-20 10:18:22,329 - Knowledge - INFO - process ingested knowledge for /app/data/tataelxsimockapisolutions5451/313/b861537/mytv-ott-hello-world-android-tv-91585-319/android_tv_frontend/list/consumer-rules.pro
2025-11-20 10:18:22,329 - Knowledge - INFO - process ingested knowledge for /app/data/tataelxsimockapisolutions5451/313/b861537/mytv-ott-hello-world-android-tv-91585-319/android_tv_frontend/utilities/build/intermediates/incremental/lintAnalyzeDebug/debug-artifact-libraries.xml
2025-11-20 10:18:22,329 - Knowledge - INFO - process ingested knowledge for /app/data/tataelxsimockapisolutions5451/313/b861537/mytv-ott-hello-world-android-tv-91585-319/android_tv_frontend/app/src/main/res/drawable/sub_prime.xml
2025-11-20 10:18:22,336 - Knowledge - INFO - process ingested knowledge for /app/data/tataelxsimockapisolutions5451/313/b861537/mytv-ott-hello-world-android-tv-91585-319/android_tv_frontend/app/src/main/res/font/reddit_sans.xml
2025-11-20 10:18:22,351 - Knowledge - INFO - Processing batch of 10 files
2025-11-20 10:18:22,448 - Knowledge - INFO - process ingested knowledge for /app/data/tataelxsimockapisolutions5451/313/b861537/mytv-ott-hello-world-android-tv-91585-319/android_tv_frontend/app/src/main/java/com/example/tv/ui/SplashActivity.kt
2025-11-20 10:18:22,553 - Knowledge - INFO - process ingested knowledge for /app/data/tataelxsimockapisolutions5451/313/b861537/mytv-ott-hello-world-android-tv-91585-319/android_tv_frontend/utilities/build.gradle
2025-11-20 10:18:22,603 - Knowledge - INFO - [WEBSOCKET] Sent: Type=progress_update, Size: 293, Duration: 0ms
2025-11-20 10:18:22,623 - Knowledge - INFO - process ingested knowledge for /app/data/tataelxsimockapisolutions5451/313/b861537/mytv-ott-hello-world-android-tv-91585-319/android_tv_frontend/utilities/build/intermediates/incremental/lintAnalyzeDebug/module.xml
2025-11-20 10:18:22,707 - Knowledge - INFO - process ingested knowledge for /app/data/tataelxsimockapisolutions5451/313/b861537/mytv-ott-hello-world-android-tv-91585-319/android_tv_frontend/list/build/intermediates/android_test_lint_model/debug/generateDebugAndroidTestLintModel/debug-artifact-dependencies.xml
2025-11-20 10:18:22,796 - Knowledge - INFO - process ingested knowledge for /app/data/tataelxsimockapisolutions5451/313/b861537/mytv-ott-hello-world-android-tv-91585-319/android_tv_frontend/app/src/main/res/layout/view_rail.xml
2025-11-20 10:18:22,918 - Knowledge - INFO - process ingested knowledge for /app/data/tataelxsimockapisolutions5451/313/b861537/mytv-ott-hello-world-android-tv-91585-319/android_tv_frontend/app/src/main/java/com/example/tv/data/api/dto/ShowDto.kt
2025-11-20 10:18:23,117 - Knowledge - INFO - Fast-tracked /app/data/tataelxsimockapisolutions5451/313/b861537/mytv-ott-hello-world-android-tv-91585-319/android_tv_frontend/app/src/main/res/drawable/button_icon_background.xml (ext=.xml, size=178)
2025-11-20 10:18:23,448 - Knowledge - INFO - process ingested knowledge for /app/data/tataelxsimockapisolutions5451/313/b861537/mytv-ott-hello-world-android-tv-91585-319/android_tv_frontend/utilities/build/intermediates/incremental/lintAnalyzeDebug/debug-artifact-dependencies.xml
2025-11-20 10:18:23,541 - Knowledge - INFO - process ingested knowledge for /app/data/tataelxsimockapisolutions5451/313/b861537/mytv-ott-hello-world-android-tv-91585-319/android_tv_frontend/list/build/intermediates/lint_report_lint_model/debug/generateDebugLintReportModel/debug-artifact-libraries.xml
2025-11-20 10:18:23,635 - Knowledge - INFO - process ingested knowledge for /app/data/tataelxsimockapisolutions5451/313/b861537/mytv-ott-hello-world-android-tv-91585-319/android_tv_frontend/list/build/intermediates/aapt_friendly_merged_manifests/debug/processDebugManifest/aapt/output-metadata.json
2025-11-20 10:18:23,776 - Knowledge - INFO - process ingested knowledge for /app/data/tataelxsimockapisolutions5451/313/b861537/mytv-ott-hello-world-android-tv-91585-319/android_tv_frontend/utilities/src/main/kotlin/org/example/utilities/JoinUtils.kt
2025-11-20 10:18:23,892 - Knowledge - INFO - process ingested knowledge for /app/data/tataelxsimockapisolutions5451/313/b861537/mytv-ott-hello-world-android-tv-91585-319/android_tv_frontend/list/src/main/kotlin/org/example/list/LinkedList.kt
2025-11-20 10:18:23,964 - Knowledge - INFO - process ingested knowledge for /app/data/tataelxsimockapisolutions5451/313/b861537/mytv-ott-hello-world-android-tv-91585-319/android_tv_frontend/utilities/build/intermediates/incremental/lintAnalyzeDebugAndroidTest/debug.xml
2025-11-20 10:18:24,064 - Knowledge - INFO - process ingested knowledge for /app/data/tataelxsimockapisolutions5451/313/b861537/mytv-ott-hello-world-android-tv-91585-319/android_tv_frontend/app/src/main/res/drawable/tv_focus_ripple.xml
2025-11-20 10:18:24,176 - Knowledge - INFO - Processing batch of 10 files
2025-11-20 10:18:24,176 - Knowledge - INFO - Processing batch of 10 files
2025-11-20 10:18:24,176 - Knowledge - INFO - Processing batch of 10 files
2025-11-20 10:18:24,176 - Knowledge - INFO - [LLM_CALL] Completed: LoginActivity.kt:chunk1, Duration: 9640ms, PromptTokens: 3194, CompletionTokens: 493, Cost: $0.00052
2025-11-20 10:18:24,286 - Knowledge - INFO - process ingested knowledge for /app/data/tataelxsimockapisolutions5451/313/b861537/mytv-ott-hello-world-android-tv-91585-319/android_tv_frontend/utilities/build/intermediates/incremental/lintAnalyzeDebugUnitTest/debug-artifact-dependencies.xml
2025-11-20 10:18:24,392 - Knowledge - INFO - process ingested knowledge for /app/data/tataelxsimockapisolutions5451/313/b861537/mytv-ott-hello-world-android-tv-91585-319/android_tv_frontend/list/build/intermediates/lint_model/debug/generateDebugLintModel/module.xml
2025-11-20 10:18:24,484 - Knowledge - INFO - process ingested knowledge for /app/data/tataelxsimockapisolutions5451/313/b861537/mytv-ott-hello-world-android-tv-91585-319/android_tv_frontend/app/src/main/AndroidManifest.xml
2025-11-20 10:18:24,601 - Knowledge - INFO - process ingested knowledge for /app/data/tataelxsimockapisolutions5451/313/b861537/mytv-ott-hello-world-android-tv-91585-319/android_tv_frontend/list/build/intermediates/annotation_processor_list/releaseUnitTest/javaPreCompileReleaseUnitTest/annotationProcessors.json
2025-11-20 10:18:24,766 - Knowledge - INFO - process ingested knowledge for /app/data/tataelxsimockapisolutions5451/313/b861537/mytv-ott-hello-world-android-tv-91585-319/android_tv_frontend/list/build/intermediates/incremental/lintAnalyzeDebugUnitTest/module.xml
2025-11-20 10:18:24,882 - Knowledge - INFO - process ingested knowledge for /app/data/tataelxsimockapisolutions5451/313/b861537/mytv-ott-hello-world-android-tv-91585-319/android_tv_frontend/app/src/main/res/drawable/sub_net.xml
2025-11-20 10:18:24,979 - Knowledge - INFO - process ingested knowledge for /app/data/tataelxsimockapisolutions5451/313/b861537/mytv-ott-hello-world-android-tv-91585-319/android_tv_frontend/utilities/build/intermediates/aapt_friendly_merged_manifests/debug/processDebugManifest/aapt/output-metadata.json
2025-11-20 10:18:25,085 - Knowledge - INFO - process ingested knowledge for /app/data/tataelxsimockapisolutions5451/313/b861537/mytv-ott-hello-world-android-tv-91585-319/android_tv_frontend/utilities/build/intermediates/android_test_lint_model/debug/generateDebugAndroidTestLintModel/debug-artifact-dependencies.xml
2025-11-20 10:18:25,239 - Knowledge - INFO - process ingested knowledge for /app/data/tataelxsimockapisolutions5451/313/b861537/mytv-ott-hello-world-android-tv-91585-319/android_tv_frontend/tasks.gradle
2025-11-20 10:18:25,362 - Knowledge - INFO - process ingested knowledge for /app/data/tataelxsimockapisolutions5451/313/b861537/mytv-ott-hello-world-android-tv-91585-319/android_tv_frontend/app/src/main/res/mipmap-anydpi-v26/ic_launcher.xml
2025-11-20 10:18:25,449 - Knowledge - INFO - process ingested knowledge for /app/data/tataelxsimockapisolutions5451/313/b861537/mytv-ott-hello-world-android-tv-91585-319/android_tv_frontend/list/build.gradle
2025-11-20 10:18:25,549 - Knowledge - INFO - process ingested knowledge for /app/data/tataelxsimockapisolutions5451/313/b861537/mytv-ott-hello-world-android-tv-91585-319/android_tv_frontend/utilities/build/intermediates/incremental/lintAnalyzeDebugUnitTest/debug.xml
2025-11-20 10:18:25,654 - Knowledge - INFO - process ingested knowledge for /app/data/tataelxsimockapisolutions5451/313/b861537/mytv-ott-hello-world-android-tv-91585-319/android_tv_frontend/build.gradle
2025-11-20 10:18:25,766 - Knowledge - INFO - process ingested knowledge for /app/data/tataelxsimockapisolutions5451/313/b861537/mytv-ott-hello-world-android-tv-91585-319/android_tv_frontend/app/src/main/res/layout/activity_login.xml
2025-11-20 10:18:25,858 - Knowledge - INFO - done ingest for /app/data/tataelxsimockapisolutions5451/313/b861537/mytv-ott-hello-world-android-tv-91585-319/android_tv_frontend/app/src/main/java/com/example/tv/ui/login/LoginActivity.kt
2025-11-20 10:18:25,859 - Knowledge - INFO - [WEBSOCKET] Sent: Type=unknown, Size: ?, Duration: 3255ms
2025-11-20 10:18:25,955 - Knowledge - INFO - process ingested knowledge for /app/data/tataelxsimockapisolutions5451/313/b861537/mytv-ott-hello-world-android-tv-91585-319/android_tv_frontend/app/src/main/res/values/nord_additional_colors.xml
2025-11-20 10:18:26,030 - Knowledge - INFO - process ingested knowledge for /app/data/tataelxsimockapisolutions5451/313/b861537/mytv-ott-hello-world-android-tv-91585-319/android_tv_frontend/app/src/main/java/com/example/tv/data/api/NetworkConfig.kt
2025-11-20 10:18:26,151 - Knowledge - INFO - process ingested knowledge for /app/data/tataelxsimockapisolutions5451/313/b861537/mytv-ott-hello-world-android-tv-91585-319/android_tv_frontend/settings.gradle.kts
2025-11-20 10:18:26,279 - Knowledge - INFO - process ingested knowledge for /app/data/tataelxsimockapisolutions5451/313/b861537/mytv-ott-hello-world-android-tv-91585-319/android_tv_frontend/app/proguard-rules.pro
2025-11-20 10:18:26,403 - Knowledge - INFO - process ingested knowledge for /app/data/tataelxsimockapisolutions5451/313/b861537/mytv-ott-hello-world-android-tv-91585-319/android_tv_frontend/app/src/main/res/values/project_root_hint.xml
2025-11-20 10:18:26,482 - Knowledge - INFO - process ingested knowledge for /app/data/tataelxsimockapisolutions5451/313/b861537/mytv-ott-hello-world-android-tv-91585-319/android_tv_frontend/list/build/intermediates/incremental/lintAnalyzeDebug/debug-artifact-libraries.xml
2025-11-20 10:18:26,565 - Knowledge - INFO - process ingested knowledge for /app/data/tataelxsimockapisolutions5451/313/b861537/mytv-ott-hello-world-android-tv-91585-319/android_tv_frontend/app/src/main/res/layout/activity_content_info.xml
2025-11-20 10:18:26,645 - Knowledge - INFO - process ingested knowledge for /app/data/tataelxsimockapisolutions5451/313/b861537/mytv-ott-hello-world-android-tv-91585-319/android_tv_frontend/list/build/intermediates/lint_model/debug/generateDebugLintModel/debug-artifact-dependencies.xml
2025-11-20 10:18:26,735 - Knowledge - INFO - process ingested knowledge for /app/data/tataelxsimockapisolutions5451/313/b861537/mytv-ott-hello-world-android-tv-91585-319/android_tv_frontend/app/src/main/res/drawable/banner_tv.xml
2025-11-20 10:18:26,839 - Knowledge - INFO - process ingested knowledge for /app/data/tataelxsimockapisolutions5451/313/b861537/mytv-ott-hello-world-android-tv-91585-319/android_tv_frontend/list/build/intermediates/unit_test_lint_model/debug/generateDebugUnitTestLintModel/debug.xml
2025-11-20 10:18:26,952 - Knowledge - INFO - process ingested knowledge for /app/data/tataelxsimockapisolutions5451/313/b861537/mytv-ott-hello-world-android-tv-91585-319/android_tv_frontend/utilities/src/main/kotlin/org/example/utilities/StringUtils.kt
2025-11-20 10:18:27,030 - Knowledge - INFO - process ingested knowledge for /app/data/tataelxsimockapisolutions5451/313/b861537/mytv-ott-hello-world-android-tv-91585-319/android_tv_frontend/list/build/intermediates/unit_test_lint_model/debug/generateDebugUnitTestLintModel/module.xml
2025-11-20 10:18:27,143 - Knowledge - INFO - process ingested knowledge for /app/data/tataelxsimockapisolutions5451/313/b861537/mytv-ott-hello-world-android-tv-91585-319/android_tv_frontend/build.gradle.kts
2025-11-20 10:18:27,253 - Knowledge - INFO - process ingested knowledge for /app/data/tataelxsimockapisolutions5451/313/b861537/mytv-ott-hello-world-android-tv-91585-319/android_tv_frontend/list/build/intermediates/incremental/lintAnalyzeDebugAndroidTest/debug-artifact-libraries.xml
2025-11-20 10:18:27,520 - Knowledge - INFO - Progress: 71.3% | Files: 169/181 | Rate: 0.45 files/sec | Queue: 0
2025-11-20 10:18:27,526 - Knowledge - INFO - Processing batch of 10 files
2025-11-20 10:18:27,780 - Knowledge - INFO - process ingested knowledge for /app/data/tataelxsimockapisolutions5451/313/b861537/mytv-ott-hello-world-android-tv-91585-319/android_tv_frontend/app/src/main/java/com/example/tv/TVApp.kt
2025-11-20 10:18:27,795 - Knowledge - INFO - process ingested knowledge for /app/data/tataelxsimockapisolutions5451/313/b861537/mytv-ott-hello-world-android-tv-91585-319/android_tv_frontend/app/build.gradle
2025-11-20 10:18:27,933 - Knowledge - INFO - process ingested knowledge for /app/data/tataelxsimockapisolutions5451/313/b861537/mytv-ott-hello-world-android-tv-91585-319/android_tv_frontend/utilities/build/intermediates/lint_report_lint_model/debug/generateDebugLintReportModel/debug-artifact-dependencies.xml
2025-11-20 10:18:28,086 - Knowledge - INFO - process ingested knowledge for /app/data/tataelxsimockapisolutions5451/313/b861537/mytv-ott-hello-world-android-tv-91585-319/android_tv_frontend/app/src/main/java/com/example/tv/data/api/ApiModels.kt
2025-11-20 10:18:28,261 - Knowledge - INFO - process ingested knowledge for /app/data/tataelxsimockapisolutions5451/313/b861537/mytv-ott-hello-world-android-tv-91585-319/android_tv_frontend/utilities/build/intermediates/incremental/packageDebugAssets/merger.xml
2025-11-20 10:18:28,398 - Knowledge - INFO - process ingested knowledge for /app/data/tataelxsimockapisolutions5451/313/b861537/mytv-ott-hello-world-android-tv-91585-319/android_tv_frontend/utilities/build/intermediates/lint_report_lint_model/debug/generateDebugLintReportModel/debug-artifact-libraries.xml
2025-11-20 10:18:28,472 - Knowledge - INFO - process ingested knowledge for /app/data/tataelxsimockapisolutions5451/313/b861537/mytv-ott-hello-world-android-tv-91585-319/android_tv_frontend/app/src/main/res/values/dimens.xml
2025-11-20 10:18:28,652 - Knowledge - INFO - process ingested knowledge for /app/data/tataelxsimockapisolutions5451/313/b861537/mytv-ott-hello-world-android-tv-91585-319/android_tv_frontend/list/build/intermediates/android_test_lint_model/debug/generateDebugAndroidTestLintModel/module.xml
2025-11-20 10:18:28,744 - Knowledge - INFO - [LLM_CALL] Completed: ContentInfoActivity.kt:chunk1, Duration: 15018ms, PromptTokens: 6422, CompletionTokens: 734, Cost: $0.00094
2025-11-20 10:18:28,747 - Knowledge - INFO - process ingested knowledge for /app/data/tataelxsimockapisolutions5451/313/b861537/mytv-ott-hello-world-android-tv-91585-319/android_tv_frontend/app/src/main/res/layout/view_thumb_card.xml
2025-11-20 10:18:28,911 - Knowledge - INFO - process ingested knowledge for /app/data/tataelxsimockapisolutions5451/313/b861537/mytv-ott-hello-world-android-tv-91585-319/android_tv_frontend/app/src/main/res/values/missing_theme_resources.xml
2025-11-20 10:18:28,997 - Knowledge - INFO - process ingested knowledge for /app/data/tataelxsimockapisolutions5451/313/b861537/mytv-ott-hello-world-android-tv-91585-319/android_tv_frontend/utilities/build/intermediates/incremental/lintAnalyzeDebugAndroidTest/module.xml
2025-11-20 10:18:29,082 - Knowledge - INFO - process ingested knowledge for /app/data/tataelxsimockapisolutions5451/313/b861537/mytv-ott-hello-world-android-tv-91585-319/android_tv_frontend/app/src/main/res/color/loader_blue_color.xml
2025-11-20 10:18:29,214 - Knowledge - INFO - process ingested knowledge for /app/data/tataelxsimockapisolutions5451/313/b861537/mytv-ott-hello-world-android-tv-91585-319/android_tv_frontend/list/build/reports/lint-results-debug.html
2025-11-20 10:18:29,351 - Knowledge - INFO - process ingested knowledge for /app/data/tataelxsimockapisolutions5451/313/b861537/mytv-ott-hello-world-android-tv-91585-319/android_tv_frontend/app/src/main/res/values/missing_nord_colors.xml
2025-11-20 10:18:29,479 - Knowledge - INFO - process ingested knowledge for /app/data/tataelxsimockapisolutions5451/313/b861537/mytv-ott-hello-world-android-tv-91585-319/android_tv_frontend/utilities/build/intermediates/incremental/mergeDebugJniLibFolders/merger.xml
2025-11-20 10:18:29,559 - Knowledge - INFO - process ingested knowledge for /app/data/tataelxsimockapisolutions5451/313/b861537/mytv-ott-hello-world-android-tv-91585-319/android_tv_frontend/utilities/src/main/kotlin/org/example/utilities/SplitUtils.kt
2025-11-20 10:18:29,646 - Knowledge - INFO - process ingested knowledge for /app/data/tataelxsimockapisolutions5451/313/b861537/mytv-ott-hello-world-android-tv-91585-319/android_tv_frontend/list/build/intermediates/incremental/packageDebugAssets/merger.xml
2025-11-20 10:18:29,747 - Knowledge - INFO - process ingested knowledge for /app/data/tataelxsimockapisolutions5451/313/b861537/mytv-ott-hello-world-android-tv-91585-319/android_tv_frontend/utilities/build/intermediates/annotation_processor_list/release/javaPreCompileRelease/annotationProcessors.json
2025-11-20 10:18:29,828 - Knowledge - INFO - process ingested knowledge for /app/data/tataelxsimockapisolutions5451/313/b861537/mytv-ott-hello-world-android-tv-91585-319/android_tv_frontend/utilities/build/intermediates/lint_report_lint_model/debug/generateDebugLintReportModel/module.xml
2025-11-20 10:18:30,010 - Knowledge - INFO - process ingested knowledge for /app/data/tataelxsimockapisolutions5451/313/b861537/mytv-ott-hello-world-android-tv-91585-319/android_tv_frontend/list/build/intermediates/android_test_lint_model/debug/generateDebugAndroidTestLintModel/debug.xml
2025-11-20 10:18:30,211 - Knowledge - INFO - done ingest for /app/data/tataelxsimockapisolutions5451/313/b861537/mytv-ott-hello-world-android-tv-91585-319/android_tv_frontend/app/src/main/java/com/example/tv/ui/content/ContentInfoActivity.kt
2025-11-20 10:18:30,219 - Knowledge - INFO - [WEBSOCKET] Sent: Type=progress_update, Size: 289, Duration: 0ms
2025-11-20 10:18:30,350 - Knowledge - INFO - process ingested knowledge for /app/data/tataelxsimockapisolutions5451/313/b861537/mytv-ott-hello-world-android-tv-91585-319/android_tv_frontend/list/build/intermediates/incremental/lintAnalyzeDebugAndroidTest/debug-artifact-dependencies.xml
2025-11-20 10:18:30,567 - Knowledge - INFO - process ingested knowledge for /app/data/tataelxsimockapisolutions5451/313/b861537/mytv-ott-hello-world-android-tv-91585-319/android_tv_frontend/app/src/main/java/com/example/tv/ui/home/ImageCacheUtils.kt
2025-11-20 10:18:30,679 - Knowledge - INFO - process ingested knowledge for /app/data/tataelxsimockapisolutions5451/313/b861537/mytv-ott-hello-world-android-tv-91585-319/android_tv_frontend/app/src/main/res/drawable/bg_content_info_gradient.xml
2025-11-20 10:18:30,680 - Knowledge - INFO - process ingested knowledge for /app/data/tataelxsimockapisolutions5451/313/b861537/mytv-ott-hello-world-android-tv-91585-319/android_tv_frontend/README.md
2025-11-20 10:18:30,800 - Knowledge - INFO - process ingested knowledge for /app/data/tataelxsimockapisolutions5451/313/b861537/mytv-ott-hello-world-android-tv-91585-319/android_tv_frontend/app/src/main/java/com/example/tv/ui/home/HomeViewModel.kt
2025-11-20 10:18:30,927 - Knowledge - INFO - process ingested knowledge for /app/data/tataelxsimockapisolutions5451/313/b861537/mytv-ott-hello-world-android-tv-91585-319/android_tv_frontend/utilities/build/intermediates/lint_report_lint_model/debug/generateDebugLintReportModel/debug.xml
2025-11-20 10:18:30,988 - Knowledge - INFO - process ingested knowledge for /app/data/tataelxsimockapisolutions5451/313/b861537/mytv-ott-hello-world-android-tv-91585-319/android_tv_frontend/ANDROID_PROJECT_ROOT_README.md
2025-11-20 10:18:31,103 - Knowledge - INFO - process ingested knowledge for /app/data/tataelxsimockapisolutions5451/313/b861537/mytv-ott-hello-world-android-tv-91585-319/android_tv_frontend/app/src/main/java/com/example/tv/MainActivity.kt
2025-11-20 10:18:31,221 - Knowledge - INFO - process ingested knowledge for /app/data/tataelxsimockapisolutions5451/313/b861537/mytv-ott-hello-world-android-tv-91585-319/android_tv_frontend/utilities/consumer-rules.pro
2025-11-20 10:18:31,223 - Knowledge - INFO - process ingested knowledge for /app/data/tataelxsimockapisolutions5451/313/b861537/mytv-ott-hello-world-android-tv-91585-319/android_tv_frontend/utilities/build/intermediates/lint-cache/lintAnalyzeDebug/maven.google/androidx/annotation/group-index.xml
2025-11-20 10:18:31,286 - Knowledge - INFO - process ingested knowledge for /app/data/tataelxsimockapisolutions5451/313/b861537/mytv-ott-hello-world-android-tv-91585-319/android_tv_frontend/app/src/main/res/drawable/ic_record.xml
2025-11-20 10:18:31,358 - Knowledge - INFO - process ingested knowledge for /app/data/tataelxsimockapisolutions5451/313/b861537/mytv-ott-hello-world-android-tv-91585-319/android_tv_frontend/app/src/main/java/com/example/tv/data/CategoryRepository.kt
2025-11-20 10:18:31,634 - Knowledge - INFO - [WEBSOCKET] Sent: Type=unknown, Size: ?, Duration: 1416ms
2025-11-20 10:18:31,743 - Knowledge - INFO - process ingested knowledge for /app/data/tataelxsimockapisolutions5451/313/b861537/mytv-ott-hello-world-android-tv-91585-319/android_tv_frontend/utilities/build/intermediates/unit_test_lint_model/debug/generateDebugUnitTestLintModel/module.xml
2025-11-20 10:18:31,782 - Knowledge - INFO - process ingested knowledge for /app/data/tataelxsimockapisolutions5451/313/b861537/mytv-ott-hello-world-android-tv-91585-319/android_tv_frontend/app/src/main/res/values/more_nord_colors.xml
2025-11-20 10:18:31,888 - Knowledge - INFO - process ingested knowledge for /app/data/tataelxsimockapisolutions5451/313/b861537/mytv-ott-hello-world-android-tv-91585-319/android_tv_frontend/list/build/intermediates/unit_test_lint_model/debug/generateDebugUnitTestLintModel/debug-artifact-dependencies.xml
2025-11-20 10:18:32,004 - Knowledge - INFO - process ingested knowledge for /app/data/tataelxsimockapisolutions5451/313/b861537/mytv-ott-hello-world-android-tv-91585-319/android_tv_frontend/app/src/main/res/xml/leanback_launcher.xml
2025-11-20 10:18:32,124 - Knowledge - INFO - process ingested knowledge for /app/data/tataelxsimockapisolutions5451/313/b861537/mytv-ott-hello-world-android-tv-91585-319/android_tv_frontend/utilities/build/intermediates/unit_test_lint_model/debug/generateDebugUnitTestLintModel/debug-artifact-libraries.xml
2025-11-20 10:18:32,229 - Knowledge - INFO - process ingested knowledge for /app/data/tataelxsimockapisolutions5451/313/b861537/mytv-ott-hello-world-android-tv-91585-319/android_tv_frontend/list/build/intermediates/android_test_lint_model/debug/generateDebugAndroidTestLintModel/debug-artifact-libraries.xml
2025-11-20 10:18:32,319 - Knowledge - INFO - process ingested knowledge for /app/data/tataelxsimockapisolutions5451/313/b861537/mytv-ott-hello-world-android-tv-91585-319/android_tv_frontend/list/build/intermediates/incremental/mergeDebugJniLibFolders/merger.xml
2025-11-20 10:18:32,529 - Knowledge - INFO - process ingested knowledge for /app/data/tataelxsimockapisolutions5451/313/b861537/mytv-ott-hello-world-android-tv-91585-319/android_tv_frontend/app/src/main/res/drawable/ic_bell.xml
2025-11-20 10:18:32,613 - Knowledge - INFO - process ingested knowledge for /app/data/tataelxsimockapisolutions5451/313/b861537/mytv-ott-hello-world-android-tv-91585-319/android_tv_frontend/list/build/intermediates/lint-cache/lintAnalyzeDebug/maven.google/androidx/annotation/group-index.xml
2025-11-20 10:18:32,708 - Knowledge - INFO - process ingested knowledge for /app/data/tataelxsimockapisolutions5451/313/b861537/mytv-ott-hello-world-android-tv-91585-319/android_tv_frontend/list/build/intermediates/incremental/lintAnalyzeDebug/module.xml
2025-11-20 10:18:32,879 - Knowledge - INFO - Progress: 93.4% | Files: 169/181 | Rate: 0.45 files/sec | Queue: 0
2025-11-20 10:18:32,881 - Knowledge - INFO - [LLM_CALL] Completed: HomeActivity.kt:chunk1, Duration: 17514ms, PromptTokens: 7654, CompletionTokens: 642, Cost: $0.00102
2025-11-20 10:18:33,067 - Knowledge - INFO - process ingested knowledge for /app/data/tataelxsimockapisolutions5451/313/b861537/mytv-ott-hello-world-android-tv-91585-319/android_tv_frontend/list/build/intermediates/incremental/lintAnalyzeDebugUnitTest/debug.xml
2025-11-20 10:18:33,186 - Knowledge - INFO - process ingested knowledge for /app/data/tataelxsimockapisolutions5451/313/b861537/mytv-ott-hello-world-android-tv-91585-319/android_tv_frontend/utilities/build/intermediates/incremental/release/packageReleaseResources/merger.xml
2025-11-20 10:18:33,187 - Knowledge - INFO - process ingested knowledge for /app/data/tataelxsimockapisolutions5451/313/b861537/mytv-ott-hello-world-android-tv-91585-319/android_tv_frontend/utilities/build/intermediates/incremental/lintAnalyzeDebugAndroidTest/debug-artifact-dependencies.xml
2025-11-20 10:18:33,390 - Knowledge - INFO - process ingested knowledge for /app/data/tataelxsimockapisolutions5451/313/b861537/mytv-ott-hello-world-android-tv-91585-319/android_tv_frontend/move_apk.sh
2025-11-20 10:18:33,392 - Knowledge - INFO - process ingested knowledge for /app/data/tataelxsimockapisolutions5451/313/b861537/mytv-ott-hello-world-android-tv-91585-319/android_tv_frontend/app/src/main/res/layout/activity_home.xml
2025-11-20 10:18:33,482 - Knowledge - INFO - process ingested knowledge for /app/data/tataelxsimockapisolutions5451/313/b861537/mytv-ott-hello-world-android-tv-91585-319/android_tv_frontend/list/build/intermediates/lint_model/debug/generateDebugLintModel/debug-artifact-libraries.xml
2025-11-20 10:18:33,661 - Knowledge - INFO - process ingested knowledge for /app/data/tataelxsimockapisolutions5451/313/b861537/mytv-ott-hello-world-android-tv-91585-319/android_tv_frontend/app/src/main/res/drawable/sub_hbo.xml
2025-11-20 10:18:33,808 - Knowledge - INFO - process ingested knowledge for /app/data/tataelxsimockapisolutions5451/313/b861537/mytv-ott-hello-world-android-tv-91585-319/android_tv_frontend/app/src/main/res/layout/view_action_button.xml
2025-11-20 10:18:34,037 - Knowledge - INFO - done ingest for /app/data/tataelxsimockapisolutions5451/313/b861537/mytv-ott-hello-world-android-tv-91585-319/android_tv_frontend/app/src/main/java/com/example/tv/ui/home/HomeActivity.kt
2025-11-20 10:18:34,297 - Knowledge - INFO - process ingested knowledge for /app/data/tataelxsimockapisolutions5451/313/b861537/mytv-ott-hello-world-android-tv-91585-319/android_tv_frontend/utilities/build/intermediates/unit_test_lint_model/debug/generateDebugUnitTestLintModel/debug-artifact-dependencies.xml
2025-11-20 10:18:34,444 - Knowledge - INFO - process ingested knowledge for /app/data/tataelxsimockapisolutions5451/313/b861537/mytv-ott-hello-world-android-tv-91585-319/android_tv_frontend/list/build/intermediates/lint_report_lint_model/debug/generateDebugLintReportModel/debug.xml
2025-11-20 10:18:34,579 - Knowledge - INFO - process ingested knowledge for /app/data/tataelxsimockapisolutions5451/313/b861537/mytv-ott-hello-world-android-tv-91585-319/android_tv_frontend/app/src/main/res/values/missing_dimens.xml
2025-11-20 10:18:34,658 - Knowledge - INFO - process ingested knowledge for /app/data/tataelxsimockapisolutions5451/313/b861537/mytv-ott-hello-world-android-tv-91585-319/android_tv_frontend/list/build/intermediates/unit_test_lint_model/debug/generateDebugUnitTestLintModel/debug-artifact-libraries.xml
2025-11-20 10:18:34,719 - Knowledge - INFO - process ingested knowledge for /app/data/tataelxsimockapisolutions5451/313/b861537/mytv-ott-hello-world-android-tv-91585-319/android_tv_frontend/utilities/build/intermediates/android_test_lint_model/debug/generateDebugAndroidTestLintModel/debug-artifact-libraries.xml
2025-11-20 10:18:34,863 - Knowledge - INFO - process ingested knowledge for /app/data/tataelxsimockapisolutions5451/313/b861537/mytv-ott-hello-world-android-tv-91585-319/android_tv_frontend/README_PROJECT_ROOT.md
2025-11-20 10:18:34,936 - Knowledge - INFO - process ingested knowledge for /app/data/tataelxsimockapisolutions5451/313/b861537/mytv-ott-hello-world-android-tv-91585-319/android_tv_frontend/app/src/main/res/drawable/tag_status.xml
2025-11-20 10:18:35,168 - Knowledge - INFO - process ingested knowledge for /app/data/tataelxsimockapisolutions5451/313/b861537/mytv-ott-hello-world-android-tv-91585-319/android_tv_frontend/list/build/intermediates/incremental/lintAnalyzeDebugAndroidTest/module.xml
2025-11-20 10:18:35,463 - Knowledge - INFO - process ingested knowledge for /app/data/tataelxsimockapisolutions5451/313/b861537/mytv-ott-hello-world-android-tv-91585-319/android_tv_frontend/utilities/build/intermediates/incremental/lintAnalyzeDebugAndroidTest/debug-artifact-libraries.xml
2025-11-20 10:18:35,464 - Knowledge - INFO - process ingested knowledge for /app/data/tataelxsimockapisolutions5451/313/b861537/mytv-ott-hello-world-android-tv-91585-319/android_tv_frontend/app/src/main/java/com/example/tv/data/api/dto/Mappers.kt
2025-11-20 10:18:35,466 - Knowledge - INFO - process ingested knowledge for /app/data/tataelxsimockapisolutions5451/313/b861537/mytv-ott-hello-world-android-tv-91585-319/android_tv_frontend/utilities/build/intermediates/incremental/lintAnalyzeDebug/debug.xml
2025-11-20 10:18:35,621 - Knowledge - INFO - process ingested knowledge for /app/data/tataelxsimockapisolutions5451/313/b861537/mytv-ott-hello-world-android-tv-91585-319/android_tv_frontend/list/build/intermediates/annotation_processor_list/debugUnitTest/javaPreCompileDebugUnitTest/annotationProcessors.json
2025-11-20 10:18:35,948 - Knowledge - INFO - Processing batch of 12 files
2025-11-20 10:18:36,242 - Knowledge - INFO - process ingested knowledge for /app/data/tataelxsimockapisolutions5451/313/b861537/mytv-ott-hello-world-android-tv-91585-319/android_tv_frontend/app/src/main/java/com/example/tv/ui/content/ContentInfoActivity.kt
2025-11-20 10:18:36,275 - Knowledge - INFO - process ingested knowledge for /app/data/tataelxsimockapisolutions5451/313/b861537/mytv-ott-hello-world-android-tv-91585-319/android_tv_frontend/app/src/main/res/drawable/ic_launcher_foreground.xml
2025-11-20 10:18:36,649 - Knowledge - INFO - process ingested knowledge for /app/data/tataelxsimockapisolutions5451/313/b861537/mytv-ott-hello-world-android-tv-91585-319/android_tv_frontend/app/src/main/res/drawable/pill_button_background.xml
2025-11-20 10:18:36,652 - Knowledge - INFO - process ingested knowledge for /app/data/tataelxsimockapisolutions5451/313/b861537/mytv-ott-hello-world-android-tv-91585-319/android_tv_frontend/app/src/main/java/com/example/tv/ui/login/LoginActivity.kt
2025-11-20 10:18:36,723 - Knowledge - INFO - [WEBSOCKET] Sent: Type=progress_update, Size: 289, Duration: 0ms
2025-11-20 10:18:36,723 - Knowledge - INFO - process ingested knowledge for /app/data/tataelxsimockapisolutions5451/313/b861537/mytv-ott-hello-world-android-tv-91585-319/android_tv_frontend/app/src/main/res/drawable/ic_favorite.xml
2025-11-20 10:18:36,723 - Knowledge - INFO - process ingested knowledge for /app/data/tataelxsimockapisolutions5451/313/b861537/mytv-ott-hello-world-android-tv-91585-319/android_tv_frontend/utilities/build/intermediates/annotation_processor_list/releaseUnitTest/javaPreCompileReleaseUnitTest/annotationProcessors.json
2025-11-20 10:18:36,806 - Knowledge - INFO - process ingested knowledge for /app/data/tataelxsimockapisolutions5451/313/b861537/mytv-ott-hello-world-android-tv-91585-319/android_tv_frontend/utilities/build/reports/lint-results-debug.html
2025-11-20 10:18:36,807 - Knowledge - INFO - process ingested knowledge for /app/data/tataelxsimockapisolutions5451/313/b861537/mytv-ott-hello-world-android-tv-91585-319/android_tv_frontend/app/src/main/res/drawable/ic_audio_subtitle_button.xml
2025-11-20 10:18:36,943 - Knowledge - INFO - process ingested knowledge for /app/data/tataelxsimockapisolutions5451/313/b861537/mytv-ott-hello-world-android-tv-91585-319/android_tv_frontend/list/build/intermediates/incremental/lintAnalyzeDebug/debug.xml
2025-11-20 10:18:37,057 - Knowledge - INFO - [WEBSOCKET] Sent: Type=unknown, Size: ?, Duration: 334ms
2025-11-20 10:18:37,173 - Knowledge - INFO - process ingested knowledge for /app/data/tataelxsimockapisolutions5451/313/b861537/mytv-ott-hello-world-android-tv-91585-319/android_tv_frontend/app/src/main/res/drawable/card_bg.xml
2025-11-20 10:18:37,592 - Knowledge - INFO - Progress: 100.0% | Files: 181/181 | Rate: 0.47 files/sec | Queue: 0
2025-11-20 10:18:37,601 - Knowledge - INFO - process ingested knowledge for /app/data/tataelxsimockapisolutions5451/313/b861537/mytv-ott-hello-world-android-tv-91585-319/android_tv_frontend/app/src/main/res/drawable/thumb_4.xml
2025-11-20 10:18:37,602 - Knowledge - INFO - process ingested knowledge for /app/data/tataelxsimockapisolutions5451/313/b861537/mytv-ott-hello-world-android-tv-91585-319/android_tv_frontend/app/src/main/res/drawable/thumb_2.xml
2025-11-20 10:18:38,057 - Knowledge - INFO - process ingested knowledge for /app/data/tataelxsimockapisolutions5451/313/b861537/mytv-ott-hello-world-android-tv-91585-319/android_tv_frontend/comm_and_push.sh
2025-11-20 10:18:38,345 - Knowledge - INFO - process ingested knowledge for /app/data/tataelxsimockapisolutions5451/313/b861537/mytv-ott-hello-world-android-tv-91585-319/android_tv_frontend/app/src/test/java/com/example/tv/ui/home/FocusMappingTest.kt
2025-11-20 10:18:38,533 - Knowledge - INFO - process ingested knowledge for /app/data/tataelxsimockapisolutions5451/313/b861537/mytv-ott-hello-world-android-tv-91585-319/android_tv_frontend/app/src/main/java/com/example/tv/ui/home/HomeActivity.kt
2025-11-20 10:18:38,995 - Knowledge - INFO - process ingested knowledge for /app/data/tataelxsimockapisolutions5451/313/b861537/mytv-ott-hello-world-android-tv-91585-319/android_tv_frontend/app/src/main/res/drawable/button_icon_background.xml
2025-11-20 10:18:39,296 - Knowledge - INFO - process ingested knowledge for /app/data/tataelxsimockapisolutions5451/313/b861537/mytv-ott-hello-world-android-tv-91585-319/android_tv_frontend/app/src/main/res/drawable/thumb_3.xml
2025-11-20 10:18:39,728 - Knowledge - INFO - process ingested knowledge for /app/data/tataelxsimockapisolutions5451/313/b861537/mytv-ott-hello-world-android-tv-91585-319/android_tv_frontend/app/src/main/res/drawable/sub_disney.xml
2025-11-20 10:18:40,220 - Knowledge - INFO - process ingested knowledge for /app/data/tataelxsimockapisolutions5451/313/b861537/mytv-ott-hello-world-android-tv-91585-319/android_tv_frontend/utilities/build/intermediates/merged_manifest/debug/processDebugManifest/AndroidManifest.xml
2025-11-20 10:18:40,410 - Knowledge - INFO - process ingested knowledge for /app/data/tataelxsimockapisolutions5451/313/b861537/mytv-ott-hello-world-android-tv-91585-319/android_tv_frontend/app/src/main/res/drawable/thumb_6.xml
2025-11-20 10:18:40,745 - Knowledge - INFO - process ingested knowledge for /app/data/tataelxsimockapisolutions5451/313/b861537/mytv-ott-hello-world-android-tv-91585-319/android_tv_frontend/list/build/intermediates/merged_manifest/debug/processDebugManifest/AndroidManifest.xml
2025-11-20 10:18:40,934 - Knowledge - INFO - process ingested knowledge for /app/data/tataelxsimockapisolutions5451/313/b861537/mytv-ott-hello-world-android-tv-91585-319/android_tv_frontend/app/src/main/res/values/text_appearances.xml
2025-11-20 10:18:41,118 - Knowledge - INFO - process ingested knowledge for /app/data/tataelxsimockapisolutions5451/313/b861537/mytv-ott-hello-world-android-tv-91585-319/android_tv_frontend/app/src/main/res/values/theme_expressive_loader_overlay.xml
2025-11-20 10:18:42,175 - Knowledge - INFO - Knowledge creation complete
2025-11-20 10:18:42,350 - Knowledge - INFO - ==================================================
2025-11-20 10:18:42,499 - Knowledge - INFO - KNOWLEDGE GRAPH GENERATION PERFORMANCE SUMMARY
2025-11-20 10:18:42,664 - Knowledge - INFO - ==================================================
2025-11-20 10:18:42,847 - Knowledge - INFO - Total processing time: 391.29 seconds (6.52 minutes)
2025-11-20 10:18:43,038 - Knowledge - INFO - Files processed: 0
2025-11-20 10:18:43,215 - Knowledge - INFO - Processing rate: 0.00 files/second
2025-11-20 10:18:43,410 - Knowledge - INFO - 
[TIME_BREAKDOWN]
2025-11-20 10:18:43,597 - Knowledge - INFO - File Reading: 0.40s (0.1%)
2025-11-20 10:18:43,782 - Knowledge - INFO - LLM Processing: 54.08s (13.8%)
2025-11-20 10:18:43,968 - Knowledge - INFO - MongoDB Operations: 0.00s (0.0%)
2025-11-20 10:18:44,169 - Knowledge - INFO - Redis Operations: 0.00s (0.0%)
2025-11-20 10:18:44,352 - Knowledge - INFO - WebSocket Communication: 5.01s (1.3%)
2025-11-20 10:18:44,505 - Knowledge - INFO - Other Overhead: 331.80s (84.8%)
2025-11-20 10:18:44,690 - Knowledge - INFO - 
[LLM_STATS]
2025-11-20 10:18:44,858 - Knowledge - INFO - Total LLM calls: 5
2025-11-20 10:18:45,075 - Knowledge - INFO - Average LLM response time: 10816ms
2025-11-20 10:18:45,257 - Knowledge - INFO - Average prompt tokens: 9049.6
2025-11-20 10:18:45,460 - Knowledge - INFO - Average completion tokens: 493.8
2025-11-20 10:18:45,650 - Knowledge - INFO - Total prompt tokens: 45248
2025-11-20 10:18:45,865 - Knowledge - INFO - Total completion tokens: 2469
2025-11-20 10:18:46,023 - Knowledge - INFO - Total LLM cost: $0.0055
2025-11-20 10:18:46,186 - Knowledge - INFO - 
[DATABASE_STATS]
2025-11-20 10:18:46,389 - Knowledge - INFO - MongoDB operations: 0
2025-11-20 10:18:46,583 - Knowledge - INFO - Redis operations: 0
2025-11-20 10:18:46,765 - Knowledge - INFO - 
[COMMUNICATION_STATS]
2025-11-20 10:18:46,945 - Knowledge - INFO - WebSocket messages sent: 6
2025-11-20 10:18:47,141 - Knowledge - INFO - Average message size: 145.2 bytes
2025-11-20 10:18:47,308 - Knowledge - INFO - 
[WORKER_STATS]
2025-11-20 10:18:47,480 - Knowledge - INFO - 
[FILE_TYPE_STATS]
2025-11-20 10:18:47,673 - Knowledge - INFO - 
[SLOWEST_FILES]
2025-11-20 10:18:47,874 - Knowledge - INFO - ==================================================
2025-11-20 10:18:48,031 - Knowledge - INFO - ==================================================
2025-11-20 10:18:48,177 - Knowledge - INFO - KNOWLEDGE GRAPH GENERATION PERFORMANCE SUMMARY
2025-11-20 10:18:48,383 - Knowledge - INFO - ==================================================
2025-11-20 10:18:48,561 - Knowledge - INFO - Total processing time: 397.03 seconds (6.62 minutes)
2025-11-20 10:18:48,722 - Knowledge - INFO - Files processed: 181 of 181
2025-11-20 10:18:48,947 - Knowledge - INFO - Processing rate: 0.46 files/second
2025-11-20 10:18:49,093 - Knowledge - INFO - WebSocket messages sent: 3
2025-11-20 10:18:49,290 - Knowledge - INFO - MongoDB operations: 181
2025-11-20 10:18:49,453 - Knowledge - INFO - Average MongoDB ops per file: 1.00
2025-11-20 10:18:49,667 - Knowledge - INFO - LLM costs: $0.0081
2025-11-20 10:18:49,853 - Knowledge - INFO - Prompt tokens: 70420
2025-11-20 10:18:50,040 - Knowledge - INFO - Completion tokens: 2577
2025-11-20 10:18:50,237 - Knowledge - INFO - Updating org costs, total cost: 0.008072799999999998
2025-11-20 10:18:50,417 - Knowledge - INFO - [WEBSOCKET] Sent: Type=progress_update, Size: 268, Duration: 0ms
2025-11-20 10:18:50,592 - Knowledge - INFO - Saving knowledge to Redis...
2025-11-20 10:18:50,878 - Knowledge - INFO - Knowledge saved to Redis successfully
